developer_id,infra_parameter,config_time,deployment_phase,spec_value
DEV_0001,region_zone,2026-09-22T16:19:29,Cluster_Spec,eu-central-1a
DEV_0001,instance_family,2026-09-22T16:20:09,Compute_Tier,c6i.large_compute
DEV_0001,disk_type,2026-09-22T16:20:33,Storage_Config,st1_throughput_hdd
DEV_0001,storage_size,2026-09-22T16:20:44,Storage_Config,100_GB
DEV_0001,storage_size,2026-09-22T16:21:13,Storage_Config,500_GB
DEV_0001,backup_cadence,2026-09-22T16:21:28,Network_VPC,Weekly_Archive
DEV_0001,instance_family,2026-09-22T16:21:42,Review_Deploy,m6i.2xlarge_balanced
DEV_0002,region_zone,2026-09-22T18:17:11,Cluster_Spec,us-west-2b
DEV_0002,instance_family,2026-09-22T18:17:31,Compute_Tier,m6i.2xlarge_balanced
DEV_0002,disk_type,2026-09-22T18:17:57,Storage_Config,gp3_general_ssd
DEV_0002,storage_size,2026-09-22T18:18:09,Storage_Config,100_GB
DEV_0002,backup_cadence,2026-09-22T18:18:48,Network_VPC,Weekly_Archive
DEV_0002,backup_cadence,2026-09-22T18:19:51,Network_VPC,No_Backups
DEV_0002,backup_cadence,2026-09-22T18:20:31,Network_VPC,Weekly_Archive
DEV_0002,instance_family,2026-09-22T18:20:59,Review_Deploy,c6i.large_compute
DEV_0002,instance_family,2026-09-22T18:21:24,Review_Deploy,t4g.nano_burstable
DEV_0003,region_zone,2026-09-22T20:27:16,Cluster_Spec,us-west-2b
DEV_0003,instance_family,2026-09-22T20:27:32,Compute_Tier,c6i.large_compute
DEV_0003,instance_family,2026-09-22T20:28:14,Compute_Tier,m6i.2xlarge_balanced
DEV_0003,instance_family,2026-09-22T20:29:07,Compute_Tier,c6i.large_compute
DEV_0003,instance_family,2026-09-22T20:29:59,Compute_Tier,m6i.2xlarge_balanced
DEV_0003,disk_type,2026-09-22T20:30:23,Storage_Config,gp3_general_ssd
DEV_0003,storage_size,2026-09-22T20:30:48,Storage_Config,10_TB
DEV_0003,backup_cadence,2026-09-22T20:31:19,Network_VPC,No_Backups
DEV_0003,instance_family,2026-09-22T20:31:45,Review_Deploy,m6i.2xlarge_balanced
DEV_0003,instance_family,2026-09-22T20:32:01,Review_Deploy,m6i.2xlarge_balanced
DEV_0003,instance_family,2026-09-22T20:32:20,Review_Deploy,c6i.large_compute
DEV_0003,instance_family,2026-09-22T20:32:35,Review_Deploy,m6i.2xlarge_balanced
DEV_0004,region_zone,2026-09-22T22:17:11,Cluster_Spec,eu-central-1a
DEV_0004,instance_family,2026-09-22T22:17:36,Compute_Tier,t4g.nano_burstable
DEV_0004,disk_type,2026-09-22T22:17:49,Storage_Config,gp3_general_ssd
DEV_0004,storage_size,2026-09-22T22:18:25,Storage_Config,2_TB
DEV_0004,backup_cadence,2026-09-22T22:18:35,Network_VPC,No_Backups
DEV_0004,instance_family,2026-09-22T22:19:02,Review_Deploy,m6i.2xlarge_balanced
DEV_0005,region_zone,2026-09-23T00:33:34,Cluster_Spec,eu-central-1a
DEV_0005,instance_family,2026-09-23T00:34:04,Compute_Tier,r6g.4xlarge_memory
DEV_0005,instance_family,2026-09-23T00:34:54,Compute_Tier,c6i.large_compute
DEV_0005,disk_type,2026-09-23T00:35:13,Storage_Config,gp3_general_ssd
DEV_0005,disk_type,2026-09-23T00:36:00,Storage_Config,st1_throughput_hdd
DEV_0005,storage_size,2026-09-23T00:36:12,Storage_Config,100_GB
DEV_0005,storage_size,2026-09-23T00:36:37,Storage_Config,10_TB
DEV_0005,backup_cadence,2026-09-23T00:36:57,Network_VPC,Weekly_Archive
DEV_0005,instance_family,2026-09-23T00:37:17,Review_Deploy,c6i.large_compute
DEV_0005,instance_family,2026-09-23T00:38:33,Review_Deploy,t4g.nano_burstable
DEV_0006,region_zone,2026-09-23T02:18:14,Cluster_Spec,eu-central-1a
DEV_0006,instance_family,2026-09-23T02:18:47,Compute_Tier,m6i.2xlarge_balanced
DEV_0006,disk_type,2026-09-23T02:19:06,Storage_Config,io2_high_iops_nvme
DEV_0006,storage_size,2026-09-23T02:19:32,Storage_Config,500_GB
DEV_0006,backup_cadence,2026-09-23T02:19:49,Network_VPC,No_Backups
DEV_0006,instance_family,2026-09-23T02:20:28,Review_Deploy,t4g.nano_burstable
DEV_0007,region_zone,2026-09-23T04:29:26,Cluster_Spec,eu-central-1a
DEV_0007,instance_family,2026-09-23T04:29:56,Compute_Tier,t4g.nano_burstable
DEV_0007,disk_type,2026-09-23T04:30:36,Storage_Config,io2_high_iops_nvme
DEV_0007,storage_size,2026-09-23T04:30:54,Storage_Config,500_GB
DEV_0007,backup_cadence,2026-09-23T04:31:08,Network_VPC,Daily_Snapshot
DEV_0007,instance_family,2026-09-23T04:31:23,Review_Deploy,c6i.large_compute
DEV_0008,region_zone,2026-09-23T06:33:27,Cluster_Spec,us-east-1a
DEV_0008,instance_family,2026-09-23T06:33:55,Compute_Tier,t4g.nano_burstable
DEV_0008,disk_type,2026-09-23T06:34:25,Storage_Config,io2_high_iops_nvme
DEV_0008,storage_size,2026-09-23T06:34:36,Storage_Config,500_GB
DEV_0008,backup_cadence,2026-09-23T06:35:02,Network_VPC,No_Backups
DEV_0008,instance_family,2026-09-23T06:35:32,Review_Deploy,r6g.4xlarge_memory
DEV_0009,region_zone,2026-09-23T08:35:10,Cluster_Spec,eu-central-1a
DEV_0009,instance_family,2026-09-23T08:35:46,Compute_Tier,t4g.nano_burstable
DEV_0009,disk_type,2026-09-23T08:36:23,Storage_Config,io2_high_iops_nvme
DEV_0009,storage_size,2026-09-23T08:36:54,Storage_Config,10_TB
DEV_0009,storage_size,2026-09-23T08:37:34,Storage_Config,100_GB
DEV_0009,backup_cadence,2026-09-23T08:37:47,Network_VPC,Daily_Snapshot
DEV_0009,instance_family,2026-09-23T08:37:59,Review_Deploy,t4g.nano_burstable
DEV_0010,region_zone,2026-09-23T10:18:11,Cluster_Spec,us-west-2b
DEV_0010,instance_family,2026-09-23T10:18:22,Compute_Tier,c6i.large_compute
DEV_0010,instance_family,2026-09-23T10:18:45,Compute_Tier,m6i.2xlarge_balanced
DEV_0010,instance_family,2026-09-23T10:19:10,Compute_Tier,c6i.large_compute
DEV_0010,instance_family,2026-09-23T10:20:00,Compute_Tier,m6i.2xlarge_balanced
DEV_0010,disk_type,2026-09-23T10:20:30,Storage_Config,st1_throughput_hdd
DEV_0010,storage_size,2026-09-23T10:20:44,Storage_Config,10_TB
DEV_0010,backup_cadence,2026-09-23T10:21:01,Network_VPC,Weekly_Archive
DEV_0010,instance_family,2026-09-23T10:21:20,Review_Deploy,t4g.nano_burstable
DEV_0010,instance_family,2026-09-23T10:21:44,Review_Deploy,m6i.2xlarge_balanced
DEV_0010,instance_family,2026-09-23T10:22:05,Review_Deploy,c6i.large_compute
DEV_0010,instance_family,2026-09-23T10:22:41,Review_Deploy,m6i.2xlarge_balanced
DEV_0011,region_zone,2026-09-23T12:42:16,Cluster_Spec,us-west-2b
DEV_0011,instance_family,2026-09-23T12:42:26,Compute_Tier,t4g.nano_burstable
DEV_0011,disk_type,2026-09-23T12:42:59,Storage_Config,io2_high_iops_nvme
DEV_0011,storage_size,2026-09-23T12:43:17,Storage_Config,10_TB
DEV_0011,storage_size,2026-09-23T12:43:49,Storage_Config,100_GB
DEV_0011,backup_cadence,2026-09-23T12:44:00,Network_VPC,Daily_Snapshot
DEV_0011,instance_family,2026-09-23T12:44:25,Review_Deploy,t4g.nano_burstable
DEV_0012,region_zone,2026-09-23T14:17:36,Cluster_Spec,ap-southeast-1c
DEV_0012,instance_family,2026-09-23T14:17:54,Compute_Tier,r6g.4xlarge_memory
DEV_0012,disk_type,2026-09-23T14:18:24,Storage_Config,gp3_general_ssd
DEV_0012,storage_size,2026-09-23T14:18:41,Storage_Config,100_GB
DEV_0012,storage_size,2026-09-23T14:19:25,Storage_Config,500_GB
DEV_0012,backup_cadence,2026-09-23T14:19:35,Network_VPC,No_Backups
DEV_0012,instance_family,2026-09-23T14:20:06,Review_Deploy,c6i.large_compute
DEV_0013,region_zone,2026-09-23T16:24:11,Cluster_Spec,us-east-1a
DEV_0013,instance_family,2026-09-23T16:24:32,Compute_Tier,m6i.2xlarge_balanced
DEV_0013,disk_type,2026-09-23T16:25:10,Storage_Config,gp3_general_ssd
DEV_0013,storage_size,2026-09-23T16:25:25,Storage_Config,10_TB
DEV_0013,storage_size,2026-09-23T16:26:04,Storage_Config,100_GB
DEV_0013,backup_cadence,2026-09-23T16:26:23,Network_VPC,Weekly_Archive
DEV_0013,instance_family,2026-09-23T16:26:46,Review_Deploy,t4g.nano_burstable
DEV_0014,region_zone,2026-09-23T18:24:12,Cluster_Spec,eu-central-1a
DEV_0014,instance_family,2026-09-23T18:24:31,Compute_Tier,r6g.4xlarge_memory
DEV_0014,instance_family,2026-09-23T18:25:04,Compute_Tier,m6i.2xlarge_balanced
DEV_0014,instance_family,2026-09-23T18:25:21,Compute_Tier,c6i.large_compute
DEV_0014,instance_family,2026-09-23T18:26:18,Compute_Tier,m6i.2xlarge_balanced
DEV_0014,disk_type,2026-09-23T18:26:31,Storage_Config,io2_high_iops_nvme
DEV_0014,storage_size,2026-09-23T18:26:56,Storage_Config,500_GB
DEV_0014,backup_cadence,2026-09-23T18:27:06,Network_VPC,Hourly_Snapshot
DEV_0014,instance_family,2026-09-23T18:27:42,Review_Deploy,r6g.4xlarge_memory
DEV_0014,instance_family,2026-09-23T18:28:42,Review_Deploy,m6i.2xlarge_balanced
DEV_0014,instance_family,2026-09-23T18:29:01,Review_Deploy,c6i.large_compute
DEV_0014,instance_family,2026-09-23T18:29:34,Review_Deploy,m6i.2xlarge_balanced
DEV_0015,region_zone,2026-09-23T20:14:20,Cluster_Spec,us-west-2b
DEV_0015,instance_family,2026-09-23T20:14:38,Compute_Tier,c6i.large_compute
DEV_0015,disk_type,2026-09-23T20:14:50,Storage_Config,io2_high_iops_nvme
DEV_0015,storage_size,2026-09-23T20:15:09,Storage_Config,2_TB
DEV_0015,backup_cadence,2026-09-23T20:15:45,Network_VPC,Daily_Snapshot
DEV_0015,backup_cadence,2026-09-23T20:16:40,Network_VPC,No_Backups
DEV_0015,backup_cadence,2026-09-23T20:17:32,Network_VPC,Daily_Snapshot
DEV_0015,instance_family,2026-09-23T20:18:07,Review_Deploy,r6g.4xlarge_memory
DEV_0015,instance_family,2026-09-23T20:18:27,Review_Deploy,m6i.2xlarge_balanced
DEV_0015,instance_family,2026-09-23T20:19:10,Review_Deploy,c6i.large_compute
DEV_0016,region_zone,2026-09-23T22:30:38,Cluster_Spec,eu-central-1a
DEV_0016,instance_family,2026-09-23T22:31:17,Compute_Tier,t4g.nano_burstable
DEV_0016,instance_family,2026-09-23T22:32:17,Compute_Tier,m6i.2xlarge_balanced
DEV_0016,instance_family,2026-09-23T22:33:06,Compute_Tier,c6i.large_compute
DEV_0016,instance_family,2026-09-23T22:34:03,Compute_Tier,m6i.2xlarge_balanced
DEV_0016,disk_type,2026-09-23T22:34:34,Storage_Config,gp3_general_ssd
DEV_0016,storage_size,2026-09-23T22:34:56,Storage_Config,100_GB
DEV_0016,backup_cadence,2026-09-23T22:35:21,Network_VPC,Daily_Snapshot
DEV_0016,instance_family,2026-09-23T22:35:42,Review_Deploy,c6i.large_compute
DEV_0016,instance_family,2026-09-23T22:36:22,Review_Deploy,m6i.2xlarge_balanced
DEV_0016,instance_family,2026-09-23T22:36:52,Review_Deploy,c6i.large_compute
DEV_0016,instance_family,2026-09-23T22:37:42,Review_Deploy,m6i.2xlarge_balanced
DEV_0017,region_zone,2026-09-24T00:17:19,Cluster_Spec,ap-southeast-1c
DEV_0017,instance_family,2026-09-24T00:17:41,Compute_Tier,c6i.large_compute
DEV_0017,disk_type,2026-09-24T00:18:20,Storage_Config,io2_high_iops_nvme
DEV_0017,storage_size,2026-09-24T00:18:37,Storage_Config,2_TB
DEV_0017,backup_cadence,2026-09-24T00:19:17,Network_VPC,Daily_Snapshot
DEV_0017,backup_cadence,2026-09-24T00:20:31,Network_VPC,Weekly_Archive
DEV_0017,instance_family,2026-09-24T00:20:54,Review_Deploy,m6i.2xlarge_balanced
DEV_0018,region_zone,2026-09-24T02:24:29,Cluster_Spec,us-west-2b
DEV_0018,instance_family,2026-09-24T02:24:44,Compute_Tier,t4g.nano_burstable
DEV_0018,disk_type,2026-09-24T02:25:14,Storage_Config,gp3_general_ssd
DEV_0018,storage_size,2026-09-24T02:25:32,Storage_Config,100_GB
DEV_0018,backup_cadence,2026-09-24T02:25:56,Network_VPC,Hourly_Snapshot
DEV_0018,backup_cadence,2026-09-24T02:26:57,Network_VPC,Weekly_Archive
DEV_0018,backup_cadence,2026-09-24T02:27:20,Network_VPC,Daily_Snapshot
DEV_0018,instance_family,2026-09-24T02:27:53,Review_Deploy,t4g.nano_burstable
DEV_0018,instance_family,2026-09-24T02:28:48,Review_Deploy,c6i.large_compute
DEV_0018,instance_family,2026-09-24T02:29:21,Review_Deploy,r6g.4xlarge_memory
DEV_0019,region_zone,2026-09-24T04:14:12,Cluster_Spec,us-east-1a
DEV_0019,instance_family,2026-09-24T04:14:36,Compute_Tier,t4g.nano_burstable
DEV_0019,instance_family,2026-09-24T04:15:15,Compute_Tier,m6i.2xlarge_balanced
DEV_0019,instance_family,2026-09-24T04:15:48,Compute_Tier,c6i.large_compute
DEV_0019,instance_family,2026-09-24T04:16:46,Compute_Tier,m6i.2xlarge_balanced
DEV_0019,disk_type,2026-09-24T04:17:17,Storage_Config,st1_throughput_hdd
DEV_0019,storage_size,2026-09-24T04:17:38,Storage_Config,2_TB
DEV_0019,backup_cadence,2026-09-24T04:18:18,Network_VPC,Weekly_Archive
DEV_0019,instance_family,2026-09-24T04:18:37,Review_Deploy,t4g.nano_burstable
DEV_0019,instance_family,2026-09-24T04:19:18,Review_Deploy,m6i.2xlarge_balanced
DEV_0019,instance_family,2026-09-24T04:19:33,Review_Deploy,c6i.large_compute
DEV_0019,instance_family,2026-09-24T04:20:03,Review_Deploy,m6i.2xlarge_balanced
DEV_0020,region_zone,2026-09-24T06:31:25,Cluster_Spec,us-east-1a
DEV_0020,instance_family,2026-09-24T06:32:05,Compute_Tier,t4g.nano_burstable
DEV_0020,instance_family,2026-09-24T06:32:29,Compute_Tier,m6i.2xlarge_balanced
DEV_0020,instance_family,2026-09-24T06:33:08,Compute_Tier,c6i.large_compute
DEV_0020,instance_family,2026-09-24T06:33:35,Compute_Tier,m6i.2xlarge_balanced
DEV_0020,disk_type,2026-09-24T06:34:04,Storage_Config,st1_throughput_hdd
DEV_0020,storage_size,2026-09-24T06:34:41,Storage_Config,2_TB
DEV_0020,backup_cadence,2026-09-24T06:35:12,Network_VPC,Daily_Snapshot
DEV_0020,instance_family,2026-09-24T06:35:39,Review_Deploy,m6i.2xlarge_balanced
DEV_0020,instance_family,2026-09-24T06:36:09,Review_Deploy,m6i.2xlarge_balanced
DEV_0020,instance_family,2026-09-24T06:36:27,Review_Deploy,c6i.large_compute
DEV_0020,instance_family,2026-09-24T06:37:09,Review_Deploy,m6i.2xlarge_balanced
DEV_0021,region_zone,2026-09-24T08:41:34,Cluster_Spec,us-east-1a
DEV_0021,instance_family,2026-09-24T08:42:11,Compute_Tier,r6g.4xlarge_memory
DEV_0021,disk_type,2026-09-24T08:42:45,Storage_Config,gp3_general_ssd
DEV_0021,storage_size,2026-09-24T08:43:03,Storage_Config,2_TB
DEV_0021,storage_size,2026-09-24T08:43:47,Storage_Config,100_GB
DEV_0021,backup_cadence,2026-09-24T08:44:17,Network_VPC,Weekly_Archive
DEV_0021,instance_family,2026-09-24T08:44:48,Review_Deploy,m6i.2xlarge_balanced
DEV_0022,region_zone,2026-09-24T10:15:11,Cluster_Spec,us-west-2b
DEV_0022,instance_family,2026-09-24T10:15:34,Compute_Tier,r6g.4xlarge_memory
DEV_0022,disk_type,2026-09-24T10:16:07,Storage_Config,st1_throughput_hdd
DEV_0022,storage_size,2026-09-24T10:16:47,Storage_Config,2_TB
DEV_0022,storage_size,2026-09-24T10:17:23,Storage_Config,100_GB
DEV_0022,backup_cadence,2026-09-24T10:17:50,Network_VPC,Weekly_Archive
DEV_0022,instance_family,2026-09-24T10:18:29,Review_Deploy,r6g.4xlarge_memory
DEV_0023,region_zone,2026-09-24T12:13:12,Cluster_Spec,ap-southeast-1c
DEV_0023,instance_family,2026-09-24T12:13:33,Compute_Tier,t4g.nano_burstable
DEV_0023,disk_type,2026-09-24T12:14:01,Storage_Config,st1_throughput_hdd
DEV_0023,storage_size,2026-09-24T12:14:26,Storage_Config,2_TB
DEV_0023,backup_cadence,2026-09-24T12:14:56,Network_VPC,Hourly_Snapshot
DEV_0023,instance_family,2026-09-24T12:15:21,Review_Deploy,t4g.nano_burstable
DEV_0024,region_zone,2026-09-24T14:29:38,Cluster_Spec,eu-central-1a
DEV_0024,instance_family,2026-09-24T14:29:55,Compute_Tier,c6i.large_compute
DEV_0024,disk_type,2026-09-24T14:30:07,Storage_Config,st1_throughput_hdd
DEV_0024,storage_size,2026-09-24T14:30:36,Storage_Config,500_GB
DEV_0024,backup_cadence,2026-09-24T14:30:46,Network_VPC,Hourly_Snapshot
DEV_0024,instance_family,2026-09-24T14:31:18,Review_Deploy,m6i.2xlarge_balanced
DEV_0025,region_zone,2026-09-24T16:13:24,Cluster_Spec,us-east-1a
DEV_0025,instance_family,2026-09-24T16:13:40,Compute_Tier,r6g.4xlarge_memory
DEV_0025,disk_type,2026-09-24T16:14:04,Storage_Config,gp3_general_ssd
DEV_0025,storage_size,2026-09-24T16:14:42,Storage_Config,500_GB
DEV_0025,storage_size,2026-09-24T16:15:21,Storage_Config,100_GB
DEV_0025,backup_cadence,2026-09-24T16:15:50,Network_VPC,Daily_Snapshot
DEV_0025,instance_family,2026-09-24T16:16:11,Review_Deploy,c6i.large_compute
DEV_0026,region_zone,2026-09-24T18:28:10,Cluster_Spec,us-east-1a
DEV_0026,instance_family,2026-09-24T18:28:33,Compute_Tier,r6g.4xlarge_memory
DEV_0026,disk_type,2026-09-24T18:29:02,Storage_Config,gp3_general_ssd
DEV_0026,storage_size,2026-09-24T18:29:41,Storage_Config,10_TB
DEV_0026,storage_size,2026-09-24T18:30:08,Storage_Config,100_GB
DEV_0026,backup_cadence,2026-09-24T18:30:27,Network_VPC,Daily_Snapshot
DEV_0026,instance_family,2026-09-24T18:30:58,Review_Deploy,t4g.nano_burstable
DEV_0027,region_zone,2026-09-24T20:45:29,Cluster_Spec,eu-central-1a
DEV_0027,instance_family,2026-09-24T20:46:06,Compute_Tier,r6g.4xlarge_memory
DEV_0027,disk_type,2026-09-24T20:46:33,Storage_Config,st1_throughput_hdd
DEV_0027,storage_size,2026-09-24T20:47:02,Storage_Config,100_GB
DEV_0027,storage_size,2026-09-24T20:47:26,Storage_Config,500_GB
DEV_0027,backup_cadence,2026-09-24T20:47:56,Network_VPC,No_Backups
DEV_0027,instance_family,2026-09-24T20:48:15,Review_Deploy,r6g.4xlarge_memory
DEV_0028,region_zone,2026-09-24T22:13:30,Cluster_Spec,us-west-2b
DEV_0028,instance_family,2026-09-24T22:14:03,Compute_Tier,r6g.4xlarge_memory
DEV_0028,disk_type,2026-09-24T22:14:22,Storage_Config,gp3_general_ssd
DEV_0028,storage_size,2026-09-24T22:15:01,Storage_Config,500_GB
DEV_0028,storage_size,2026-09-24T22:15:43,Storage_Config,100_GB
DEV_0028,backup_cadence,2026-09-24T22:15:57,Network_VPC,Weekly_Archive
DEV_0028,instance_family,2026-09-24T22:16:29,Review_Deploy,r6g.4xlarge_memory
DEV_0029,region_zone,2026-09-25T00:15:16,Cluster_Spec,ap-southeast-1c
DEV_0029,instance_family,2026-09-25T00:15:39,Compute_Tier,m6i.2xlarge_balanced
DEV_0029,instance_family,2026-09-25T00:15:59,Compute_Tier,m6i.2xlarge_balanced
DEV_0029,instance_family,2026-09-25T00:16:39,Compute_Tier,c6i.large_compute
DEV_0029,instance_family,2026-09-25T00:17:00,Compute_Tier,m6i.2xlarge_balanced
DEV_0029,disk_type,2026-09-25T00:17:32,Storage_Config,io2_high_iops_nvme
DEV_0029,storage_size,2026-09-25T00:18:01,Storage_Config,2_TB
DEV_0029,backup_cadence,2026-09-25T00:18:20,Network_VPC,Weekly_Archive
DEV_0029,instance_family,2026-09-25T00:18:52,Review_Deploy,r6g.4xlarge_memory
DEV_0029,instance_family,2026-09-25T00:19:38,Review_Deploy,m6i.2xlarge_balanced
DEV_0029,instance_family,2026-09-25T00:20:23,Review_Deploy,c6i.large_compute
DEV_0029,instance_family,2026-09-25T00:20:49,Review_Deploy,m6i.2xlarge_balanced
DEV_0030,region_zone,2026-09-25T02:29:28,Cluster_Spec,us-east-1a
DEV_0030,instance_family,2026-09-25T02:29:44,Compute_Tier,m6i.2xlarge_balanced
DEV_0030,instance_family,2026-09-25T02:30:22,Compute_Tier,m6i.2xlarge_balanced
DEV_0030,instance_family,2026-09-25T02:31:07,Compute_Tier,c6i.large_compute
DEV_0030,instance_family,2026-09-25T02:31:58,Compute_Tier,m6i.2xlarge_balanced
DEV_0030,disk_type,2026-09-25T02:32:28,Storage_Config,gp3_general_ssd
DEV_0030,storage_size,2026-09-25T02:32:39,Storage_Config,100_GB
DEV_0030,backup_cadence,2026-09-25T02:33:19,Network_VPC,Daily_Snapshot
DEV_0030,instance_family,2026-09-25T02:33:59,Review_Deploy,t4g.nano_burstable
DEV_0030,instance_family,2026-09-25T02:34:53,Review_Deploy,m6i.2xlarge_balanced
DEV_0030,instance_family,2026-09-25T02:35:09,Review_Deploy,c6i.large_compute
DEV_0030,instance_family,2026-09-25T02:36:09,Review_Deploy,m6i.2xlarge_balanced
DEV_0031,region_zone,2026-09-25T04:14:13,Cluster_Spec,us-west-2b
DEV_0031,instance_family,2026-09-25T04:14:46,Compute_Tier,t4g.nano_burstable
DEV_0031,disk_type,2026-09-25T04:14:56,Storage_Config,io2_high_iops_nvme
DEV_0031,storage_size,2026-09-25T04:15:11,Storage_Config,500_GB
DEV_0031,backup_cadence,2026-09-25T04:15:28,Network_VPC,Daily_Snapshot
DEV_0031,backup_cadence,2026-09-25T04:15:49,Network_VPC,Weekly_Archive
DEV_0031,instance_family,2026-09-25T04:16:07,Review_Deploy,t4g.nano_burstable
DEV_0031,instance_family,2026-09-25T04:17:03,Review_Deploy,m6i.2xlarge_balanced
DEV_0032,region_zone,2026-09-25T06:14:20,Cluster_Spec,us-east-1a
DEV_0032,instance_family,2026-09-25T06:14:58,Compute_Tier,c6i.large_compute
DEV_0032,disk_type,2026-09-25T06:15:21,Storage_Config,gp3_general_ssd
DEV_0032,storage_size,2026-09-25T06:15:51,Storage_Config,10_TB
DEV_0032,backup_cadence,2026-09-25T06:16:26,Network_VPC,Hourly_Snapshot
DEV_0032,instance_family,2026-09-25T06:16:55,Review_Deploy,m6i.2xlarge_balanced
DEV_0033,region_zone,2026-09-25T08:28:32,Cluster_Spec,ap-southeast-1c
DEV_0033,instance_family,2026-09-25T08:28:47,Compute_Tier,m6i.2xlarge_balanced
DEV_0033,disk_type,2026-09-25T08:29:03,Storage_Config,st1_throughput_hdd
DEV_0033,storage_size,2026-09-25T08:29:20,Storage_Config,100_GB
DEV_0033,storage_size,2026-09-25T08:29:41,Storage_Config,500_GB
DEV_0033,backup_cadence,2026-09-25T08:29:51,Network_VPC,Daily_Snapshot
DEV_0033,instance_family,2026-09-25T08:30:16,Review_Deploy,r6g.4xlarge_memory
DEV_0034,region_zone,2026-09-25T10:37:16,Cluster_Spec,us-west-2b
DEV_0034,instance_family,2026-09-25T10:37:39,Compute_Tier,m6i.2xlarge_balanced
DEV_0034,disk_type,2026-09-25T10:37:50,Storage_Config,st1_throughput_hdd
DEV_0034,storage_size,2026-09-25T10:38:15,Storage_Config,2_TB
DEV_0034,backup_cadence,2026-09-25T10:38:41,Network_VPC,Daily_Snapshot
DEV_0034,instance_family,2026-09-25T10:39:16,Review_Deploy,c6i.large_compute
DEV_0035,region_zone,2026-09-25T12:20:25,Cluster_Spec,eu-central-1a
DEV_0035,region_zone,2026-09-25T12:21:18,Cluster_Spec,us-west-2b
DEV_0035,instance_family,2026-09-25T12:21:52,Compute_Tier,t4g.nano_burstable
DEV_0035,disk_type,2026-09-25T12:22:17,Storage_Config,io2_high_iops_nvme
DEV_0035,storage_size,2026-09-25T12:22:42,Storage_Config,500_GB
DEV_0035,backup_cadence,2026-09-25T12:23:13,Network_VPC,Daily_Snapshot
DEV_0035,instance_family,2026-09-25T12:23:45,Review_Deploy,t4g.nano_burstable
DEV_0036,region_zone,2026-09-25T14:32:20,Cluster_Spec,us-east-1a
DEV_0036,instance_family,2026-09-25T14:32:51,Compute_Tier,c6i.large_compute
DEV_0036,instance_family,2026-09-25T14:33:40,Compute_Tier,m6i.2xlarge_balanced
DEV_0036,instance_family,2026-09-25T14:34:16,Compute_Tier,c6i.large_compute
DEV_0036,instance_family,2026-09-25T14:35:11,Compute_Tier,m6i.2xlarge_balanced
DEV_0036,disk_type,2026-09-25T14:35:23,Storage_Config,st1_throughput_hdd
DEV_0036,storage_size,2026-09-25T14:35:57,Storage_Config,2_TB
DEV_0036,backup_cadence,2026-09-25T14:36:28,Network_VPC,Hourly_Snapshot
DEV_0036,instance_family,2026-09-25T14:36:42,Review_Deploy,c6i.large_compute
DEV_0036,instance_family,2026-09-25T14:37:20,Review_Deploy,m6i.2xlarge_balanced
DEV_0036,instance_family,2026-09-25T14:37:53,Review_Deploy,c6i.large_compute
DEV_0036,instance_family,2026-09-25T14:38:11,Review_Deploy,m6i.2xlarge_balanced
DEV_0037,region_zone,2026-09-25T16:19:34,Cluster_Spec,eu-central-1a
DEV_0037,region_zone,2026-09-25T16:20:10,Cluster_Spec,us-west-2b
DEV_0037,instance_family,2026-09-25T16:20:28,Compute_Tier,r6g.4xlarge_memory
DEV_0037,instance_family,2026-09-25T16:21:05,Compute_Tier,t4g.nano_burstable
DEV_0037,disk_type,2026-09-25T16:21:22,Storage_Config,gp3_general_ssd
DEV_0037,disk_type,2026-09-25T16:22:03,Storage_Config,io2_high_iops_nvme
DEV_0037,storage_size,2026-09-25T16:22:43,Storage_Config,2_TB
DEV_0037,storage_size,2026-09-25T16:23:56,Storage_Config,500_GB
DEV_0037,backup_cadence,2026-09-25T16:24:18,Network_VPC,Daily_Snapshot
DEV_0037,instance_family,2026-09-25T16:24:48,Review_Deploy,r6g.4xlarge_memory
DEV_0037,instance_family,2026-09-25T16:25:03,Review_Deploy,t4g.nano_burstable
DEV_0038,region_zone,2026-09-25T18:43:36,Cluster_Spec,ap-southeast-1c
DEV_0038,instance_family,2026-09-25T18:43:56,Compute_Tier,t4g.nano_burstable
DEV_0038,disk_type,2026-09-25T18:44:29,Storage_Config,st1_throughput_hdd
DEV_0038,storage_size,2026-09-25T18:44:41,Storage_Config,2_TB
DEV_0038,backup_cadence,2026-09-25T18:45:02,Network_VPC,Weekly_Archive
DEV_0038,backup_cadence,2026-09-25T18:45:39,Network_VPC,Daily_Snapshot
DEV_0038,instance_family,2026-09-25T18:46:04,Review_Deploy,m6i.2xlarge_balanced
DEV_0038,instance_family,2026-09-25T18:46:38,Review_Deploy,t4g.nano_burstable
DEV_0038,instance_family,2026-09-25T18:47:27,Review_Deploy,r6g.4xlarge_memory
DEV_0039,region_zone,2026-09-25T20:19:30,Cluster_Spec,us-east-1a
DEV_0039,instance_family,2026-09-25T20:19:41,Compute_Tier,m6i.2xlarge_balanced
DEV_0039,disk_type,2026-09-25T20:20:11,Storage_Config,st1_throughput_hdd
DEV_0039,storage_size,2026-09-25T20:20:22,Storage_Config,500_GB
DEV_0039,backup_cadence,2026-09-25T20:20:34,Network_VPC,Daily_Snapshot
DEV_0039,backup_cadence,2026-09-25T20:21:35,Network_VPC,Hourly_Snapshot
DEV_0039,backup_cadence,2026-09-25T20:22:22,Network_VPC,Weekly_Archive
DEV_0039,instance_family,2026-09-25T20:23:00,Review_Deploy,t4g.nano_burstable
DEV_0039,instance_family,2026-09-25T20:24:00,Review_Deploy,c6i.large_compute
DEV_0039,instance_family,2026-09-25T20:24:59,Review_Deploy,m6i.2xlarge_balanced
DEV_0040,region_zone,2026-09-25T22:20:10,Cluster_Spec,us-east-1a
DEV_0040,instance_family,2026-09-25T22:20:40,Compute_Tier,t4g.nano_burstable
DEV_0040,disk_type,2026-09-25T22:21:00,Storage_Config,io2_high_iops_nvme
DEV_0040,storage_size,2026-09-25T22:21:13,Storage_Config,100_GB
DEV_0040,backup_cadence,2026-09-25T22:21:34,Network_VPC,Weekly_Archive
DEV_0040,instance_family,2026-09-25T22:22:00,Review_Deploy,c6i.large_compute
DEV_0041,region_zone,2026-09-26T00:35:40,Cluster_Spec,us-west-2b
DEV_0041,instance_family,2026-09-26T00:36:09,Compute_Tier,c6i.large_compute
DEV_0041,disk_type,2026-09-26T00:36:23,Storage_Config,io2_high_iops_nvme
DEV_0041,storage_size,2026-09-26T00:36:58,Storage_Config,500_GB
DEV_0041,storage_size,2026-09-26T00:37:15,Storage_Config,100_GB
DEV_0041,backup_cadence,2026-09-26T00:37:55,Network_VPC,Weekly_Archive
DEV_0041,instance_family,2026-09-26T00:38:33,Review_Deploy,r6g.4xlarge_memory
DEV_0042,region_zone,2026-09-26T02:24:10,Cluster_Spec,us-west-2b
DEV_0042,instance_family,2026-09-26T02:24:50,Compute_Tier,t4g.nano_burstable
DEV_0042,disk_type,2026-09-26T02:25:06,Storage_Config,gp3_general_ssd
DEV_0042,storage_size,2026-09-26T02:25:25,Storage_Config,10_TB
DEV_0042,backup_cadence,2026-09-26T02:26:03,Network_VPC,Weekly_Archive
DEV_0042,instance_family,2026-09-26T02:26:16,Review_Deploy,c6i.large_compute
DEV_0043,region_zone,2026-09-26T04:10:24,Cluster_Spec,us-west-2b
DEV_0043,instance_family,2026-09-26T04:10:59,Compute_Tier,c6i.large_compute
DEV_0043,disk_type,2026-09-26T04:11:29,Storage_Config,gp3_general_ssd
DEV_0043,storage_size,2026-09-26T04:12:07,Storage_Config,2_TB
DEV_0043,storage_size,2026-09-26T04:12:41,Storage_Config,100_GB
DEV_0043,backup_cadence,2026-09-26T04:13:17,Network_VPC,Hourly_Snapshot
DEV_0043,instance_family,2026-09-26T04:13:41,Review_Deploy,r6g.4xlarge_memory
DEV_0044,region_zone,2026-09-26T06:19:36,Cluster_Spec,us-west-2b
DEV_0044,instance_family,2026-09-26T06:19:51,Compute_Tier,t4g.nano_burstable
DEV_0044,disk_type,2026-09-26T06:20:10,Storage_Config,st1_throughput_hdd
DEV_0044,storage_size,2026-09-26T06:20:45,Storage_Config,10_TB
DEV_0044,storage_size,2026-09-26T06:21:02,Storage_Config,100_GB
DEV_0044,backup_cadence,2026-09-26T06:21:20,Network_VPC,Weekly_Archive
DEV_0044,instance_family,2026-09-26T06:21:33,Review_Deploy,t4g.nano_burstable
DEV_0045,region_zone,2026-09-26T08:18:31,Cluster_Spec,eu-central-1a
DEV_0045,region_zone,2026-09-26T08:18:59,Cluster_Spec,ap-southeast-1c
DEV_0045,instance_family,2026-09-26T08:19:25,Compute_Tier,c6i.large_compute
DEV_0045,disk_type,2026-09-26T08:20:04,Storage_Config,io2_high_iops_nvme
DEV_0045,storage_size,2026-09-26T08:20:38,Storage_Config,2_TB
DEV_0045,backup_cadence,2026-09-26T08:21:17,Network_VPC,Hourly_Snapshot
DEV_0045,backup_cadence,2026-09-26T08:22:24,Network_VPC,Weekly_Archive
DEV_0045,instance_family,2026-09-26T08:22:51,Review_Deploy,c6i.large_compute
DEV_0045,instance_family,2026-09-26T08:23:13,Review_Deploy,r6g.4xlarge_memory
DEV_0046,region_zone,2026-09-26T10:19:28,Cluster_Spec,us-east-1a
DEV_0046,instance_family,2026-09-26T10:19:52,Compute_Tier,t4g.nano_burstable
DEV_0046,disk_type,2026-09-26T10:20:04,Storage_Config,gp3_general_ssd
DEV_0046,storage_size,2026-09-26T10:20:15,Storage_Config,100_GB
DEV_0046,backup_cadence,2026-09-26T10:20:31,Network_VPC,Weekly_Archive
DEV_0046,instance_family,2026-09-26T10:20:48,Review_Deploy,r6g.4xlarge_memory
DEV_0047,region_zone,2026-09-26T12:45:28,Cluster_Spec,us-east-1a
DEV_0047,instance_family,2026-09-26T12:46:00,Compute_Tier,r6g.4xlarge_memory
DEV_0047,instance_family,2026-09-26T12:46:24,Compute_Tier,m6i.2xlarge_balanced
DEV_0047,instance_family,2026-09-26T12:46:53,Compute_Tier,c6i.large_compute
DEV_0047,instance_family,2026-09-26T12:47:36,Compute_Tier,m6i.2xlarge_balanced
DEV_0047,disk_type,2026-09-26T12:48:09,Storage_Config,io2_high_iops_nvme
DEV_0047,storage_size,2026-09-26T12:48:26,Storage_Config,2_TB
DEV_0047,backup_cadence,2026-09-26T12:48:59,Network_VPC,Weekly_Archive
DEV_0047,instance_family,2026-09-26T12:49:12,Review_Deploy,r6g.4xlarge_memory
DEV_0047,instance_family,2026-09-26T12:49:29,Review_Deploy,m6i.2xlarge_balanced
DEV_0047,instance_family,2026-09-26T12:50:13,Review_Deploy,c6i.large_compute
DEV_0047,instance_family,2026-09-26T12:50:54,Review_Deploy,m6i.2xlarge_balanced
DEV_0048,region_zone,2026-09-26T14:10:12,Cluster_Spec,us-east-1a
DEV_0048,instance_family,2026-09-26T14:10:33,Compute_Tier,r6g.4xlarge_memory
DEV_0048,instance_family,2026-09-26T14:11:13,Compute_Tier,m6i.2xlarge_balanced
DEV_0048,instance_family,2026-09-26T14:11:28,Compute_Tier,c6i.large_compute
DEV_0048,instance_family,2026-09-26T14:12:10,Compute_Tier,m6i.2xlarge_balanced
DEV_0048,disk_type,2026-09-26T14:12:29,Storage_Config,io2_high_iops_nvme
DEV_0048,storage_size,2026-09-26T14:12:56,Storage_Config,500_GB
DEV_0048,backup_cadence,2026-09-26T14:13:20,Network_VPC,No_Backups
DEV_0048,instance_family,2026-09-26T14:13:43,Review_Deploy,t4g.nano_burstable
DEV_0048,instance_family,2026-09-26T14:14:01,Review_Deploy,m6i.2xlarge_balanced
DEV_0048,instance_family,2026-09-26T14:14:26,Review_Deploy,c6i.large_compute
DEV_0048,instance_family,2026-09-26T14:14:49,Review_Deploy,m6i.2xlarge_balanced
DEV_0049,region_zone,2026-09-26T16:14:21,Cluster_Spec,eu-central-1a
DEV_0049,instance_family,2026-09-26T16:14:35,Compute_Tier,m6i.2xlarge_balanced
DEV_0049,disk_type,2026-09-26T16:14:48,Storage_Config,io2_high_iops_nvme
DEV_0049,storage_size,2026-09-26T16:15:19,Storage_Config,10_TB
DEV_0049,backup_cadence,2026-09-26T16:15:31,Network_VPC,Weekly_Archive
DEV_0049,instance_family,2026-09-26T16:15:41,Review_Deploy,c6i.large_compute
DEV_0050,region_zone,2026-09-26T18:17:35,Cluster_Spec,eu-central-1a
DEV_0050,instance_family,2026-09-26T18:17:48,Compute_Tier,r6g.4xlarge_memory
DEV_0050,disk_type,2026-09-26T18:18:05,Storage_Config,io2_high_iops_nvme
DEV_0050,storage_size,2026-09-26T18:18:41,Storage_Config,2_TB
DEV_0050,backup_cadence,2026-09-26T18:18:55,Network_VPC,Weekly_Archive
DEV_0050,instance_family,2026-09-26T18:19:19,Review_Deploy,c6i.large_compute
