customer_id,item_type,event_time,checkout_step,selected_option
CUST_0001,shipping_speed,2024-07-11T15:42:04,Cart,priority_overnight
CUST_0001,gift_wrapping,2024-07-11T15:42:33,Cart,none
CUST_0001,payment_method,2024-07-11T15:42:54,Cart,credit_card
CUST_0002,shipping_speed,2024-07-11T17:29:45,Cart,standard_3day
CUST_0002,shipping_speed,2024-07-11T17:31:24,Shipping,express_2day
CUST_0002,shipping_speed,2024-07-11T17:32:12,Payment_Info,standard_3day
CUST_0002,gift_wrapping,2024-07-11T17:32:41,Cart,none
CUST_0002,gift_wrapping,2024-07-11T17:34:30,Shipping,eco_box
CUST_0002,gift_wrapping,2024-07-11T17:36:26,Payment_Info,none
CUST_0002,payment_method,2024-07-11T17:37:22,Cart,klarna_split
CUST_0002,payment_method,2024-07-11T17:39:16,Shipping,apple_pay
CUST_0002,payment_method,2024-07-11T17:40:29,Payment_Info,klarna_split
CUST_0003,shipping_speed,2024-07-11T13:18:04,Cart,standard_3day
CUST_0003,gift_wrapping,2024-07-11T13:18:40,Cart,eco_box
CUST_0003,payment_method,2024-07-11T13:19:04,Cart,apple_pay
CUST_0004,shipping_speed,2024-07-10T19:20:26,Cart,standard_3day
CUST_0004,shipping_speed,2024-07-10T19:20:51,Shipping,express_2day
CUST_0004,gift_wrapping,2024-07-10T19:21:12,Cart,eco_box
CUST_0004,payment_method,2024-07-10T19:21:49,Cart,apple_pay
CUST_0005,shipping_speed,2024-07-11T13:59:27,Cart,priority_overnight
CUST_0005,gift_wrapping,2024-07-11T13:59:49,Cart,luxury_ribbon
CUST_0005,payment_method,2024-07-11T14:00:09,Cart,apple_pay
CUST_0006,shipping_speed,2024-07-11T11:30:43,Cart,express_2day
CUST_0006,shipping_speed,2024-07-11T11:31:52,Shipping,standard_3day
CUST_0006,shipping_speed,2024-07-11T11:32:42,Payment_Info,express_2day
CUST_0006,gift_wrapping,2024-07-11T11:33:02,Cart,eco_box
CUST_0006,gift_wrapping,2024-07-11T11:34:16,Shipping,none
CUST_0006,gift_wrapping,2024-07-11T11:35:49,Payment_Info,luxury_ribbon
CUST_0006,payment_method,2024-07-11T11:36:44,Cart,apple_pay
CUST_0006,payment_method,2024-07-11T11:38:15,Shipping,credit_card
CUST_0006,payment_method,2024-07-11T11:39:47,Payment_Info,klarna_split
CUST_0007,shipping_speed,2024-07-10T19:04:20,Cart,priority_overnight
CUST_0007,shipping_speed,2024-07-10T19:04:45,Shipping,standard_3day
CUST_0007,gift_wrapping,2024-07-10T19:05:04,Cart,luxury_ribbon
CUST_0007,payment_method,2024-07-10T19:05:59,Cart,klarna_split
CUST_0008,shipping_speed,2024-07-10T17:13:36,Cart,standard_3day
CUST_0008,gift_wrapping,2024-07-10T17:14:08,Cart,eco_box
CUST_0008,payment_method,2024-07-10T17:15:07,Cart,klarna_split
CUST_0008,payment_method,2024-07-10T17:16:12,Shipping,credit_card
CUST_0008,payment_method,2024-07-10T17:16:56,Payment_Info,credit_card
CUST_0008,payment_method,2024-07-10T17:18:09,Order_Review,credit_card
CUST_0009,shipping_speed,2024-07-11T00:34:13,Cart,standard_3day
CUST_0009,gift_wrapping,2024-07-11T00:34:53,Cart,eco_box
CUST_0009,payment_method,2024-07-11T00:35:12,Cart,apple_pay
CUST_0010,shipping_speed,2024-07-10T19:08:12,Cart,priority_overnight
CUST_0010,shipping_speed,2024-07-10T19:09:24,Shipping,express_2day
CUST_0010,shipping_speed,2024-07-10T19:10:59,Payment_Info,priority_overnight
CUST_0010,gift_wrapping,2024-07-10T19:11:30,Cart,none
CUST_0010,gift_wrapping,2024-07-10T19:12:32,Shipping,eco_box
CUST_0010,gift_wrapping,2024-07-10T19:14:28,Payment_Info,luxury_ribbon
CUST_0010,payment_method,2024-07-10T19:15:20,Cart,klarna_split
CUST_0010,payment_method,2024-07-10T19:16:59,Shipping,apple_pay
CUST_0010,payment_method,2024-07-10T19:18:30,Payment_Info,credit_card
CUST_0011,shipping_speed,2024-07-12T08:53:03,Cart,priority_overnight
CUST_0011,gift_wrapping,2024-07-12T08:53:21,Cart,none
CUST_0011,payment_method,2024-07-12T08:53:45,Cart,credit_card
CUST_0011,payment_method,2024-07-12T08:54:55,Shipping,apple_pay
CUST_0011,payment_method,2024-07-12T08:55:35,Payment_Info,credit_card
CUST_0011,payment_method,2024-07-12T08:56:55,Order_Review,apple_pay
CUST_0012,shipping_speed,2024-07-11T17:40:26,Cart,standard_3day
CUST_0012,shipping_speed,2024-07-11T17:41:59,Shipping,priority_overnight
CUST_0012,shipping_speed,2024-07-11T17:43:51,Payment_Info,express_2day
CUST_0012,gift_wrapping,2024-07-11T17:44:06,Cart,luxury_ribbon
CUST_0012,gift_wrapping,2024-07-11T17:45:05,Shipping,eco_box
CUST_0012,gift_wrapping,2024-07-11T17:46:33,Payment_Info,none
CUST_0012,payment_method,2024-07-11T17:47:15,Cart,apple_pay
CUST_0012,payment_method,2024-07-11T17:48:20,Shipping,klarna_split
CUST_0012,payment_method,2024-07-11T17:49:05,Payment_Info,apple_pay
CUST_0013,shipping_speed,2024-07-12T07:39:23,Cart,priority_overnight
CUST_0013,gift_wrapping,2024-07-12T07:39:57,Cart,luxury_ribbon
CUST_0013,payment_method,2024-07-12T07:40:44,Cart,klarna_split
CUST_0013,payment_method,2024-07-12T07:41:52,Shipping,credit_card
CUST_0013,payment_method,2024-07-12T07:42:34,Payment_Info,credit_card
CUST_0013,payment_method,2024-07-12T07:43:13,Order_Review,credit_card
CUST_0014,shipping_speed,2024-07-11T02:57:40,Cart,priority_overnight
CUST_0014,gift_wrapping,2024-07-11T02:58:33,Cart,none
CUST_0014,payment_method,2024-07-11T02:59:19,Cart,apple_pay
CUST_0014,payment_method,2024-07-11T02:59:50,Shipping,credit_card
CUST_0014,payment_method,2024-07-11T03:00:27,Payment_Info,credit_card
CUST_0014,payment_method,2024-07-11T03:01:56,Order_Review,credit_card
CUST_0015,shipping_speed,2024-07-11T02:25:41,Cart,standard_3day
CUST_0015,shipping_speed,2024-07-11T02:26:06,Shipping,express_2day
CUST_0015,gift_wrapping,2024-07-11T02:26:57,Cart,none
CUST_0015,payment_method,2024-07-11T02:27:17,Cart,credit_card
CUST_0016,shipping_speed,2024-07-11T20:08:16,Cart,priority_overnight
CUST_0016,gift_wrapping,2024-07-11T20:09:13,Cart,none
CUST_0016,payment_method,2024-07-11T20:10:03,Cart,apple_pay
CUST_0017,shipping_speed,2024-07-10T16:56:15,Cart,priority_overnight
CUST_0017,shipping_speed,2024-07-10T16:57:27,Shipping,standard_3day
CUST_0017,shipping_speed,2024-07-10T16:58:51,Payment_Info,priority_overnight
CUST_0017,gift_wrapping,2024-07-10T16:59:47,Cart,luxury_ribbon
CUST_0017,gift_wrapping,2024-07-10T17:01:19,Shipping,eco_box
CUST_0017,gift_wrapping,2024-07-10T17:03:10,Payment_Info,luxury_ribbon
CUST_0017,payment_method,2024-07-10T17:03:40,Cart,credit_card
CUST_0017,payment_method,2024-07-10T17:04:53,Shipping,apple_pay
CUST_0017,payment_method,2024-07-10T17:06:21,Payment_Info,credit_card
CUST_0018,shipping_speed,2024-07-11T13:14:48,Cart,priority_overnight
CUST_0018,gift_wrapping,2024-07-11T13:15:07,Cart,none
CUST_0018,payment_method,2024-07-11T13:16:02,Cart,klarna_split
CUST_0018,payment_method,2024-07-11T13:16:35,Shipping,credit_card
CUST_0018,payment_method,2024-07-11T13:17:19,Payment_Info,credit_card
CUST_0018,payment_method,2024-07-11T13:17:53,Order_Review,credit_card
CUST_0019,shipping_speed,2024-07-12T04:28:23,Cart,standard_3day
CUST_0019,shipping_speed,2024-07-12T04:28:48,Shipping,express_2day
CUST_0019,gift_wrapping,2024-07-12T04:29:20,Cart,none
CUST_0019,payment_method,2024-07-12T04:30:06,Cart,klarna_split
CUST_0020,shipping_speed,2024-07-10T19:17:51,Cart,priority_overnight
CUST_0020,gift_wrapping,2024-07-10T19:18:36,Cart,luxury_ribbon
CUST_0020,payment_method,2024-07-10T19:19:21,Cart,credit_card
CUST_0020,payment_method,2024-07-10T19:20:42,Shipping,apple_pay
CUST_0020,payment_method,2024-07-10T19:21:38,Payment_Info,credit_card
CUST_0020,payment_method,2024-07-10T19:22:20,Order_Review,apple_pay
CUST_0021,shipping_speed,2024-07-10T13:32:21,Cart,express_2day
CUST_0021,shipping_speed,2024-07-10T13:35:41,Order_Review,standard_3day
CUST_0021,gift_wrapping,2024-07-10T13:36:25,Cart,eco_box
CUST_0021,payment_method,2024-07-10T13:36:43,Cart,klarna_split
CUST_0022,shipping_speed,2024-07-11T17:19:57,Cart,standard_3day
CUST_0022,gift_wrapping,2024-07-11T17:20:33,Cart,luxury_ribbon
CUST_0022,payment_method,2024-07-11T17:21:03,Cart,credit_card
CUST_0023,shipping_speed,2024-07-10T18:12:09,Cart,express_2day
CUST_0023,shipping_speed,2024-07-10T18:13:48,Shipping,standard_3day
CUST_0023,shipping_speed,2024-07-10T18:15:08,Payment_Info,priority_overnight
CUST_0023,gift_wrapping,2024-07-10T18:15:27,Cart,none
CUST_0023,gift_wrapping,2024-07-10T18:17:08,Shipping,eco_box
CUST_0023,gift_wrapping,2024-07-10T18:17:59,Payment_Info,none
CUST_0023,payment_method,2024-07-10T18:18:29,Cart,credit_card
CUST_0023,payment_method,2024-07-10T18:19:35,Shipping,klarna_split
CUST_0023,payment_method,2024-07-10T18:21:22,Payment_Info,apple_pay
CUST_0024,shipping_speed,2024-07-10T19:16:00,Cart,standard_3day
CUST_0024,shipping_speed,2024-07-10T19:19:20,Order_Review,express_2day
CUST_0024,gift_wrapping,2024-07-10T19:19:35,Cart,eco_box
CUST_0024,payment_method,2024-07-10T19:20:06,Cart,apple_pay
CUST_0025,shipping_speed,2024-07-12T05:29:04,Cart,express_2day
CUST_0025,shipping_speed,2024-07-12T05:32:24,Order_Review,standard_3day
CUST_0025,gift_wrapping,2024-07-12T05:33:14,Cart,luxury_ribbon
CUST_0025,payment_method,2024-07-12T05:34:14,Cart,klarna_split
CUST_0026,shipping_speed,2024-07-11T08:22:04,Cart,express_2day
CUST_0026,gift_wrapping,2024-07-11T08:22:56,Cart,none
CUST_0026,payment_method,2024-07-11T08:23:45,Cart,klarna_split
CUST_0026,payment_method,2024-07-11T08:24:18,Shipping,credit_card
CUST_0026,payment_method,2024-07-11T08:25:35,Payment_Info,credit_card
CUST_0026,payment_method,2024-07-11T08:26:25,Order_Review,credit_card
CUST_0027,shipping_speed,2024-07-10T11:45:25,Cart,express_2day
CUST_0027,shipping_speed,2024-07-10T11:47:17,Shipping,standard_3day
CUST_0027,shipping_speed,2024-07-10T11:48:09,Payment_Info,express_2day
CUST_0027,gift_wrapping,2024-07-10T11:48:28,Cart,none
CUST_0027,gift_wrapping,2024-07-10T11:49:21,Shipping,eco_box
CUST_0027,gift_wrapping,2024-07-10T11:50:57,Payment_Info,none
CUST_0027,payment_method,2024-07-10T11:51:27,Cart,klarna_split
CUST_0027,payment_method,2024-07-10T11:53:26,Shipping,credit_card
CUST_0027,payment_method,2024-07-10T11:54:21,Payment_Info,klarna_split
CUST_0028,shipping_speed,2024-07-11T16:33:49,Cart,priority_overnight
CUST_0028,shipping_speed,2024-07-11T16:35:07,Shipping,standard_3day
CUST_0028,shipping_speed,2024-07-11T16:36:32,Payment_Info,express_2day
CUST_0028,gift_wrapping,2024-07-11T16:37:12,Cart,eco_box
CUST_0028,gift_wrapping,2024-07-11T16:38:13,Shipping,luxury_ribbon
CUST_0028,gift_wrapping,2024-07-11T16:39:56,Payment_Info,eco_box
CUST_0028,payment_method,2024-07-11T16:40:11,Cart,credit_card
CUST_0028,payment_method,2024-07-11T16:41:54,Shipping,apple_pay
CUST_0028,payment_method,2024-07-11T16:42:48,Payment_Info,credit_card
CUST_0029,shipping_speed,2024-07-11T09:17:15,Cart,express_2day
CUST_0029,gift_wrapping,2024-07-11T09:17:53,Cart,none
CUST_0029,payment_method,2024-07-11T09:18:18,Cart,apple_pay
CUST_0029,payment_method,2024-07-11T09:19:16,Shipping,credit_card
CUST_0029,payment_method,2024-07-11T09:20:39,Payment_Info,credit_card
CUST_0029,payment_method,2024-07-11T09:21:43,Order_Review,credit_card
CUST_0030,shipping_speed,2024-07-11T18:46:59,Cart,priority_overnight
CUST_0030,shipping_speed,2024-07-11T18:47:45,Shipping,express_2day
CUST_0030,shipping_speed,2024-07-11T18:48:43,Payment_Info,standard_3day
CUST_0030,gift_wrapping,2024-07-11T18:49:05,Cart,eco_box
CUST_0030,gift_wrapping,2024-07-11T18:50:03,Shipping,none
CUST_0030,gift_wrapping,2024-07-11T18:51:22,Payment_Info,luxury_ribbon
CUST_0030,payment_method,2024-07-11T18:51:50,Cart,klarna_split
CUST_0030,payment_method,2024-07-11T18:53:18,Shipping,credit_card
CUST_0030,payment_method,2024-07-11T18:54:36,Payment_Info,klarna_split
CUST_0031,shipping_speed,2024-07-10T21:04:08,Cart,standard_3day
CUST_0031,gift_wrapping,2024-07-10T21:04:40,Cart,eco_box
CUST_0031,payment_method,2024-07-10T21:04:55,Cart,credit_card
CUST_0032,shipping_speed,2024-07-11T01:01:09,Cart,priority_overnight
CUST_0032,gift_wrapping,2024-07-11T01:01:52,Cart,none
CUST_0032,payment_method,2024-07-11T01:02:52,Cart,klarna_split
CUST_0032,payment_method,2024-07-11T01:03:49,Shipping,credit_card
CUST_0032,payment_method,2024-07-11T01:04:54,Payment_Info,credit_card
CUST_0032,payment_method,2024-07-11T01:05:24,Order_Review,credit_card
CUST_0033,shipping_speed,2024-07-10T14:22:28,Cart,priority_overnight
CUST_0033,gift_wrapping,2024-07-10T14:23:20,Cart,eco_box
CUST_0033,payment_method,2024-07-10T14:23:44,Cart,klarna_split
CUST_0033,payment_method,2024-07-10T14:24:41,Shipping,credit_card
CUST_0033,payment_method,2024-07-10T14:25:19,Payment_Info,credit_card
CUST_0033,payment_method,2024-07-10T14:25:51,Order_Review,credit_card
CUST_0034,shipping_speed,2024-07-10T23:48:15,Cart,express_2day
CUST_0034,gift_wrapping,2024-07-10T23:48:45,Cart,luxury_ribbon
CUST_0034,payment_method,2024-07-10T23:49:06,Cart,klarna_split
CUST_0035,shipping_speed,2024-07-11T01:59:29,Cart,express_2day
CUST_0035,shipping_speed,2024-07-11T02:00:33,Shipping,standard_3day
CUST_0035,shipping_speed,2024-07-11T02:01:38,Payment_Info,express_2day
CUST_0035,gift_wrapping,2024-07-11T02:01:54,Cart,eco_box
CUST_0035,gift_wrapping,2024-07-11T02:03:01,Shipping,luxury_ribbon
CUST_0035,gift_wrapping,2024-07-11T02:04:38,Payment_Info,none
CUST_0035,payment_method,2024-07-11T02:05:03,Cart,apple_pay
CUST_0035,payment_method,2024-07-11T02:06:01,Shipping,klarna_split
CUST_0035,payment_method,2024-07-11T02:06:50,Payment_Info,apple_pay
CUST_0036,shipping_speed,2024-07-10T19:41:10,Cart,express_2day
CUST_0036,shipping_speed,2024-07-10T19:44:30,Order_Review,standard_3day
CUST_0036,gift_wrapping,2024-07-10T19:44:59,Cart,none
CUST_0036,payment_method,2024-07-10T19:45:56,Cart,credit_card
CUST_0037,shipping_speed,2024-07-10T18:16:31,Cart,express_2day
CUST_0037,shipping_speed,2024-07-10T18:16:56,Shipping,standard_3day
CUST_0037,gift_wrapping,2024-07-10T18:17:33,Cart,eco_box
CUST_0037,payment_method,2024-07-10T18:18:20,Cart,klarna_split
CUST_0038,shipping_speed,2024-07-11T04:11:20,Cart,express_2day
CUST_0038,shipping_speed,2024-07-11T04:12:19,Shipping,priority_overnight
CUST_0038,shipping_speed,2024-07-11T04:13:26,Payment_Info,express_2day
CUST_0038,gift_wrapping,2024-07-11T04:13:47,Cart,none
CUST_0038,gift_wrapping,2024-07-11T04:15:27,Shipping,luxury_ribbon
CUST_0038,gift_wrapping,2024-07-11T04:16:52,Payment_Info,eco_box
CUST_0038,payment_method,2024-07-11T04:17:39,Cart,klarna_split
CUST_0038,payment_method,2024-07-11T04:18:38,Shipping,apple_pay
CUST_0038,payment_method,2024-07-11T04:20:36,Payment_Info,credit_card
CUST_0039,shipping_speed,2024-07-10T21:14:24,Cart,standard_3day
CUST_0039,shipping_speed,2024-07-10T21:17:44,Order_Review,express_2day
CUST_0039,gift_wrapping,2024-07-10T21:18:42,Cart,luxury_ribbon
CUST_0039,payment_method,2024-07-10T21:19:39,Cart,klarna_split
CUST_0040,shipping_speed,2024-07-10T18:28:24,Cart,standard_3day
CUST_0040,shipping_speed,2024-07-10T18:31:44,Order_Review,express_2day
CUST_0040,gift_wrapping,2024-07-10T18:32:38,Cart,eco_box
CUST_0040,payment_method,2024-07-10T18:33:35,Cart,apple_pay
CUST_0041,shipping_speed,2024-07-12T01:42:51,Cart,priority_overnight
CUST_0041,shipping_speed,2024-07-12T01:43:16,Shipping,standard_3day
CUST_0041,gift_wrapping,2024-07-12T01:43:57,Cart,luxury_ribbon
CUST_0041,payment_method,2024-07-12T01:44:37,Cart,apple_pay
CUST_0042,shipping_speed,2024-07-11T18:28:24,Cart,standard_3day
CUST_0042,shipping_speed,2024-07-11T18:30:02,Shipping,priority_overnight
CUST_0042,shipping_speed,2024-07-11T18:31:09,Payment_Info,express_2day
CUST_0042,gift_wrapping,2024-07-11T18:31:59,Cart,eco_box
CUST_0042,gift_wrapping,2024-07-11T18:32:44,Shipping,luxury_ribbon
CUST_0042,gift_wrapping,2024-07-11T18:34:05,Payment_Info,none
CUST_0042,payment_method,2024-07-11T18:34:57,Cart,apple_pay
CUST_0042,payment_method,2024-07-11T18:36:23,Shipping,klarna_split
CUST_0042,payment_method,2024-07-11T18:38:04,Payment_Info,apple_pay
CUST_0043,shipping_speed,2024-07-11T17:26:13,Cart,express_2day
CUST_0043,shipping_speed,2024-07-11T17:27:08,Shipping,priority_overnight
CUST_0043,shipping_speed,2024-07-11T17:28:58,Payment_Info,express_2day
CUST_0043,gift_wrapping,2024-07-11T17:29:28,Cart,none
CUST_0043,gift_wrapping,2024-07-11T17:30:52,Shipping,eco_box
CUST_0043,gift_wrapping,2024-07-11T17:32:02,Payment_Info,none
CUST_0043,payment_method,2024-07-11T17:32:19,Cart,credit_card
CUST_0043,payment_method,2024-07-11T17:33:35,Shipping,klarna_split
CUST_0043,payment_method,2024-07-11T17:34:29,Payment_Info,apple_pay
CUST_0044,shipping_speed,2024-07-11T04:54:35,Cart,standard_3day
CUST_0044,shipping_speed,2024-07-11T04:56:09,Shipping,priority_overnight
CUST_0044,shipping_speed,2024-07-11T04:57:45,Payment_Info,standard_3day
CUST_0044,gift_wrapping,2024-07-11T04:58:41,Cart,none
CUST_0044,gift_wrapping,2024-07-11T04:59:26,Shipping,eco_box
CUST_0044,gift_wrapping,2024-07-11T05:01:05,Payment_Info,none
CUST_0044,payment_method,2024-07-11T05:02:04,Cart,credit_card
CUST_0044,payment_method,2024-07-11T05:03:55,Shipping,klarna_split
CUST_0044,payment_method,2024-07-11T05:04:46,Payment_Info,credit_card
CUST_0045,shipping_speed,2024-07-12T05:02:41,Cart,express_2day
CUST_0045,gift_wrapping,2024-07-12T05:03:38,Cart,eco_box
CUST_0045,payment_method,2024-07-12T05:04:28,Cart,klarna_split
CUST_0046,shipping_speed,2024-07-11T13:35:41,Cart,priority_overnight
CUST_0046,shipping_speed,2024-07-11T13:39:01,Order_Review,standard_3day
CUST_0046,gift_wrapping,2024-07-11T13:39:51,Cart,eco_box
CUST_0046,payment_method,2024-07-11T13:40:16,Cart,apple_pay
CUST_0047,shipping_speed,2024-07-11T20:42:14,Cart,express_2day
CUST_0047,shipping_speed,2024-07-11T20:45:34,Order_Review,standard_3day
CUST_0047,gift_wrapping,2024-07-11T20:46:29,Cart,none
CUST_0047,payment_method,2024-07-11T20:47:17,Cart,apple_pay
CUST_0048,shipping_speed,2024-07-11T08:16:21,Cart,express_2day
CUST_0048,gift_wrapping,2024-07-11T08:17:21,Cart,none
CUST_0048,payment_method,2024-07-11T08:17:51,Cart,apple_pay
CUST_0048,payment_method,2024-07-11T08:18:38,Shipping,credit_card
CUST_0048,payment_method,2024-07-11T08:19:29,Payment_Info,credit_card
CUST_0048,payment_method,2024-07-11T08:20:19,Order_Review,credit_card
CUST_0049,shipping_speed,2024-07-12T03:52:19,Cart,standard_3day
CUST_0049,gift_wrapping,2024-07-12T03:52:58,Cart,none
CUST_0049,payment_method,2024-07-12T03:53:22,Cart,klarna_split
CUST_0050,shipping_speed,2024-07-11T18:55:10,Cart,express_2day
CUST_0050,gift_wrapping,2024-07-11T18:55:59,Cart,eco_box
CUST_0050,payment_method,2024-07-11T18:56:40,Cart,apple_pay
CUST_0051,shipping_speed,2024-07-10T12:00:11,Cart,express_2day
CUST_0051,shipping_speed,2024-07-10T12:03:31,Order_Review,standard_3day
CUST_0051,gift_wrapping,2024-07-10T12:03:47,Cart,luxury_ribbon
CUST_0051,payment_method,2024-07-10T12:04:26,Cart,klarna_split
CUST_0052,shipping_speed,2024-07-11T07:54:21,Cart,express_2day
CUST_0052,shipping_speed,2024-07-11T07:54:46,Shipping,standard_3day
CUST_0052,gift_wrapping,2024-07-11T07:55:35,Cart,eco_box
CUST_0052,payment_method,2024-07-11T07:56:24,Cart,klarna_split
CUST_0053,shipping_speed,2024-07-11T23:24:06,Cart,express_2day
CUST_0053,gift_wrapping,2024-07-11T23:24:48,Cart,eco_box
CUST_0053,payment_method,2024-07-11T23:25:04,Cart,apple_pay
CUST_0053,payment_method,2024-07-11T23:25:58,Shipping,credit_card
CUST_0053,payment_method,2024-07-11T23:26:49,Payment_Info,credit_card
CUST_0053,payment_method,2024-07-11T23:28:01,Order_Review,credit_card
CUST_0054,shipping_speed,2024-07-11T17:36:20,Cart,priority_overnight
CUST_0054,shipping_speed,2024-07-11T17:39:40,Order_Review,standard_3day
CUST_0054,gift_wrapping,2024-07-11T17:40:03,Cart,eco_box
CUST_0054,payment_method,2024-07-11T17:40:52,Cart,klarna_split
CUST_0055,shipping_speed,2024-07-10T10:18:30,Cart,priority_overnight
CUST_0055,shipping_speed,2024-07-10T10:21:50,Order_Review,standard_3day
CUST_0055,gift_wrapping,2024-07-10T10:22:06,Cart,luxury_ribbon
CUST_0055,payment_method,2024-07-10T10:23:02,Cart,credit_card
CUST_0056,shipping_speed,2024-07-11T05:34:42,Cart,standard_3day
CUST_0056,shipping_speed,2024-07-11T05:38:02,Order_Review,express_2day
CUST_0056,gift_wrapping,2024-07-11T05:38:41,Cart,eco_box
CUST_0056,payment_method,2024-07-11T05:39:09,Cart,apple_pay
CUST_0057,shipping_speed,2024-07-11T06:50:04,Cart,express_2day
CUST_0057,shipping_speed,2024-07-11T06:50:29,Shipping,standard_3day
CUST_0057,gift_wrapping,2024-07-11T06:51:00,Cart,eco_box
CUST_0057,payment_method,2024-07-11T06:51:45,Cart,credit_card
CUST_0058,shipping_speed,2024-07-10T09:56:26,Cart,standard_3day
CUST_0058,shipping_speed,2024-07-10T09:57:39,Shipping,express_2day
CUST_0058,shipping_speed,2024-07-10T09:58:29,Payment_Info,standard_3day
CUST_0058,gift_wrapping,2024-07-10T09:58:56,Cart,none
CUST_0058,gift_wrapping,2024-07-10T09:59:43,Shipping,eco_box
CUST_0058,gift_wrapping,2024-07-10T10:00:58,Payment_Info,none
CUST_0058,payment_method,2024-07-10T10:01:55,Cart,apple_pay
CUST_0058,payment_method,2024-07-10T10:02:54,Shipping,credit_card
CUST_0058,payment_method,2024-07-10T10:04:38,Payment_Info,klarna_split
CUST_0059,shipping_speed,2024-07-11T21:49:32,Cart,priority_overnight
CUST_0059,gift_wrapping,2024-07-11T21:50:32,Cart,luxury_ribbon
CUST_0059,payment_method,2024-07-11T21:50:57,Cart,credit_card
CUST_0059,payment_method,2024-07-11T21:51:46,Shipping,apple_pay
CUST_0059,payment_method,2024-07-11T21:52:22,Payment_Info,credit_card
CUST_0059,payment_method,2024-07-11T21:53:29,Order_Review,apple_pay
CUST_0060,shipping_speed,2024-07-10T10:14:55,Cart,priority_overnight
CUST_0060,shipping_speed,2024-07-10T10:15:20,Shipping,standard_3day
CUST_0060,gift_wrapping,2024-07-10T10:16:00,Cart,eco_box
CUST_0060,payment_method,2024-07-10T10:16:27,Cart,klarna_split
