student_id,curriculum_field,event_time,enrollment_step,chosen_option
STU_0001,degree_major,2026-09-25T12:19:36,Track_Selection,Fintech_Analytics
STU_0001,elective_focus,2026-09-25T12:20:31,Specialization,Quantum_Algorithms
STU_0001,learning_pace,2026-09-25T12:20:51,Schedule_Pace,Part_Time_Evening_24Wk
STU_0001,advisory_tier,2026-09-25T12:21:23,Mentorship,1_on_1_Industry_Mentor
STU_0001,advisory_tier,2026-09-25T12:22:47,Mentorship,Group_TA_Sessions
STU_0001,advisory_tier,2026-09-25T12:23:35,Mentorship,1_on_1_Industry_Mentor
STU_0001,payment_structure,2026-09-25T12:24:25,Tuition_Plan,Full_Upfront_15pct_Discount
STU_0001,payment_structure,2026-09-25T12:25:44,Tuition_Plan,Income_Share_Agreement_ISA
STU_0001,payment_structure,2026-09-25T12:27:04,Tuition_Plan,Full_Upfront_15pct_Discount
STU_0002,degree_major,2026-09-25T15:30:07,Track_Selection,Cloud_Cybersecurity
STU_0002,elective_focus,2026-09-25T15:30:50,Specialization,Deep_Reinforcement_Learning
STU_0002,learning_pace,2026-09-25T15:31:45,Schedule_Pace,Self_Paced_Flex_48Wk
STU_0002,learning_pace,2026-09-25T15:32:37,Schedule_Pace,Intensive_Bootcamp_12Wk
STU_0002,advisory_tier,2026-09-25T15:32:59,Mentorship,Group_TA_Sessions
STU_0002,payment_structure,2026-09-25T15:34:03,Tuition_Plan,Quarterly_Installments
STU_0003,degree_major,2026-09-25T18:03:37,Track_Selection,Applied_AI_Engineering
STU_0003,elective_focus,2026-09-25T18:04:21,Specialization,LLM_Architecture
STU_0003,learning_pace,2026-09-25T18:04:46,Schedule_Pace,Part_Time_Evening_24Wk
STU_0003,advisory_tier,2026-09-25T18:05:55,Mentorship,1_on_1_Industry_Mentor
STU_0003,payment_structure,2026-09-25T18:07:00,Tuition_Plan,Income_Share_Agreement_ISA
STU_0004,degree_major,2026-09-25T21:48:51,Track_Selection,Applied_AI_Engineering
STU_0004,elective_focus,2026-09-25T21:49:45,Specialization,LLM_Architecture
STU_0004,learning_pace,2026-09-25T21:50:11,Schedule_Pace,Self_Paced_Flex_48Wk
STU_0004,advisory_tier,2026-09-25T21:51:18,Mentorship,Faculty_Direct_Advisory
STU_0004,advisory_tier,2026-09-25T21:52:48,Mentorship,1_on_1_Industry_Mentor
STU_0004,payment_structure,2026-09-25T21:53:24,Tuition_Plan,Income_Share_Agreement_ISA
STU_0004,payment_structure,2026-09-25T21:54:12,Tuition_Plan,Full_Upfront_15pct_Discount
STU_0005,degree_major,2026-09-26T00:27:25,Track_Selection,Applied_AI_Engineering
STU_0005,degree_major,2026-09-26T00:28:33,Track_Selection,Autonomous_Robotics
STU_0005,elective_focus,2026-09-26T00:29:41,Specialization,Deep_Reinforcement_Learning
STU_0005,learning_pace,2026-09-26T00:30:03,Schedule_Pace,Intensive_Bootcamp_12Wk
STU_0005,advisory_tier,2026-09-26T00:30:51,Mentorship,Faculty_Direct_Advisory
STU_0005,advisory_tier,2026-09-26T00:31:35,Mentorship,Group_TA_Sessions
STU_0005,payment_structure,2026-09-26T00:32:11,Tuition_Plan,Full_Upfront_15pct_Discount
STU_0005,payment_structure,2026-09-26T00:33:25,Tuition_Plan,Income_Share_Agreement_ISA
STU_0006,degree_major,2026-09-26T03:17:51,Track_Selection,Fintech_Analytics
STU_0006,elective_focus,2026-09-26T03:18:46,Specialization,Quantum_Algorithms
STU_0006,learning_pace,2026-09-26T03:19:12,Schedule_Pace,Intensive_Bootcamp_12Wk
STU_0006,advisory_tier,2026-09-26T03:19:36,Mentorship,Faculty_Direct_Advisory
STU_0006,payment_structure,2026-09-26T03:20:46,Tuition_Plan,Full_Upfront_15pct_Discount
STU_0007,degree_major,2026-09-26T06:49:03,Track_Selection,Cloud_Cybersecurity
STU_0007,degree_major,2026-09-26T06:50:03,Track_Selection,Fintech_Analytics
STU_0007,elective_focus,2026-09-26T06:50:57,Specialization,Quantum_Algorithms
STU_0007,elective_focus,2026-09-26T06:51:24,Specialization,Deep_Reinforcement_Learning
STU_0007,learning_pace,2026-09-26T06:52:29,Schedule_Pace,Intensive_Bootcamp_12Wk
STU_0007,learning_pace,2026-09-26T06:52:54,Schedule_Pace,Self_Paced_Flex_48Wk
STU_0007,advisory_tier,2026-09-26T06:53:20,Mentorship,Faculty_Direct_Advisory
STU_0007,payment_structure,2026-09-26T06:54:03,Tuition_Plan,Income_Share_Agreement_ISA
STU_0008,degree_major,2026-09-26T09:31:29,Track_Selection,Fintech_Analytics
STU_0008,elective_focus,2026-09-26T09:31:58,Specialization,Deep_Reinforcement_Learning
STU_0008,learning_pace,2026-09-26T09:32:28,Schedule_Pace,Self_Paced_Flex_48Wk
STU_0008,advisory_tier,2026-09-26T09:32:58,Mentorship,Group_TA_Sessions
STU_0008,payment_structure,2026-09-26T09:34:05,Tuition_Plan,Income_Share_Agreement_ISA
STU_0008,payment_structure,2026-09-26T09:34:40,Tuition_Plan,Quarterly_Installments
STU_0008,payment_structure,2026-09-26T09:35:48,Tuition_Plan,Full_Upfront_15pct_Discount
STU_0008,payment_structure,2026-09-26T09:37:01,Tuition_Plan,Quarterly_Installments
STU_0009,degree_major,2026-09-26T12:43:42,Track_Selection,Cloud_Cybersecurity
STU_0009,elective_focus,2026-09-26T12:44:20,Specialization,Quantum_Algorithms
STU_0009,learning_pace,2026-09-26T12:44:59,Schedule_Pace,Part_Time_Evening_24Wk
STU_0009,advisory_tier,2026-09-26T12:46:06,Mentorship,Group_TA_Sessions
STU_0009,advisory_tier,2026-09-26T12:46:38,Mentorship,Faculty_Direct_Advisory
STU_0009,advisory_tier,2026-09-26T12:47:39,Mentorship,Group_TA_Sessions
STU_0009,payment_structure,2026-09-26T12:48:27,Tuition_Plan,Quarterly_Installments
STU_0009,payment_structure,2026-09-26T12:49:13,Tuition_Plan,Income_Share_Agreement_ISA
STU_0010,degree_major,2026-09-26T15:19:38,Track_Selection,Applied_AI_Engineering
STU_0010,elective_focus,2026-09-26T15:20:10,Specialization,Quantum_Algorithms
STU_0010,learning_pace,2026-09-26T15:20:43,Schedule_Pace,Self_Paced_Flex_48Wk
STU_0010,advisory_tier,2026-09-26T15:21:33,Mentorship,1_on_1_Industry_Mentor
STU_0010,payment_structure,2026-09-26T15:22:18,Tuition_Plan,Full_Upfront_15pct_Discount
STU_0011,degree_major,2026-09-26T18:50:21,Track_Selection,Applied_AI_Engineering
STU_0011,elective_focus,2026-09-26T18:50:51,Specialization,LLM_Architecture
STU_0011,learning_pace,2026-09-26T18:51:18,Schedule_Pace,Part_Time_Evening_24Wk
STU_0011,learning_pace,2026-09-26T18:52:06,Schedule_Pace,Intensive_Bootcamp_12Wk
STU_0011,advisory_tier,2026-09-26T18:52:50,Mentorship,1_on_1_Industry_Mentor
STU_0011,payment_structure,2026-09-26T18:53:29,Tuition_Plan,Income_Share_Agreement_ISA
STU_0012,degree_major,2026-09-26T21:36:03,Track_Selection,Fintech_Analytics
STU_0012,elective_focus,2026-09-26T21:36:40,Specialization,Deep_Reinforcement_Learning
STU_0012,learning_pace,2026-09-26T21:37:42,Schedule_Pace,Part_Time_Evening_24Wk
STU_0012,advisory_tier,2026-09-26T21:38:27,Mentorship,Group_TA_Sessions
STU_0012,advisory_tier,2026-09-26T21:39:04,Mentorship,Faculty_Direct_Advisory
STU_0012,payment_structure,2026-09-26T21:40:00,Tuition_Plan,Full_Upfront_15pct_Discount
STU_0012,payment_structure,2026-09-26T21:40:46,Tuition_Plan,Quarterly_Installments
STU_0013,degree_major,2026-09-27T00:32:38,Track_Selection,Autonomous_Robotics
STU_0013,elective_focus,2026-09-27T00:33:08,Specialization,Quantum_Algorithms
STU_0013,learning_pace,2026-09-27T00:33:43,Schedule_Pace,Part_Time_Evening_24Wk
STU_0013,advisory_tier,2026-09-27T00:34:27,Mentorship,1_on_1_Industry_Mentor
STU_0013,advisory_tier,2026-09-27T00:35:12,Mentorship,Group_TA_Sessions
STU_0013,payment_structure,2026-09-27T00:36:02,Tuition_Plan,Income_Share_Agreement_ISA
STU_0013,payment_structure,2026-09-27T00:36:39,Tuition_Plan,Full_Upfront_15pct_Discount
STU_0013,payment_structure,2026-09-27T00:37:44,Tuition_Plan,Income_Share_Agreement_ISA
STU_0014,degree_major,2026-09-27T03:22:47,Track_Selection,Cloud_Cybersecurity
STU_0014,elective_focus,2026-09-27T03:23:18,Specialization,LLM_Architecture
STU_0014,learning_pace,2026-09-27T03:24:06,Schedule_Pace,Part_Time_Evening_24Wk
STU_0014,advisory_tier,2026-09-27T03:24:38,Mentorship,1_on_1_Industry_Mentor
STU_0014,advisory_tier,2026-09-27T03:25:40,Mentorship,Faculty_Direct_Advisory
STU_0014,payment_structure,2026-09-27T03:26:32,Tuition_Plan,Income_Share_Agreement_ISA
STU_0014,payment_structure,2026-09-27T03:28:00,Tuition_Plan,Quarterly_Installments
STU_0014,payment_structure,2026-09-27T03:28:42,Tuition_Plan,Full_Upfront_15pct_Discount
STU_0015,degree_major,2026-09-27T06:11:45,Track_Selection,Cloud_Cybersecurity
STU_0015,elective_focus,2026-09-27T06:12:15,Specialization,Deep_Reinforcement_Learning
STU_0015,learning_pace,2026-09-27T06:13:00,Schedule_Pace,Self_Paced_Flex_48Wk
STU_0015,advisory_tier,2026-09-27T06:13:21,Mentorship,Group_TA_Sessions
STU_0015,advisory_tier,2026-09-27T06:13:54,Mentorship,Faculty_Direct_Advisory
STU_0015,payment_structure,2026-09-27T06:14:56,Tuition_Plan,Full_Upfront_15pct_Discount
STU_0015,payment_structure,2026-09-27T06:16:03,Tuition_Plan,Income_Share_Agreement_ISA
STU_0015,payment_structure,2026-09-27T06:16:33,Tuition_Plan,Quarterly_Installments
STU_0016,degree_major,2026-09-27T09:42:07,Track_Selection,Fintech_Analytics
STU_0016,elective_focus,2026-09-27T09:42:41,Specialization,Deep_Reinforcement_Learning
STU_0016,learning_pace,2026-09-27T09:43:23,Schedule_Pace,Part_Time_Evening_24Wk
STU_0016,advisory_tier,2026-09-27T09:43:46,Mentorship,1_on_1_Industry_Mentor
STU_0016,payment_structure,2026-09-27T09:44:21,Tuition_Plan,Income_Share_Agreement_ISA
STU_0017,degree_major,2026-09-27T12:37:05,Track_Selection,Autonomous_Robotics
STU_0017,elective_focus,2026-09-27T12:37:45,Specialization,Quantum_Algorithms
STU_0017,learning_pace,2026-09-27T12:38:54,Schedule_Pace,Self_Paced_Flex_48Wk
STU_0017,learning_pace,2026-09-27T12:39:34,Schedule_Pace,Intensive_Bootcamp_12Wk
STU_0017,advisory_tier,2026-09-27T12:40:15,Mentorship,1_on_1_Industry_Mentor
STU_0017,payment_structure,2026-09-27T12:40:43,Tuition_Plan,Quarterly_Installments
STU_0018,degree_major,2026-09-27T15:44:50,Track_Selection,Applied_AI_Engineering
STU_0018,degree_major,2026-09-27T15:45:20,Track_Selection,Fintech_Analytics
STU_0018,elective_focus,2026-09-27T15:45:50,Specialization,Deep_Reinforcement_Learning
STU_0018,learning_pace,2026-09-27T15:46:14,Schedule_Pace,Part_Time_Evening_24Wk
STU_0018,advisory_tier,2026-09-27T15:46:49,Mentorship,1_on_1_Industry_Mentor
STU_0018,advisory_tier,2026-09-27T15:47:44,Mentorship,Faculty_Direct_Advisory
STU_0018,payment_structure,2026-09-27T15:48:36,Tuition_Plan,Income_Share_Agreement_ISA
STU_0018,payment_structure,2026-09-27T15:49:24,Tuition_Plan,Full_Upfront_15pct_Discount
STU_0019,degree_major,2026-09-27T18:48:35,Track_Selection,Autonomous_Robotics
STU_0019,elective_focus,2026-09-27T18:49:05,Specialization,Deep_Reinforcement_Learning
STU_0019,learning_pace,2026-09-27T18:49:48,Schedule_Pace,Self_Paced_Flex_48Wk
STU_0019,advisory_tier,2026-09-27T18:50:32,Mentorship,Faculty_Direct_Advisory
STU_0019,advisory_tier,2026-09-27T18:52:01,Mentorship,1_on_1_Industry_Mentor
STU_0019,advisory_tier,2026-09-27T18:52:35,Mentorship,Group_TA_Sessions
STU_0019,payment_structure,2026-09-27T18:53:12,Tuition_Plan,Income_Share_Agreement_ISA
STU_0019,payment_structure,2026-09-27T18:54:27,Tuition_Plan,Quarterly_Installments
STU_0020,degree_major,2026-09-27T21:39:37,Track_Selection,Applied_AI_Engineering
STU_0020,elective_focus,2026-09-27T21:40:09,Specialization,LLM_Architecture
STU_0020,learning_pace,2026-09-27T21:41:09,Schedule_Pace,Intensive_Bootcamp_12Wk
STU_0020,learning_pace,2026-09-27T21:41:39,Schedule_Pace,Part_Time_Evening_24Wk
STU_0020,advisory_tier,2026-09-27T21:42:31,Mentorship,Group_TA_Sessions
STU_0020,payment_structure,2026-09-27T21:43:22,Tuition_Plan,Full_Upfront_15pct_Discount
STU_0021,degree_major,2026-09-28T00:21:28,Track_Selection,Fintech_Analytics
STU_0021,elective_focus,2026-09-28T00:22:08,Specialization,Quantum_Algorithms
STU_0021,learning_pace,2026-09-28T00:22:37,Schedule_Pace,Part_Time_Evening_24Wk
STU_0021,advisory_tier,2026-09-28T00:23:42,Mentorship,Faculty_Direct_Advisory
STU_0021,payment_structure,2026-09-28T00:24:08,Tuition_Plan,Full_Upfront_15pct_Discount
STU_0022,degree_major,2026-09-28T03:43:43,Track_Selection,Fintech_Analytics
STU_0022,elective_focus,2026-09-28T03:44:26,Specialization,Deep_Reinforcement_Learning
STU_0022,learning_pace,2026-09-28T03:45:25,Schedule_Pace,Part_Time_Evening_24Wk
STU_0022,advisory_tier,2026-09-28T03:46:26,Mentorship,Group_TA_Sessions
STU_0022,payment_structure,2026-09-28T03:47:24,Tuition_Plan,Full_Upfront_15pct_Discount
STU_0022,payment_structure,2026-09-28T03:48:05,Tuition_Plan,Quarterly_Installments
STU_0022,payment_structure,2026-09-28T03:48:41,Tuition_Plan,Full_Upfront_15pct_Discount
STU_0022,payment_structure,2026-09-28T03:49:18,Tuition_Plan,Quarterly_Installments
STU_0023,degree_major,2026-09-28T06:48:36,Track_Selection,Cloud_Cybersecurity
STU_0023,elective_focus,2026-09-28T06:49:12,Specialization,Deep_Reinforcement_Learning
STU_0023,learning_pace,2026-09-28T06:50:13,Schedule_Pace,Self_Paced_Flex_48Wk
STU_0023,advisory_tier,2026-09-28T06:50:41,Mentorship,1_on_1_Industry_Mentor
STU_0023,payment_structure,2026-09-28T06:51:38,Tuition_Plan,Full_Upfront_15pct_Discount
STU_0024,degree_major,2026-09-28T09:36:53,Track_Selection,Autonomous_Robotics
STU_0024,elective_focus,2026-09-28T09:37:37,Specialization,Deep_Reinforcement_Learning
STU_0024,learning_pace,2026-09-28T09:38:44,Schedule_Pace,Part_Time_Evening_24Wk
STU_0024,learning_pace,2026-09-28T09:39:28,Schedule_Pace,Intensive_Bootcamp_12Wk
STU_0024,advisory_tier,2026-09-28T09:40:37,Mentorship,Faculty_Direct_Advisory
STU_0024,payment_structure,2026-09-28T09:41:43,Tuition_Plan,Income_Share_Agreement_ISA
STU_0025,degree_major,2026-09-28T12:18:32,Track_Selection,Cloud_Cybersecurity
STU_0025,elective_focus,2026-09-28T12:19:17,Specialization,Deep_Reinforcement_Learning
STU_0025,learning_pace,2026-09-28T12:19:41,Schedule_Pace,Self_Paced_Flex_48Wk
STU_0025,advisory_tier,2026-09-28T12:20:35,Mentorship,1_on_1_Industry_Mentor
STU_0025,payment_structure,2026-09-28T12:21:21,Tuition_Plan,Full_Upfront_15pct_Discount
STU_0026,degree_major,2026-09-28T15:02:31,Track_Selection,Applied_AI_Engineering
STU_0026,elective_focus,2026-09-28T15:03:33,Specialization,LLM_Architecture
STU_0026,learning_pace,2026-09-28T15:04:14,Schedule_Pace,Self_Paced_Flex_48Wk
STU_0026,advisory_tier,2026-09-28T15:04:49,Mentorship,Group_TA_Sessions
STU_0026,payment_structure,2026-09-28T15:05:47,Tuition_Plan,Quarterly_Installments
STU_0027,degree_major,2026-09-28T18:24:40,Track_Selection,Fintech_Analytics
STU_0027,elective_focus,2026-09-28T18:25:25,Specialization,Quantum_Algorithms
STU_0027,learning_pace,2026-09-28T18:26:32,Schedule_Pace,Self_Paced_Flex_48Wk
STU_0027,learning_pace,2026-09-28T18:27:25,Schedule_Pace,Intensive_Bootcamp_12Wk
STU_0027,advisory_tier,2026-09-28T18:27:57,Mentorship,1_on_1_Industry_Mentor
STU_0027,payment_structure,2026-09-28T18:28:57,Tuition_Plan,Income_Share_Agreement_ISA
STU_0028,degree_major,2026-09-28T21:38:23,Track_Selection,Autonomous_Robotics
STU_0028,elective_focus,2026-09-28T21:39:12,Specialization,Deep_Reinforcement_Learning
STU_0028,learning_pace,2026-09-28T21:39:51,Schedule_Pace,Intensive_Bootcamp_12Wk
STU_0028,learning_pace,2026-09-28T21:40:33,Schedule_Pace,Part_Time_Evening_24Wk
STU_0028,advisory_tier,2026-09-28T21:41:23,Mentorship,1_on_1_Industry_Mentor
STU_0028,advisory_tier,2026-09-28T21:41:48,Mentorship,Group_TA_Sessions
STU_0028,payment_structure,2026-09-28T21:42:40,Tuition_Plan,Quarterly_Installments
STU_0029,degree_major,2026-09-29T00:38:41,Track_Selection,Autonomous_Robotics
STU_0029,elective_focus,2026-09-29T00:39:12,Specialization,LLM_Architecture
STU_0029,elective_focus,2026-09-29T00:40:20,Specialization,Deep_Reinforcement_Learning
STU_0029,learning_pace,2026-09-29T00:41:22,Schedule_Pace,Self_Paced_Flex_48Wk
STU_0029,learning_pace,2026-09-29T00:42:33,Schedule_Pace,Part_Time_Evening_24Wk
STU_0029,advisory_tier,2026-09-29T00:43:20,Mentorship,Group_TA_Sessions
STU_0029,advisory_tier,2026-09-29T00:44:00,Mentorship,Faculty_Direct_Advisory
STU_0029,payment_structure,2026-09-29T00:45:10,Tuition_Plan,Income_Share_Agreement_ISA
STU_0029,payment_structure,2026-09-29T00:45:48,Tuition_Plan,Quarterly_Installments
STU_0030,degree_major,2026-09-29T03:54:50,Track_Selection,Autonomous_Robotics
STU_0030,degree_major,2026-09-29T03:55:42,Track_Selection,Applied_AI_Engineering
STU_0030,elective_focus,2026-09-29T03:56:28,Specialization,LLM_Architecture
STU_0030,elective_focus,2026-09-29T03:56:59,Specialization,Quantum_Algorithms
STU_0030,learning_pace,2026-09-29T03:57:46,Schedule_Pace,Intensive_Bootcamp_12Wk
STU_0030,advisory_tier,2026-09-29T03:58:07,Mentorship,Group_TA_Sessions
STU_0030,payment_structure,2026-09-29T03:59:12,Tuition_Plan,Quarterly_Installments
STU_0030,payment_structure,2026-09-29T03:59:35,Tuition_Plan,Full_Upfront_15pct_Discount
STU_0031,degree_major,2026-09-29T06:51:00,Track_Selection,Autonomous_Robotics
STU_0031,degree_major,2026-09-29T06:52:29,Track_Selection,Fintech_Analytics
STU_0031,elective_focus,2026-09-29T06:52:52,Specialization,Deep_Reinforcement_Learning
STU_0031,elective_focus,2026-09-29T06:53:41,Specialization,Quantum_Algorithms
STU_0031,learning_pace,2026-09-29T06:54:49,Schedule_Pace,Part_Time_Evening_24Wk
STU_0031,learning_pace,2026-09-29T06:56:12,Schedule_Pace,Intensive_Bootcamp_12Wk
STU_0031,advisory_tier,2026-09-29T06:56:58,Mentorship,Faculty_Direct_Advisory
STU_0031,advisory_tier,2026-09-29T06:57:24,Mentorship,1_on_1_Industry_Mentor
STU_0031,payment_structure,2026-09-29T06:58:29,Tuition_Plan,Quarterly_Installments
STU_0031,payment_structure,2026-09-29T06:59:10,Tuition_Plan,Full_Upfront_15pct_Discount
STU_0032,degree_major,2026-09-29T09:12:06,Track_Selection,Autonomous_Robotics
STU_0032,elective_focus,2026-09-29T09:12:30,Specialization,LLM_Architecture
STU_0032,learning_pace,2026-09-29T09:13:38,Schedule_Pace,Intensive_Bootcamp_12Wk
STU_0032,learning_pace,2026-09-29T09:14:23,Schedule_Pace,Part_Time_Evening_24Wk
STU_0032,advisory_tier,2026-09-29T09:14:49,Mentorship,Group_TA_Sessions
STU_0032,payment_structure,2026-09-29T09:15:42,Tuition_Plan,Full_Upfront_15pct_Discount
STU_0033,degree_major,2026-09-29T12:29:22,Track_Selection,Cloud_Cybersecurity
STU_0033,elective_focus,2026-09-29T12:30:25,Specialization,LLM_Architecture
STU_0033,learning_pace,2026-09-29T12:31:26,Schedule_Pace,Self_Paced_Flex_48Wk
STU_0033,advisory_tier,2026-09-29T12:32:00,Mentorship,Group_TA_Sessions
STU_0033,advisory_tier,2026-09-29T12:33:26,Mentorship,Faculty_Direct_Advisory
STU_0033,payment_structure,2026-09-29T12:34:15,Tuition_Plan,Quarterly_Installments
STU_0033,payment_structure,2026-09-29T12:34:50,Tuition_Plan,Full_Upfront_15pct_Discount
STU_0034,degree_major,2026-09-29T15:01:20,Track_Selection,Cloud_Cybersecurity
STU_0034,elective_focus,2026-09-29T15:01:50,Specialization,Deep_Reinforcement_Learning
STU_0034,learning_pace,2026-09-29T15:02:46,Schedule_Pace,Part_Time_Evening_24Wk
STU_0034,learning_pace,2026-09-29T15:03:02,Schedule_Pace,Intensive_Bootcamp_12Wk
STU_0034,advisory_tier,2026-09-29T15:04:09,Mentorship,Group_TA_Sessions
STU_0034,payment_structure,2026-09-29T15:04:40,Tuition_Plan,Quarterly_Installments
STU_0035,degree_major,2026-09-29T18:25:48,Track_Selection,Applied_AI_Engineering
STU_0035,elective_focus,2026-09-29T18:26:29,Specialization,LLM_Architecture
STU_0035,learning_pace,2026-09-29T18:27:28,Schedule_Pace,Self_Paced_Flex_48Wk
STU_0035,learning_pace,2026-09-29T18:27:55,Schedule_Pace,Intensive_Bootcamp_12Wk
STU_0035,advisory_tier,2026-09-29T18:29:01,Mentorship,Group_TA_Sessions
STU_0035,payment_structure,2026-09-29T18:29:52,Tuition_Plan,Quarterly_Installments
STU_0036,degree_major,2026-09-29T21:08:31,Track_Selection,Fintech_Analytics
STU_0036,elective_focus,2026-09-29T21:09:06,Specialization,Quantum_Algorithms
STU_0036,learning_pace,2026-09-29T21:10:11,Schedule_Pace,Intensive_Bootcamp_12Wk
STU_0036,advisory_tier,2026-09-29T21:10:59,Mentorship,Group_TA_Sessions
STU_0036,payment_structure,2026-09-29T21:11:51,Tuition_Plan,Quarterly_Installments
STU_0036,payment_structure,2026-09-29T21:12:18,Tuition_Plan,Quarterly_Installments
STU_0036,payment_structure,2026-09-29T21:13:14,Tuition_Plan,Full_Upfront_15pct_Discount
STU_0036,payment_structure,2026-09-29T21:13:37,Tuition_Plan,Quarterly_Installments
STU_0037,degree_major,2026-09-30T00:31:03,Track_Selection,Applied_AI_Engineering
STU_0037,elective_focus,2026-09-30T00:31:34,Specialization,LLM_Architecture
STU_0037,learning_pace,2026-09-30T00:32:04,Schedule_Pace,Self_Paced_Flex_48Wk
STU_0037,advisory_tier,2026-09-30T00:32:38,Mentorship,1_on_1_Industry_Mentor
STU_0037,payment_structure,2026-09-30T00:33:00,Tuition_Plan,Quarterly_Installments
STU_0037,payment_structure,2026-09-30T00:34:19,Tuition_Plan,Quarterly_Installments
STU_0037,payment_structure,2026-09-30T00:35:06,Tuition_Plan,Full_Upfront_15pct_Discount
STU_0037,payment_structure,2026-09-30T00:36:26,Tuition_Plan,Quarterly_Installments
STU_0038,degree_major,2026-09-30T03:50:29,Track_Selection,Fintech_Analytics
STU_0038,elective_focus,2026-09-30T03:51:35,Specialization,Quantum_Algorithms
STU_0038,learning_pace,2026-09-30T03:52:17,Schedule_Pace,Part_Time_Evening_24Wk
STU_0038,advisory_tier,2026-09-30T03:53:06,Mentorship,1_on_1_Industry_Mentor
STU_0038,payment_structure,2026-09-30T03:53:36,Tuition_Plan,Quarterly_Installments
STU_0039,degree_major,2026-09-30T06:30:27,Track_Selection,Cloud_Cybersecurity
STU_0039,elective_focus,2026-09-30T06:31:11,Specialization,LLM_Architecture
STU_0039,learning_pace,2026-09-30T06:32:21,Schedule_Pace,Part_Time_Evening_24Wk
STU_0039,advisory_tier,2026-09-30T06:32:49,Mentorship,Faculty_Direct_Advisory
STU_0039,advisory_tier,2026-09-30T06:34:20,Mentorship,1_on_1_Industry_Mentor
STU_0039,payment_structure,2026-09-30T06:34:48,Tuition_Plan,Income_Share_Agreement_ISA
STU_0039,payment_structure,2026-09-30T06:35:40,Tuition_Plan,Quarterly_Installments
STU_0039,payment_structure,2026-09-30T06:36:22,Tuition_Plan,Income_Share_Agreement_ISA
STU_0040,degree_major,2026-09-30T09:50:59,Track_Selection,Fintech_Analytics
STU_0040,elective_focus,2026-09-30T09:51:32,Specialization,Quantum_Algorithms
STU_0040,learning_pace,2026-09-30T09:52:42,Schedule_Pace,Part_Time_Evening_24Wk
STU_0040,advisory_tier,2026-09-30T09:53:20,Mentorship,Faculty_Direct_Advisory
STU_0040,payment_structure,2026-09-30T09:53:45,Tuition_Plan,Income_Share_Agreement_ISA
STU_0041,degree_major,2026-09-30T12:17:05,Track_Selection,Fintech_Analytics
STU_0041,elective_focus,2026-09-30T12:18:03,Specialization,Deep_Reinforcement_Learning
STU_0041,learning_pace,2026-09-30T12:18:25,Schedule_Pace,Intensive_Bootcamp_12Wk
STU_0041,advisory_tier,2026-09-30T12:19:27,Mentorship,Group_TA_Sessions
STU_0041,payment_structure,2026-09-30T12:19:51,Tuition_Plan,Income_Share_Agreement_ISA
STU_0042,degree_major,2026-09-30T15:43:46,Track_Selection,Applied_AI_Engineering
STU_0042,elective_focus,2026-09-30T15:44:11,Specialization,LLM_Architecture
STU_0042,learning_pace,2026-09-30T15:45:19,Schedule_Pace,Intensive_Bootcamp_12Wk
STU_0042,advisory_tier,2026-09-30T15:45:55,Mentorship,1_on_1_Industry_Mentor
STU_0042,payment_structure,2026-09-30T15:46:31,Tuition_Plan,Full_Upfront_15pct_Discount
STU_0042,payment_structure,2026-09-30T15:47:01,Tuition_Plan,Quarterly_Installments
STU_0042,payment_structure,2026-09-30T15:47:59,Tuition_Plan,Full_Upfront_15pct_Discount
STU_0042,payment_structure,2026-09-30T15:49:07,Tuition_Plan,Quarterly_Installments
STU_0043,degree_major,2026-09-30T18:06:24,Track_Selection,Fintech_Analytics
STU_0043,elective_focus,2026-09-30T18:06:47,Specialization,Quantum_Algorithms
STU_0043,learning_pace,2026-09-30T18:07:10,Schedule_Pace,Self_Paced_Flex_48Wk
STU_0043,advisory_tier,2026-09-30T18:08:10,Mentorship,Group_TA_Sessions
STU_0043,advisory_tier,2026-09-30T18:09:18,Mentorship,Faculty_Direct_Advisory
STU_0043,advisory_tier,2026-09-30T18:10:34,Mentorship,Group_TA_Sessions
STU_0043,payment_structure,2026-09-30T18:11:08,Tuition_Plan,Quarterly_Installments
STU_0043,payment_structure,2026-09-30T18:12:08,Tuition_Plan,Income_Share_Agreement_ISA
STU_0043,payment_structure,2026-09-30T18:13:41,Tuition_Plan,Full_Upfront_15pct_Discount
STU_0044,degree_major,2026-09-30T21:26:49,Track_Selection,Fintech_Analytics
STU_0044,elective_focus,2026-09-30T21:27:14,Specialization,Deep_Reinforcement_Learning
STU_0044,learning_pace,2026-09-30T21:27:59,Schedule_Pace,Intensive_Bootcamp_12Wk
STU_0044,advisory_tier,2026-09-30T21:28:57,Mentorship,1_on_1_Industry_Mentor
STU_0044,payment_structure,2026-09-30T21:29:31,Tuition_Plan,Full_Upfront_15pct_Discount
STU_0044,payment_structure,2026-09-30T21:30:33,Tuition_Plan,Quarterly_Installments
STU_0044,payment_structure,2026-09-30T21:31:50,Tuition_Plan,Full_Upfront_15pct_Discount
STU_0044,payment_structure,2026-09-30T21:32:30,Tuition_Plan,Quarterly_Installments
STU_0045,degree_major,2026-10-01T00:39:56,Track_Selection,Autonomous_Robotics
STU_0045,elective_focus,2026-10-01T00:40:17,Specialization,LLM_Architecture
STU_0045,learning_pace,2026-10-01T00:40:44,Schedule_Pace,Part_Time_Evening_24Wk
STU_0045,learning_pace,2026-10-01T00:41:28,Schedule_Pace,Intensive_Bootcamp_12Wk
STU_0045,advisory_tier,2026-10-01T00:41:59,Mentorship,Group_TA_Sessions
STU_0045,payment_structure,2026-10-01T00:42:28,Tuition_Plan,Quarterly_Installments
STU_0046,degree_major,2026-10-01T03:45:38,Track_Selection,Cloud_Cybersecurity
STU_0046,elective_focus,2026-10-01T03:46:00,Specialization,LLM_Architecture
STU_0046,elective_focus,2026-10-01T03:46:44,Specialization,Deep_Reinforcement_Learning
STU_0046,learning_pace,2026-10-01T03:47:27,Schedule_Pace,Intensive_Bootcamp_12Wk
STU_0046,learning_pace,2026-10-01T03:48:50,Schedule_Pace,Part_Time_Evening_24Wk
STU_0046,advisory_tier,2026-10-01T03:49:26,Mentorship,Faculty_Direct_Advisory
STU_0046,payment_structure,2026-10-01T03:50:30,Tuition_Plan,Quarterly_Installments
STU_0047,degree_major,2026-10-01T06:39:39,Track_Selection,Fintech_Analytics
STU_0047,elective_focus,2026-10-01T06:40:10,Specialization,LLM_Architecture
STU_0047,learning_pace,2026-10-01T06:40:31,Schedule_Pace,Self_Paced_Flex_48Wk
STU_0047,learning_pace,2026-10-01T06:41:17,Schedule_Pace,Intensive_Bootcamp_12Wk
STU_0047,advisory_tier,2026-10-01T06:41:55,Mentorship,Faculty_Direct_Advisory
STU_0047,payment_structure,2026-10-01T06:42:48,Tuition_Plan,Quarterly_Installments
STU_0048,degree_major,2026-10-01T09:15:00,Track_Selection,Cloud_Cybersecurity
STU_0048,degree_major,2026-10-01T09:16:01,Track_Selection,Applied_AI_Engineering
STU_0048,elective_focus,2026-10-01T09:16:33,Specialization,Quantum_Algorithms
STU_0048,learning_pace,2026-10-01T09:17:28,Schedule_Pace,Intensive_Bootcamp_12Wk
STU_0048,learning_pace,2026-10-01T09:18:37,Schedule_Pace,Part_Time_Evening_24Wk
STU_0048,advisory_tier,2026-10-01T09:19:08,Mentorship,Group_TA_Sessions
STU_0048,advisory_tier,2026-10-01T09:20:36,Mentorship,1_on_1_Industry_Mentor
STU_0048,payment_structure,2026-10-01T09:21:28,Tuition_Plan,Full_Upfront_15pct_Discount
STU_0048,payment_structure,2026-10-01T09:22:32,Tuition_Plan,Quarterly_Installments
STU_0049,degree_major,2026-10-01T12:02:55,Track_Selection,Cloud_Cybersecurity
STU_0049,elective_focus,2026-10-01T12:03:20,Specialization,Deep_Reinforcement_Learning
STU_0049,learning_pace,2026-10-01T12:03:44,Schedule_Pace,Intensive_Bootcamp_12Wk
STU_0049,advisory_tier,2026-10-01T12:04:10,Mentorship,Faculty_Direct_Advisory
STU_0049,advisory_tier,2026-10-01T12:05:32,Mentorship,Group_TA_Sessions
STU_0049,advisory_tier,2026-10-01T12:06:40,Mentorship,1_on_1_Industry_Mentor
STU_0049,payment_structure,2026-10-01T12:07:06,Tuition_Plan,Full_Upfront_15pct_Discount
STU_0049,payment_structure,2026-10-01T12:08:06,Tuition_Plan,Quarterly_Installments
STU_0050,degree_major,2026-10-01T15:45:37,Track_Selection,Autonomous_Robotics
STU_0050,elective_focus,2026-10-01T15:46:07,Specialization,LLM_Architecture
STU_0050,learning_pace,2026-10-01T15:46:49,Schedule_Pace,Self_Paced_Flex_48Wk
STU_0050,advisory_tier,2026-10-01T15:47:53,Mentorship,Group_TA_Sessions
STU_0050,payment_structure,2026-10-01T15:48:48,Tuition_Plan,Quarterly_Installments
