gamer_tag,loadout_slot,action_timestamp,inventory_screen,equipped_gear
PLAYER_0001,hero_class,2026-09-28T22:16:22,Class_Origin,Shadow_Assassin
PLAYER_0001,hero_class,2026-09-28T22:16:44,Class_Origin,Storm_Sorcerer
PLAYER_0001,hero_class,2026-09-28T22:16:54,Class_Origin,Shadow_Assassin
PLAYER_0001,hero_class,2026-09-28T22:17:08,Class_Origin,Storm_Sorcerer
PLAYER_0001,weapon_type,2026-09-28T22:17:22,Primary_Weapon,Plasma_Rifle
PLAYER_0001,armor_weight,2026-09-28T22:17:31,Armor_Set,Cloth_Enchanted
PLAYER_0001,elemental_perk,2026-09-28T22:17:38,Elemental_Rune,Inferno_Burn
PLAYER_0001,passive_aura,2026-09-28T22:17:58,Confirm_Battle_Loadout,Cooldown_Reduction_15pct
PLAYER_0002,hero_class,2026-09-29T00:32:26,Class_Origin,Ironclad_Paladin
PLAYER_0002,hero_class,2026-09-29T00:32:58,Class_Origin,Storm_Sorcerer
PLAYER_0002,hero_class,2026-09-29T00:33:22,Class_Origin,Shadow_Assassin
PLAYER_0002,hero_class,2026-09-29T00:33:49,Class_Origin,Storm_Sorcerer
PLAYER_0002,weapon_type,2026-09-29T00:33:57,Primary_Weapon,Warhammer
PLAYER_0002,armor_weight,2026-09-29T00:34:06,Armor_Set,Stealth_Leather
PLAYER_0002,elemental_perk,2026-09-29T00:34:18,Elemental_Rune,Frost_Freeze
PLAYER_0002,passive_aura,2026-09-29T00:34:35,Confirm_Battle_Loadout,Cooldown_Reduction_15pct
PLAYER_0003,hero_class,2026-09-29T02:13:22,Class_Origin,Cyber_Sniper
PLAYER_0003,weapon_type,2026-09-29T02:13:41,Primary_Weapon,Arcane_Staff
PLAYER_0003,armor_weight,2026-09-29T02:14:09,Armor_Set,Stealth_Leather
PLAYER_0003,elemental_perk,2026-09-29T02:14:25,Elemental_Rune,Frost_Freeze
PLAYER_0003,passive_aura,2026-09-29T02:14:32,Confirm_Battle_Loadout,Cooldown_Reduction_15pct
PLAYER_0004,hero_class,2026-09-29T04:29:25,Class_Origin,Storm_Sorcerer
PLAYER_0004,weapon_type,2026-09-29T04:29:39,Primary_Weapon,Arcane_Staff
PLAYER_0004,armor_weight,2026-09-29T04:29:56,Armor_Set,Cloth_Enchanted
PLAYER_0004,elemental_perk,2026-09-29T04:30:22,Elemental_Rune,Vampiric_Drain
PLAYER_0004,passive_aura,2026-09-29T04:30:51,Confirm_Battle_Loadout,Speed_Buff_20pct
PLAYER_0005,hero_class,2026-09-29T06:04:25,Class_Origin,Cyber_Sniper
PLAYER_0005,weapon_type,2026-09-29T06:04:39,Primary_Weapon,Warhammer
PLAYER_0005,armor_weight,2026-09-29T06:05:08,Armor_Set,Stealth_Leather
PLAYER_0005,elemental_perk,2026-09-29T06:05:29,Elemental_Rune,Lightning_Chain
PLAYER_0005,elemental_perk,2026-09-29T06:05:40,Elemental_Rune,Frost_Freeze
PLAYER_0005,passive_aura,2026-09-29T06:05:55,Confirm_Battle_Loadout,Speed_Buff_20pct
PLAYER_0005,passive_aura,2026-09-29T06:06:36,Confirm_Battle_Loadout,Cooldown_Reduction_15pct
PLAYER_0006,hero_class,2026-09-29T08:39:06,Class_Origin,Shadow_Assassin
PLAYER_0006,weapon_type,2026-09-29T08:39:35,Primary_Weapon,Plasma_Rifle
PLAYER_0006,weapon_type,2026-09-29T08:39:46,Primary_Weapon,Dual_Katanas
PLAYER_0006,armor_weight,2026-09-29T08:40:02,Armor_Set,Cloth_Enchanted
PLAYER_0006,elemental_perk,2026-09-29T08:40:21,Elemental_Rune,Vampiric_Drain
PLAYER_0006,passive_aura,2026-09-29T08:40:27,Confirm_Battle_Loadout,Armor_Shield_35pct
PLAYER_0007,hero_class,2026-09-29T10:25:09,Class_Origin,Cyber_Sniper
PLAYER_0007,hero_class,2026-09-29T10:25:47,Class_Origin,Ironclad_Paladin
PLAYER_0007,weapon_type,2026-09-29T10:26:13,Primary_Weapon,Plasma_Rifle
PLAYER_0007,armor_weight,2026-09-29T10:26:33,Armor_Set,Stealth_Leather
PLAYER_0007,armor_weight,2026-09-29T10:27:23,Armor_Set,Cloth_Enchanted
PLAYER_0007,elemental_perk,2026-09-29T10:27:43,Elemental_Rune,Lightning_Chain
PLAYER_0007,elemental_perk,2026-09-29T10:28:04,Elemental_Rune,Inferno_Burn
PLAYER_0007,passive_aura,2026-09-29T10:28:11,Confirm_Battle_Loadout,Speed_Buff_20pct
PLAYER_0007,passive_aura,2026-09-29T10:28:39,Confirm_Battle_Loadout,Cooldown_Reduction_15pct
PLAYER_0008,hero_class,2026-09-29T12:22:22,Class_Origin,Storm_Sorcerer
PLAYER_0008,weapon_type,2026-09-29T12:22:31,Primary_Weapon,Warhammer
PLAYER_0008,armor_weight,2026-09-29T12:22:43,Armor_Set,Cloth_Enchanted
PLAYER_0008,armor_weight,2026-09-29T12:23:07,Armor_Set,Stealth_Leather
PLAYER_0008,elemental_perk,2026-09-29T12:23:34,Elemental_Rune,Inferno_Burn
PLAYER_0008,elemental_perk,2026-09-29T12:24:06,Elemental_Rune,Lightning_Chain
PLAYER_0008,passive_aura,2026-09-29T12:24:26,Confirm_Battle_Loadout,Speed_Buff_20pct
PLAYER_0009,hero_class,2026-09-29T14:32:17,Class_Origin,Ironclad_Paladin
PLAYER_0009,weapon_type,2026-09-29T14:32:33,Primary_Weapon,Dual_Katanas
PLAYER_0009,armor_weight,2026-09-29T14:32:42,Armor_Set,Stealth_Leather
PLAYER_0009,elemental_perk,2026-09-29T14:33:01,Elemental_Rune,Frost_Freeze
PLAYER_0009,elemental_perk,2026-09-29T14:33:37,Elemental_Rune,Lightning_Chain
PLAYER_0009,passive_aura,2026-09-29T14:34:05,Confirm_Battle_Loadout,Armor_Shield_35pct
PLAYER_0009,passive_aura,2026-09-29T14:34:22,Confirm_Battle_Loadout,Speed_Buff_20pct
PLAYER_0010,hero_class,2026-09-29T16:27:20,Class_Origin,Shadow_Assassin
PLAYER_0010,weapon_type,2026-09-29T16:27:46,Primary_Weapon,Plasma_Rifle
PLAYER_0010,armor_weight,2026-09-29T16:28:14,Armor_Set,Cloth_Enchanted
PLAYER_0010,elemental_perk,2026-09-29T16:28:31,Elemental_Rune,Inferno_Burn
PLAYER_0010,elemental_perk,2026-09-29T16:29:10,Elemental_Rune,Vampiric_Drain
PLAYER_0010,passive_aura,2026-09-29T16:29:35,Confirm_Battle_Loadout,Armor_Shield_35pct
PLAYER_0010,passive_aura,2026-09-29T16:29:54,Confirm_Battle_Loadout,Speed_Buff_20pct
PLAYER_0011,hero_class,2026-09-29T18:04:29,Class_Origin,Storm_Sorcerer
PLAYER_0011,weapon_type,2026-09-29T18:04:45,Primary_Weapon,Plasma_Rifle
PLAYER_0011,weapon_type,2026-09-29T18:05:07,Primary_Weapon,Dual_Katanas
PLAYER_0011,armor_weight,2026-09-29T18:05:16,Armor_Set,Stealth_Leather
PLAYER_0011,elemental_perk,2026-09-29T18:05:24,Elemental_Rune,Inferno_Burn
PLAYER_0011,passive_aura,2026-09-29T18:05:47,Confirm_Battle_Loadout,Cooldown_Reduction_15pct
PLAYER_0012,hero_class,2026-09-29T20:06:12,Class_Origin,Cyber_Sniper
PLAYER_0012,weapon_type,2026-09-29T20:06:25,Primary_Weapon,Dual_Katanas
PLAYER_0012,armor_weight,2026-09-29T20:06:39,Armor_Set,Heavy_Obsidian
PLAYER_0012,elemental_perk,2026-09-29T20:07:01,Elemental_Rune,Vampiric_Drain
PLAYER_0012,passive_aura,2026-09-29T20:07:25,Confirm_Battle_Loadout,Cooldown_Reduction_15pct
PLAYER_0013,hero_class,2026-09-29T22:39:20,Class_Origin,Cyber_Sniper
PLAYER_0013,weapon_type,2026-09-29T22:39:39,Primary_Weapon,Dual_Katanas
PLAYER_0013,weapon_type,2026-09-29T22:39:53,Primary_Weapon,Arcane_Staff
PLAYER_0013,armor_weight,2026-09-29T22:40:21,Armor_Set,Cloth_Enchanted
PLAYER_0013,elemental_perk,2026-09-29T22:40:37,Elemental_Rune,Frost_Freeze
PLAYER_0013,passive_aura,2026-09-29T22:41:06,Confirm_Battle_Loadout,Armor_Shield_35pct
PLAYER_0014,hero_class,2026-09-30T00:24:12,Class_Origin,Cyber_Sniper
PLAYER_0014,hero_class,2026-09-30T00:24:40,Class_Origin,Storm_Sorcerer
PLAYER_0014,hero_class,2026-09-30T00:25:02,Class_Origin,Shadow_Assassin
PLAYER_0014,hero_class,2026-09-30T00:25:35,Class_Origin,Storm_Sorcerer
PLAYER_0014,weapon_type,2026-09-30T00:25:44,Primary_Weapon,Plasma_Rifle
PLAYER_0014,armor_weight,2026-09-30T00:26:07,Armor_Set,Stealth_Leather
PLAYER_0014,elemental_perk,2026-09-30T00:26:30,Elemental_Rune,Frost_Freeze
PLAYER_0014,passive_aura,2026-09-30T00:26:57,Confirm_Battle_Loadout,Armor_Shield_35pct
PLAYER_0015,hero_class,2026-09-30T02:26:07,Class_Origin,Shadow_Assassin
PLAYER_0015,weapon_type,2026-09-30T02:26:12,Primary_Weapon,Warhammer
PLAYER_0015,armor_weight,2026-09-30T02:26:40,Armor_Set,Heavy_Obsidian
PLAYER_0015,elemental_perk,2026-09-30T02:26:59,Elemental_Rune,Inferno_Burn
PLAYER_0015,elemental_perk,2026-09-30T02:27:31,Elemental_Rune,Vampiric_Drain
PLAYER_0015,elemental_perk,2026-09-30T02:28:01,Elemental_Rune,Frost_Freeze
PLAYER_0015,passive_aura,2026-09-30T02:28:15,Confirm_Battle_Loadout,Speed_Buff_20pct
PLAYER_0015,passive_aura,2026-09-30T02:28:43,Confirm_Battle_Loadout,Armor_Shield_35pct
PLAYER_0016,hero_class,2026-09-30T04:17:29,Class_Origin,Storm_Sorcerer
PLAYER_0016,weapon_type,2026-09-30T04:17:51,Primary_Weapon,Warhammer
PLAYER_0016,armor_weight,2026-09-30T04:18:21,Armor_Set,Cloth_Enchanted
PLAYER_0016,elemental_perk,2026-09-30T04:18:38,Elemental_Rune,Vampiric_Drain
PLAYER_0016,elemental_perk,2026-09-30T04:19:18,Elemental_Rune,Frost_Freeze
PLAYER_0016,passive_aura,2026-09-30T04:19:43,Confirm_Battle_Loadout,Armor_Shield_35pct
PLAYER_0016,passive_aura,2026-09-30T04:20:06,Confirm_Battle_Loadout,Cooldown_Reduction_15pct
PLAYER_0017,hero_class,2026-09-30T06:18:24,Class_Origin,Shadow_Assassin
PLAYER_0017,hero_class,2026-09-30T06:18:51,Class_Origin,Storm_Sorcerer
PLAYER_0017,hero_class,2026-09-30T06:19:30,Class_Origin,Shadow_Assassin
PLAYER_0017,hero_class,2026-09-30T06:19:57,Class_Origin,Storm_Sorcerer
PLAYER_0017,weapon_type,2026-09-30T06:20:09,Primary_Weapon,Arcane_Staff
PLAYER_0017,armor_weight,2026-09-30T06:20:36,Armor_Set,Stealth_Leather
PLAYER_0017,elemental_perk,2026-09-30T06:20:54,Elemental_Rune,Frost_Freeze
PLAYER_0017,passive_aura,2026-09-30T06:21:12,Confirm_Battle_Loadout,Armor_Shield_35pct
PLAYER_0018,hero_class,2026-09-30T08:22:25,Class_Origin,Ironclad_Paladin
PLAYER_0018,weapon_type,2026-09-30T08:22:51,Primary_Weapon,Warhammer
PLAYER_0018,armor_weight,2026-09-30T08:23:03,Armor_Set,Stealth_Leather
PLAYER_0018,elemental_perk,2026-09-30T08:23:27,Elemental_Rune,Inferno_Burn
PLAYER_0018,passive_aura,2026-09-30T08:23:54,Confirm_Battle_Loadout,Armor_Shield_35pct
PLAYER_0019,hero_class,2026-09-30T10:21:21,Class_Origin,Ironclad_Paladin
PLAYER_0019,hero_class,2026-09-30T10:21:34,Class_Origin,Storm_Sorcerer
PLAYER_0019,hero_class,2026-09-30T10:22:11,Class_Origin,Shadow_Assassin
PLAYER_0019,hero_class,2026-09-30T10:22:29,Class_Origin,Storm_Sorcerer
PLAYER_0019,weapon_type,2026-09-30T10:22:39,Primary_Weapon,Arcane_Staff
PLAYER_0019,armor_weight,2026-09-30T10:22:49,Armor_Set,Heavy_Obsidian
PLAYER_0019,elemental_perk,2026-09-30T10:23:13,Elemental_Rune,Inferno_Burn
PLAYER_0019,passive_aura,2026-09-30T10:23:42,Confirm_Battle_Loadout,Armor_Shield_35pct
PLAYER_0020,hero_class,2026-09-30T12:37:24,Class_Origin,Storm_Sorcerer
PLAYER_0020,weapon_type,2026-09-30T12:37:33,Primary_Weapon,Plasma_Rifle
PLAYER_0020,armor_weight,2026-09-30T12:37:38,Armor_Set,Heavy_Obsidian
PLAYER_0020,elemental_perk,2026-09-30T12:38:03,Elemental_Rune,Vampiric_Drain
PLAYER_0020,elemental_perk,2026-09-30T12:38:22,Elemental_Rune,Lightning_Chain
PLAYER_0020,elemental_perk,2026-09-30T12:39:00,Elemental_Rune,Vampiric_Drain
PLAYER_0020,passive_aura,2026-09-30T12:39:15,Confirm_Battle_Loadout,Cooldown_Reduction_15pct
PLAYER_0020,passive_aura,2026-09-30T12:39:56,Confirm_Battle_Loadout,Armor_Shield_35pct
PLAYER_0020,passive_aura,2026-09-30T12:40:20,Confirm_Battle_Loadout,Cooldown_Reduction_15pct
PLAYER_0021,hero_class,2026-09-30T14:18:15,Class_Origin,Storm_Sorcerer
PLAYER_0021,hero_class,2026-09-30T14:18:32,Class_Origin,Storm_Sorcerer
PLAYER_0021,hero_class,2026-09-30T14:19:02,Class_Origin,Shadow_Assassin
PLAYER_0021,hero_class,2026-09-30T14:19:23,Class_Origin,Storm_Sorcerer
PLAYER_0021,weapon_type,2026-09-30T14:19:28,Primary_Weapon,Dual_Katanas
PLAYER_0021,armor_weight,2026-09-30T14:19:43,Armor_Set,Heavy_Obsidian
PLAYER_0021,elemental_perk,2026-09-30T14:19:53,Elemental_Rune,Frost_Freeze
PLAYER_0021,passive_aura,2026-09-30T14:20:22,Confirm_Battle_Loadout,Speed_Buff_20pct
PLAYER_0022,hero_class,2026-09-30T16:36:13,Class_Origin,Ironclad_Paladin
PLAYER_0022,weapon_type,2026-09-30T16:36:24,Primary_Weapon,Dual_Katanas
PLAYER_0022,weapon_type,2026-09-30T16:36:32,Primary_Weapon,Arcane_Staff
PLAYER_0022,armor_weight,2026-09-30T16:36:37,Armor_Set,Heavy_Obsidian
PLAYER_0022,elemental_perk,2026-09-30T16:36:58,Elemental_Rune,Frost_Freeze
PLAYER_0022,passive_aura,2026-09-30T16:37:28,Confirm_Battle_Loadout,Armor_Shield_35pct
PLAYER_0023,hero_class,2026-09-30T18:30:16,Class_Origin,Ironclad_Paladin
PLAYER_0023,weapon_type,2026-09-30T18:30:32,Primary_Weapon,Arcane_Staff
PLAYER_0023,weapon_type,2026-09-30T18:30:50,Primary_Weapon,Dual_Katanas
PLAYER_0023,armor_weight,2026-09-30T18:30:57,Armor_Set,Cloth_Enchanted
PLAYER_0023,elemental_perk,2026-09-30T18:31:04,Elemental_Rune,Vampiric_Drain
PLAYER_0023,passive_aura,2026-09-30T18:31:27,Confirm_Battle_Loadout,Armor_Shield_35pct
PLAYER_0024,hero_class,2026-09-30T20:27:08,Class_Origin,Ironclad_Paladin
PLAYER_0024,hero_class,2026-09-30T20:27:29,Class_Origin,Storm_Sorcerer
PLAYER_0024,hero_class,2026-09-30T20:27:42,Class_Origin,Shadow_Assassin
PLAYER_0024,hero_class,2026-09-30T20:28:15,Class_Origin,Storm_Sorcerer
PLAYER_0024,weapon_type,2026-09-30T20:28:27,Primary_Weapon,Arcane_Staff
PLAYER_0024,armor_weight,2026-09-30T20:28:38,Armor_Set,Stealth_Leather
PLAYER_0024,elemental_perk,2026-09-30T20:28:57,Elemental_Rune,Inferno_Burn
PLAYER_0024,passive_aura,2026-09-30T20:29:17,Confirm_Battle_Loadout,Armor_Shield_35pct
PLAYER_0025,hero_class,2026-09-30T22:23:18,Class_Origin,Cyber_Sniper
PLAYER_0025,hero_class,2026-09-30T22:23:54,Class_Origin,Storm_Sorcerer
PLAYER_0025,hero_class,2026-09-30T22:24:17,Class_Origin,Shadow_Assassin
PLAYER_0025,hero_class,2026-09-30T22:24:38,Class_Origin,Storm_Sorcerer
PLAYER_0025,weapon_type,2026-09-30T22:25:01,Primary_Weapon,Dual_Katanas
PLAYER_0025,armor_weight,2026-09-30T22:25:29,Armor_Set,Heavy_Obsidian
PLAYER_0025,elemental_perk,2026-09-30T22:25:57,Elemental_Rune,Inferno_Burn
PLAYER_0025,passive_aura,2026-09-30T22:26:04,Confirm_Battle_Loadout,Speed_Buff_20pct
PLAYER_0026,hero_class,2026-10-01T00:32:19,Class_Origin,Ironclad_Paladin
PLAYER_0026,hero_class,2026-10-01T00:32:48,Class_Origin,Storm_Sorcerer
PLAYER_0026,hero_class,2026-10-01T00:33:18,Class_Origin,Shadow_Assassin
PLAYER_0026,hero_class,2026-10-01T00:33:57,Class_Origin,Storm_Sorcerer
PLAYER_0026,weapon_type,2026-10-01T00:34:07,Primary_Weapon,Plasma_Rifle
PLAYER_0026,armor_weight,2026-10-01T00:34:26,Armor_Set,Cloth_Enchanted
PLAYER_0026,elemental_perk,2026-10-01T00:34:43,Elemental_Rune,Vampiric_Drain
PLAYER_0026,passive_aura,2026-10-01T00:35:05,Confirm_Battle_Loadout,Armor_Shield_35pct
PLAYER_0027,hero_class,2026-10-01T02:17:22,Class_Origin,Ironclad_Paladin
PLAYER_0027,hero_class,2026-10-01T02:17:35,Class_Origin,Storm_Sorcerer
PLAYER_0027,hero_class,2026-10-01T02:18:04,Class_Origin,Shadow_Assassin
PLAYER_0027,hero_class,2026-10-01T02:18:35,Class_Origin,Storm_Sorcerer
PLAYER_0027,weapon_type,2026-10-01T02:18:43,Primary_Weapon,Arcane_Staff
PLAYER_0027,armor_weight,2026-10-01T02:18:55,Armor_Set,Stealth_Leather
PLAYER_0027,elemental_perk,2026-10-01T02:19:12,Elemental_Rune,Inferno_Burn
PLAYER_0027,passive_aura,2026-10-01T02:19:24,Confirm_Battle_Loadout,Cooldown_Reduction_15pct
PLAYER_0028,hero_class,2026-10-01T04:23:19,Class_Origin,Ironclad_Paladin
PLAYER_0028,weapon_type,2026-10-01T04:23:38,Primary_Weapon,Dual_Katanas
PLAYER_0028,armor_weight,2026-10-01T04:24:02,Armor_Set,Heavy_Obsidian
PLAYER_0028,elemental_perk,2026-10-01T04:24:26,Elemental_Rune,Lightning_Chain
PLAYER_0028,passive_aura,2026-10-01T04:24:45,Confirm_Battle_Loadout,Cooldown_Reduction_15pct
PLAYER_0029,hero_class,2026-10-01T06:21:20,Class_Origin,Cyber_Sniper
PLAYER_0029,weapon_type,2026-10-01T06:21:43,Primary_Weapon,Warhammer
PLAYER_0029,armor_weight,2026-10-01T06:21:53,Armor_Set,Stealth_Leather
PLAYER_0029,elemental_perk,2026-10-01T06:22:19,Elemental_Rune,Lightning_Chain
PLAYER_0029,passive_aura,2026-10-01T06:22:36,Confirm_Battle_Loadout,Cooldown_Reduction_15pct
PLAYER_0030,hero_class,2026-10-01T08:38:19,Class_Origin,Cyber_Sniper
PLAYER_0030,weapon_type,2026-10-01T08:38:43,Primary_Weapon,Arcane_Staff
PLAYER_0030,armor_weight,2026-10-01T08:39:07,Armor_Set,Heavy_Obsidian
PLAYER_0030,elemental_perk,2026-10-01T08:39:27,Elemental_Rune,Vampiric_Drain
PLAYER_0030,passive_aura,2026-10-01T08:39:39,Confirm_Battle_Loadout,Cooldown_Reduction_15pct
PLAYER_0031,hero_class,2026-10-01T10:22:13,Class_Origin,Cyber_Sniper
PLAYER_0031,weapon_type,2026-10-01T10:22:32,Primary_Weapon,Arcane_Staff
PLAYER_0031,weapon_type,2026-10-01T10:22:42,Primary_Weapon,Dual_Katanas
PLAYER_0031,armor_weight,2026-10-01T10:22:57,Armor_Set,Stealth_Leather
PLAYER_0031,elemental_perk,2026-10-01T10:23:22,Elemental_Rune,Vampiric_Drain
PLAYER_0031,passive_aura,2026-10-01T10:23:42,Confirm_Battle_Loadout,Cooldown_Reduction_15pct
PLAYER_0032,hero_class,2026-10-01T12:11:06,Class_Origin,Cyber_Sniper
PLAYER_0032,weapon_type,2026-10-01T12:11:29,Primary_Weapon,Dual_Katanas
PLAYER_0032,armor_weight,2026-10-01T12:11:58,Armor_Set,Stealth_Leather
PLAYER_0032,elemental_perk,2026-10-01T12:12:22,Elemental_Rune,Inferno_Burn
PLAYER_0032,passive_aura,2026-10-01T12:12:29,Confirm_Battle_Loadout,Armor_Shield_35pct
PLAYER_0033,hero_class,2026-10-01T14:28:15,Class_Origin,Storm_Sorcerer
PLAYER_0033,weapon_type,2026-10-01T14:28:37,Primary_Weapon,Warhammer
PLAYER_0033,weapon_type,2026-10-01T14:29:27,Primary_Weapon,Plasma_Rifle
PLAYER_0033,armor_weight,2026-10-01T14:29:54,Armor_Set,Stealth_Leather
PLAYER_0033,elemental_perk,2026-10-01T14:30:02,Elemental_Rune,Lightning_Chain
PLAYER_0033,elemental_perk,2026-10-01T14:30:42,Elemental_Rune,Frost_Freeze
PLAYER_0033,passive_aura,2026-10-01T14:31:08,Confirm_Battle_Loadout,Cooldown_Reduction_15pct
PLAYER_0034,hero_class,2026-10-01T16:11:25,Class_Origin,Storm_Sorcerer
PLAYER_0034,weapon_type,2026-10-01T16:11:52,Primary_Weapon,Arcane_Staff
PLAYER_0034,weapon_type,2026-10-01T16:12:04,Primary_Weapon,Dual_Katanas
PLAYER_0034,armor_weight,2026-10-01T16:12:17,Armor_Set,Stealth_Leather
PLAYER_0034,elemental_perk,2026-10-01T16:12:32,Elemental_Rune,Frost_Freeze
PLAYER_0034,passive_aura,2026-10-01T16:12:50,Confirm_Battle_Loadout,Armor_Shield_35pct
PLAYER_0035,hero_class,2026-10-01T18:16:07,Class_Origin,Cyber_Sniper
PLAYER_0035,hero_class,2026-10-01T18:16:27,Class_Origin,Storm_Sorcerer
PLAYER_0035,hero_class,2026-10-01T18:16:55,Class_Origin,Shadow_Assassin
PLAYER_0035,hero_class,2026-10-01T18:17:23,Class_Origin,Storm_Sorcerer
PLAYER_0035,weapon_type,2026-10-01T18:17:50,Primary_Weapon,Dual_Katanas
PLAYER_0035,armor_weight,2026-10-01T18:17:58,Armor_Set,Heavy_Obsidian
PLAYER_0035,elemental_perk,2026-10-01T18:18:19,Elemental_Rune,Inferno_Burn
PLAYER_0035,passive_aura,2026-10-01T18:18:42,Confirm_Battle_Loadout,Cooldown_Reduction_15pct
PLAYER_0036,hero_class,2026-10-01T20:05:29,Class_Origin,Cyber_Sniper
PLAYER_0036,weapon_type,2026-10-01T20:05:55,Primary_Weapon,Plasma_Rifle
PLAYER_0036,armor_weight,2026-10-01T20:06:12,Armor_Set,Stealth_Leather
PLAYER_0036,elemental_perk,2026-10-01T20:06:28,Elemental_Rune,Vampiric_Drain
PLAYER_0036,passive_aura,2026-10-01T20:06:58,Confirm_Battle_Loadout,Armor_Shield_35pct
PLAYER_0037,hero_class,2026-10-01T22:28:29,Class_Origin,Cyber_Sniper
PLAYER_0037,weapon_type,2026-10-01T22:28:58,Primary_Weapon,Dual_Katanas
PLAYER_0037,weapon_type,2026-10-01T22:29:14,Primary_Weapon,Arcane_Staff
PLAYER_0037,armor_weight,2026-10-01T22:29:38,Armor_Set,Cloth_Enchanted
PLAYER_0037,elemental_perk,2026-10-01T22:30:08,Elemental_Rune,Vampiric_Drain
PLAYER_0037,passive_aura,2026-10-01T22:30:30,Confirm_Battle_Loadout,Cooldown_Reduction_15pct
PLAYER_0038,hero_class,2026-10-02T00:26:17,Class_Origin,Shadow_Assassin
PLAYER_0038,weapon_type,2026-10-02T00:26:25,Primary_Weapon,Warhammer
PLAYER_0038,weapon_type,2026-10-02T00:26:33,Primary_Weapon,Dual_Katanas
PLAYER_0038,armor_weight,2026-10-02T00:26:45,Armor_Set,Cloth_Enchanted
PLAYER_0038,elemental_perk,2026-10-02T00:27:00,Elemental_Rune,Vampiric_Drain
PLAYER_0038,passive_aura,2026-10-02T00:27:28,Confirm_Battle_Loadout,Cooldown_Reduction_15pct
PLAYER_0039,hero_class,2026-10-02T02:19:25,Class_Origin,Shadow_Assassin
PLAYER_0039,weapon_type,2026-10-02T02:19:51,Primary_Weapon,Plasma_Rifle
PLAYER_0039,armor_weight,2026-10-02T02:20:20,Armor_Set,Heavy_Obsidian
PLAYER_0039,elemental_perk,2026-10-02T02:20:38,Elemental_Rune,Inferno_Burn
PLAYER_0039,elemental_perk,2026-10-02T02:21:17,Elemental_Rune,Lightning_Chain
PLAYER_0039,passive_aura,2026-10-02T02:21:24,Confirm_Battle_Loadout,Cooldown_Reduction_15pct
PLAYER_0039,passive_aura,2026-10-02T02:21:42,Confirm_Battle_Loadout,Speed_Buff_20pct
PLAYER_0040,hero_class,2026-10-02T04:20:18,Class_Origin,Ironclad_Paladin
PLAYER_0040,weapon_type,2026-10-02T04:20:24,Primary_Weapon,Warhammer
PLAYER_0040,armor_weight,2026-10-02T04:20:46,Armor_Set,Cloth_Enchanted
PLAYER_0040,elemental_perk,2026-10-02T04:21:16,Elemental_Rune,Frost_Freeze
PLAYER_0040,elemental_perk,2026-10-02T04:21:39,Elemental_Rune,Vampiric_Drain
PLAYER_0040,passive_aura,2026-10-02T04:21:57,Confirm_Battle_Loadout,Armor_Shield_35pct
PLAYER_0040,passive_aura,2026-10-02T04:22:37,Confirm_Battle_Loadout,Speed_Buff_20pct
PLAYER_0041,hero_class,2026-10-02T06:23:11,Class_Origin,Ironclad_Paladin
PLAYER_0041,weapon_type,2026-10-02T06:23:17,Primary_Weapon,Dual_Katanas
PLAYER_0041,armor_weight,2026-10-02T06:23:32,Armor_Set,Cloth_Enchanted
PLAYER_0041,elemental_perk,2026-10-02T06:23:43,Elemental_Rune,Frost_Freeze
PLAYER_0041,elemental_perk,2026-10-02T06:24:24,Elemental_Rune,Vampiric_Drain
PLAYER_0041,elemental_perk,2026-10-02T06:24:43,Elemental_Rune,Lightning_Chain
PLAYER_0041,passive_aura,2026-10-02T06:25:03,Confirm_Battle_Loadout,Armor_Shield_35pct
PLAYER_0041,passive_aura,2026-10-02T06:25:30,Confirm_Battle_Loadout,Cooldown_Reduction_15pct
PLAYER_0041,passive_aura,2026-10-02T06:25:49,Confirm_Battle_Loadout,Speed_Buff_20pct
PLAYER_0042,hero_class,2026-10-02T08:21:18,Class_Origin,Shadow_Assassin
PLAYER_0042,hero_class,2026-10-02T08:21:32,Class_Origin,Storm_Sorcerer
PLAYER_0042,hero_class,2026-10-02T08:21:45,Class_Origin,Shadow_Assassin
PLAYER_0042,hero_class,2026-10-02T08:22:20,Class_Origin,Storm_Sorcerer
PLAYER_0042,weapon_type,2026-10-02T08:22:25,Primary_Weapon,Warhammer
PLAYER_0042,armor_weight,2026-10-02T08:22:33,Armor_Set,Heavy_Obsidian
PLAYER_0042,elemental_perk,2026-10-02T08:22:51,Elemental_Rune,Inferno_Burn
PLAYER_0042,passive_aura,2026-10-02T08:23:03,Confirm_Battle_Loadout,Speed_Buff_20pct
PLAYER_0043,hero_class,2026-10-02T10:06:16,Class_Origin,Ironclad_Paladin
PLAYER_0043,weapon_type,2026-10-02T10:06:36,Primary_Weapon,Arcane_Staff
PLAYER_0043,armor_weight,2026-10-02T10:06:55,Armor_Set,Stealth_Leather
PLAYER_0043,elemental_perk,2026-10-02T10:07:04,Elemental_Rune,Lightning_Chain
PLAYER_0043,passive_aura,2026-10-02T10:07:22,Confirm_Battle_Loadout,Cooldown_Reduction_15pct
PLAYER_0044,hero_class,2026-10-02T12:10:15,Class_Origin,Ironclad_Paladin
PLAYER_0044,weapon_type,2026-10-02T12:10:27,Primary_Weapon,Dual_Katanas
PLAYER_0044,weapon_type,2026-10-02T12:10:46,Primary_Weapon,Arcane_Staff
PLAYER_0044,armor_weight,2026-10-02T12:11:10,Armor_Set,Heavy_Obsidian
PLAYER_0044,elemental_perk,2026-10-02T12:11:30,Elemental_Rune,Lightning_Chain
PLAYER_0044,passive_aura,2026-10-02T12:11:46,Confirm_Battle_Loadout,Speed_Buff_20pct
PLAYER_0045,hero_class,2026-10-02T14:32:11,Class_Origin,Cyber_Sniper
PLAYER_0045,hero_class,2026-10-02T14:32:50,Class_Origin,Storm_Sorcerer
PLAYER_0045,hero_class,2026-10-02T14:33:11,Class_Origin,Shadow_Assassin
PLAYER_0045,hero_class,2026-10-02T14:33:21,Class_Origin,Storm_Sorcerer
PLAYER_0045,weapon_type,2026-10-02T14:33:45,Primary_Weapon,Plasma_Rifle
PLAYER_0045,armor_weight,2026-10-02T14:34:00,Armor_Set,Stealth_Leather
PLAYER_0045,elemental_perk,2026-10-02T14:34:12,Elemental_Rune,Lightning_Chain
PLAYER_0045,passive_aura,2026-10-02T14:34:33,Confirm_Battle_Loadout,Armor_Shield_35pct
PLAYER_0046,hero_class,2026-10-02T16:39:21,Class_Origin,Cyber_Sniper
PLAYER_0046,weapon_type,2026-10-02T16:39:35,Primary_Weapon,Plasma_Rifle
PLAYER_0046,weapon_type,2026-10-02T16:40:03,Primary_Weapon,Dual_Katanas
PLAYER_0046,armor_weight,2026-10-02T16:40:28,Armor_Set,Heavy_Obsidian
PLAYER_0046,armor_weight,2026-10-02T16:41:08,Armor_Set,Stealth_Leather
PLAYER_0046,elemental_perk,2026-10-02T16:41:31,Elemental_Rune,Lightning_Chain
PLAYER_0046,elemental_perk,2026-10-02T16:42:13,Elemental_Rune,Vampiric_Drain
PLAYER_0046,passive_aura,2026-10-02T16:42:27,Confirm_Battle_Loadout,Speed_Buff_20pct
PLAYER_0047,hero_class,2026-10-02T18:05:10,Class_Origin,Ironclad_Paladin
PLAYER_0047,hero_class,2026-10-02T18:05:29,Class_Origin,Shadow_Assassin
PLAYER_0047,weapon_type,2026-10-02T18:05:52,Primary_Weapon,Arcane_Staff
PLAYER_0047,armor_weight,2026-10-02T18:06:06,Armor_Set,Stealth_Leather
PLAYER_0047,armor_weight,2026-10-02T18:06:27,Armor_Set,Heavy_Obsidian
PLAYER_0047,elemental_perk,2026-10-02T18:06:32,Elemental_Rune,Inferno_Burn
PLAYER_0047,passive_aura,2026-10-02T18:06:46,Confirm_Battle_Loadout,Cooldown_Reduction_15pct
PLAYER_0048,hero_class,2026-10-02T20:12:06,Class_Origin,Storm_Sorcerer
PLAYER_0048,hero_class,2026-10-02T20:12:46,Class_Origin,Storm_Sorcerer
PLAYER_0048,hero_class,2026-10-02T20:13:06,Class_Origin,Shadow_Assassin
PLAYER_0048,hero_class,2026-10-02T20:13:22,Class_Origin,Storm_Sorcerer
PLAYER_0048,weapon_type,2026-10-02T20:13:33,Primary_Weapon,Arcane_Staff
PLAYER_0048,armor_weight,2026-10-02T20:13:52,Armor_Set,Cloth_Enchanted
PLAYER_0048,elemental_perk,2026-10-02T20:14:17,Elemental_Rune,Lightning_Chain
PLAYER_0048,passive_aura,2026-10-02T20:14:31,Confirm_Battle_Loadout,Armor_Shield_35pct
PLAYER_0049,hero_class,2026-10-02T22:16:09,Class_Origin,Ironclad_Paladin
PLAYER_0049,weapon_type,2026-10-02T22:16:32,Primary_Weapon,Arcane_Staff
PLAYER_0049,armor_weight,2026-10-02T22:16:41,Armor_Set,Heavy_Obsidian
PLAYER_0049,armor_weight,2026-10-02T22:17:12,Armor_Set,Stealth_Leather
PLAYER_0049,elemental_perk,2026-10-02T22:17:30,Elemental_Rune,Vampiric_Drain
PLAYER_0049,elemental_perk,2026-10-02T22:17:56,Elemental_Rune,Frost_Freeze
PLAYER_0049,passive_aura,2026-10-02T22:18:20,Confirm_Battle_Loadout,Cooldown_Reduction_15pct
PLAYER_0050,hero_class,2026-10-03T00:22:14,Class_Origin,Shadow_Assassin
PLAYER_0050,hero_class,2026-10-03T00:22:51,Class_Origin,Storm_Sorcerer
PLAYER_0050,hero_class,2026-10-03T00:23:08,Class_Origin,Shadow_Assassin
PLAYER_0050,hero_class,2026-10-03T00:23:21,Class_Origin,Storm_Sorcerer
PLAYER_0050,weapon_type,2026-10-03T00:23:37,Primary_Weapon,Plasma_Rifle
PLAYER_0050,armor_weight,2026-10-03T00:23:42,Armor_Set,Stealth_Leather
PLAYER_0050,elemental_perk,2026-10-03T00:24:01,Elemental_Rune,Lightning_Chain
PLAYER_0050,passive_aura,2026-10-03T00:24:28,Confirm_Battle_Loadout,Cooldown_Reduction_15pct
PLAYER_0051,hero_class,2026-10-03T02:35:13,Class_Origin,Ironclad_Paladin
PLAYER_0051,hero_class,2026-10-03T02:35:40,Class_Origin,Storm_Sorcerer
PLAYER_0051,hero_class,2026-10-03T02:36:04,Class_Origin,Shadow_Assassin
PLAYER_0051,hero_class,2026-10-03T02:36:33,Class_Origin,Storm_Sorcerer
PLAYER_0051,weapon_type,2026-10-03T02:36:54,Primary_Weapon,Dual_Katanas
PLAYER_0051,armor_weight,2026-10-03T02:37:00,Armor_Set,Stealth_Leather
PLAYER_0051,elemental_perk,2026-10-03T02:37:22,Elemental_Rune,Lightning_Chain
PLAYER_0051,passive_aura,2026-10-03T02:37:37,Confirm_Battle_Loadout,Cooldown_Reduction_15pct
PLAYER_0052,hero_class,2026-10-03T04:28:29,Class_Origin,Shadow_Assassin
PLAYER_0052,weapon_type,2026-10-03T04:28:34,Primary_Weapon,Dual_Katanas
PLAYER_0052,weapon_type,2026-10-03T04:28:43,Primary_Weapon,Arcane_Staff
PLAYER_0052,armor_weight,2026-10-03T04:29:04,Armor_Set,Heavy_Obsidian
PLAYER_0052,elemental_perk,2026-10-03T04:29:23,Elemental_Rune,Vampiric_Drain
PLAYER_0052,passive_aura,2026-10-03T04:29:48,Confirm_Battle_Loadout,Armor_Shield_35pct
PLAYER_0053,hero_class,2026-10-03T06:37:26,Class_Origin,Ironclad_Paladin
PLAYER_0053,weapon_type,2026-10-03T06:37:31,Primary_Weapon,Plasma_Rifle
PLAYER_0053,armor_weight,2026-10-03T06:37:36,Armor_Set,Cloth_Enchanted
PLAYER_0053,elemental_perk,2026-10-03T06:37:46,Elemental_Rune,Lightning_Chain
PLAYER_0053,elemental_perk,2026-10-03T06:38:09,Elemental_Rune,Inferno_Burn
PLAYER_0053,passive_aura,2026-10-03T06:38:32,Confirm_Battle_Loadout,Cooldown_Reduction_15pct
PLAYER_0053,passive_aura,2026-10-03T06:39:17,Confirm_Battle_Loadout,Speed_Buff_20pct
PLAYER_0053,passive_aura,2026-10-03T06:39:58,Confirm_Battle_Loadout,Cooldown_Reduction_15pct
PLAYER_0054,hero_class,2026-10-03T08:02:07,Class_Origin,Cyber_Sniper
PLAYER_0054,hero_class,2026-10-03T08:02:53,Class_Origin,Storm_Sorcerer
PLAYER_0054,weapon_type,2026-10-03T08:03:23,Primary_Weapon,Warhammer
PLAYER_0054,weapon_type,2026-10-03T08:03:48,Primary_Weapon,Arcane_Staff
PLAYER_0054,armor_weight,2026-10-03T08:04:04,Armor_Set,Heavy_Obsidian
PLAYER_0054,armor_weight,2026-10-03T08:04:44,Armor_Set,Stealth_Leather
PLAYER_0054,elemental_perk,2026-10-03T08:05:01,Elemental_Rune,Lightning_Chain
PLAYER_0054,passive_aura,2026-10-03T08:05:25,Confirm_Battle_Loadout,Cooldown_Reduction_15pct
PLAYER_0054,passive_aura,2026-10-03T08:06:13,Confirm_Battle_Loadout,Speed_Buff_20pct
