user_id,persona
U0001,single_corrector
U0002,decisive
U0003,late_reverser
U0004,single_corrector
U0005,decisive
U0006,late_reverser
U0007,single_corrector
U0008,late_reverser
U0009,flip_flopper
U0010,chronic_indecisive
U0011,decisive
U0012,single_corrector
U0013,decisive
U0014,single_corrector
U0015,flip_flopper
U0016,flip_flopper
U0017,flip_flopper
U0018,decisive
U0019,decisive
U0020,flip_flopper
U0021,single_corrector
U0022,late_reverser
U0023,chronic_indecisive
U0024,chronic_indecisive
U0025,flip_flopper
U0026,late_reverser
U0027,flip_flopper
U0028,flip_flopper
U0029,late_reverser
U0030,late_reverser
U0031,flip_flopper
U0032,chronic_indecisive
U0033,chronic_indecisive
U0034,chronic_indecisive
U0035,single_corrector
U0036,chronic_indecisive
U0037,chronic_indecisive
U0038,late_reverser
U0039,flip_flopper
U0040,single_corrector
U0041,decisive
U0042,late_reverser
U0043,late_reverser
U0044,single_corrector
U0045,flip_flopper
U0046,decisive
U0047,decisive
U0048,chronic_indecisive
U0049,single_corrector
U0050,single_corrector
U0051,decisive
U0052,decisive
U0053,late_reverser
U0054,flip_flopper
U0055,late_reverser
U0056,late_reverser
U0057,flip_flopper
U0058,single_corrector
U0059,late_reverser
U0060,chronic_indecisive
U0061,decisive
U0062,flip_flopper
U0063,chronic_indecisive
U0064,single_corrector
U0065,flip_flopper
U0066,chronic_indecisive
U0067,single_corrector
U0068,decisive
U0069,chronic_indecisive
U0070,single_corrector
U0071,chronic_indecisive
U0072,single_corrector
U0073,late_reverser
U0074,flip_flopper
U0075,single_corrector
U0076,flip_flopper
U0077,decisive
U0078,late_reverser
U0079,flip_flopper
U0080,flip_flopper
U0081,flip_flopper
U0082,flip_flopper
U0083,single_corrector
U0084,chronic_indecisive
U0085,chronic_indecisive
U0086,flip_flopper
U0087,single_corrector
U0088,single_corrector
U0089,decisive
U0090,chronic_indecisive
U0091,single_corrector
U0092,decisive
U0093,single_corrector
U0094,late_reverser
U0095,single_corrector
U0096,chronic_indecisive
U0097,late_reverser
U0098,decisive
U0099,chronic_indecisive
U0100,flip_flopper
U0101,flip_flopper
U0102,flip_flopper
U0103,late_reverser
U0104,flip_flopper
U0105,decisive
U0106,chronic_indecisive
U0107,flip_flopper
U0108,single_corrector
U0109,chronic_indecisive
U0110,single_corrector
U0111,late_reverser
U0112,decisive
U0113,chronic_indecisive
U0114,late_reverser
U0115,decisive
U0116,decisive
U0117,flip_flopper
U0118,late_reverser
U0119,decisive
U0120,late_reverser
U0121,chronic_indecisive
U0122,flip_flopper
U0123,late_reverser
U0124,chronic_indecisive
U0125,single_corrector
U0126,late_reverser
U0127,late_reverser
U0128,decisive
U0129,late_reverser
U0130,flip_flopper
U0131,late_reverser
U0132,late_reverser
U0133,decisive
U0134,single_corrector
U0135,late_reverser
U0136,decisive
U0137,late_reverser
U0138,decisive
U0139,decisive
U0140,chronic_indecisive
U0141,chronic_indecisive
U0142,single_corrector
U0143,chronic_indecisive
U0144,flip_flopper
U0145,decisive
U0146,flip_flopper
U0147,chronic_indecisive
U0148,decisive
U0149,flip_flopper
U0150,chronic_indecisive
U0151,single_corrector
U0152,flip_flopper
U0153,single_corrector
U0154,decisive
U0155,single_corrector
U0156,decisive
U0157,decisive
U0158,chronic_indecisive
U0159,late_reverser
U0160,chronic_indecisive
U0161,flip_flopper
U0162,flip_flopper
U0163,late_reverser
U0164,late_reverser
U0165,decisive
U0166,single_corrector
U0167,flip_flopper
U0168,single_corrector
U0169,single_corrector
U0170,late_reverser
U0171,chronic_indecisive
U0172,single_corrector
U0173,decisive
U0174,single_corrector
U0175,decisive
U0176,flip_flopper
U0177,chronic_indecisive
U0178,single_corrector
U0179,flip_flopper
U0180,single_corrector
U0181,chronic_indecisive
U0182,decisive
U0183,chronic_indecisive
U0184,single_corrector
U0185,decisive
U0186,single_corrector
U0187,chronic_indecisive
U0188,decisive
U0189,chronic_indecisive
U0190,chronic_indecisive
U0191,flip_flopper
U0192,chronic_indecisive
U0193,decisive
U0194,late_reverser
U0195,late_reverser
U0196,late_reverser
U0197,late_reverser
U0198,late_reverser
U0199,decisive
U0200,chronic_indecisive
