patient_id,consultation_item,scheduled_at,triage_step,selected_value
PAT_0001,specialty,2026-09-15T11:10:51,Triage_Intake,Dermatology
PAT_0001,specialty,2026-09-15T11:11:53,Triage_Intake,General_Practice
PAT_0001,consult_mode,2026-09-15T11:12:48,Symptoms_Assessment,In_Person
PAT_0001,provider_pref,2026-09-15T11:13:28,Provider_Match,Female_Only
PAT_0001,slot_time,2026-09-15T11:14:25,Time_Slot,11:30_AM
PAT_0001,billing_type,2026-09-15T11:14:46,Insurance_Verification,Medicare
PAT_0001,billing_type,2026-09-15T11:15:57,Insurance_Verification,Self_Pay_Cash
PAT_0002,specialty,2026-09-15T12:35:40,Triage_Intake,Dermatology
PAT_0002,specialty,2026-09-15T12:36:30,Triage_Intake,Cardiology
PAT_0002,specialty,2026-09-15T12:37:46,Triage_Intake,General_Practice
PAT_0002,specialty,2026-09-15T12:38:58,Triage_Intake,Cardiology
PAT_0002,consult_mode,2026-09-15T12:39:55,Symptoms_Assessment,In_Person
PAT_0002,provider_pref,2026-09-15T12:40:32,Provider_Match,Any_Available
PAT_0002,slot_time,2026-09-15T12:40:54,Time_Slot,06:00_PM
PAT_0002,billing_type,2026-09-15T12:41:24,Insurance_Verification,Self_Pay_Cash
PAT_0003,specialty,2026-09-15T14:41:58,Triage_Intake,Dermatology
PAT_0003,consult_mode,2026-09-15T14:42:51,Symptoms_Assessment,Phone_Audio
PAT_0003,provider_pref,2026-09-15T14:43:44,Provider_Match,Male_Only
PAT_0003,slot_time,2026-09-15T14:44:11,Time_Slot,02:00_PM
PAT_0003,slot_time,2026-09-15T14:44:40,Time_Slot,09:00_AM
PAT_0003,billing_type,2026-09-15T14:45:36,Insurance_Verification,Self_Pay_Cash
PAT_0003,billing_type,2026-09-15T14:45:58,Insurance_Verification,Medicare
PAT_0004,specialty,2026-09-15T17:11:33,Triage_Intake,General_Practice
PAT_0004,consult_mode,2026-09-15T17:12:16,Symptoms_Assessment,Video_Call
PAT_0004,provider_pref,2026-09-15T17:12:31,Provider_Match,Female_Only
PAT_0004,slot_time,2026-09-15T17:13:07,Time_Slot,06:00_PM
PAT_0004,billing_type,2026-09-15T17:13:58,Insurance_Verification,Self_Pay_Cash
PAT_0005,specialty,2026-09-15T18:45:28,Triage_Intake,Dermatology
PAT_0005,specialty,2026-09-15T18:46:32,Triage_Intake,Cardiology
PAT_0005,specialty,2026-09-15T18:47:08,Triage_Intake,General_Practice
PAT_0005,specialty,2026-09-15T18:48:06,Triage_Intake,Cardiology
PAT_0005,consult_mode,2026-09-15T18:48:54,Symptoms_Assessment,Phone_Audio
PAT_0005,provider_pref,2026-09-15T18:49:51,Provider_Match,Senior_Physician
PAT_0005,slot_time,2026-09-15T18:50:37,Time_Slot,09:00_AM
PAT_0005,billing_type,2026-09-15T18:50:53,Insurance_Verification,Self_Pay_Cash
PAT_0006,specialty,2026-09-15T21:04:50,Triage_Intake,Dermatology
PAT_0006,consult_mode,2026-09-15T21:05:46,Symptoms_Assessment,Phone_Audio
PAT_0006,provider_pref,2026-09-15T21:06:17,Provider_Match,Female_Only
PAT_0006,slot_time,2026-09-15T21:07:17,Time_Slot,09:00_AM
PAT_0006,slot_time,2026-09-15T21:07:31,Time_Slot,11:30_AM
PAT_0006,billing_type,2026-09-15T21:07:56,Insurance_Verification,In_Network_Aetna
PAT_0007,specialty,2026-09-15T22:51:43,Triage_Intake,Cardiology
PAT_0007,consult_mode,2026-09-15T22:52:14,Symptoms_Assessment,Phone_Audio
PAT_0007,provider_pref,2026-09-15T22:53:04,Provider_Match,Any_Available
PAT_0007,slot_time,2026-09-15T22:53:46,Time_Slot,11:30_AM
PAT_0007,slot_time,2026-09-15T22:55:01,Time_Slot,09:00_AM
PAT_0007,slot_time,2026-09-15T22:55:40,Time_Slot,04:30_PM
PAT_0007,billing_type,2026-09-15T22:56:35,Insurance_Verification,In_Network_Aetna
PAT_0007,billing_type,2026-09-15T22:57:43,Insurance_Verification,Medicare
PAT_0007,billing_type,2026-09-15T22:58:29,Insurance_Verification,In_Network_Aetna
PAT_0008,specialty,2026-09-16T00:54:00,Triage_Intake,Dermatology
PAT_0008,consult_mode,2026-09-16T00:54:27,Symptoms_Assessment,Video_Call
PAT_0008,provider_pref,2026-09-16T00:55:12,Provider_Match,Senior_Physician
PAT_0008,slot_time,2026-09-16T00:56:06,Time_Slot,04:30_PM
PAT_0008,slot_time,2026-09-16T00:56:46,Time_Slot,02:00_PM
PAT_0008,slot_time,2026-09-16T00:57:48,Time_Slot,11:30_AM
PAT_0008,billing_type,2026-09-16T00:58:42,Insurance_Verification,Self_Pay_Cash
PAT_0008,billing_type,2026-09-16T00:59:55,Insurance_Verification,Medicare
PAT_0009,specialty,2026-09-16T02:41:17,Triage_Intake,Dermatology
PAT_0009,consult_mode,2026-09-16T02:42:06,Symptoms_Assessment,Video_Call
PAT_0009,provider_pref,2026-09-16T02:43:02,Provider_Match,Senior_Physician
PAT_0009,slot_time,2026-09-16T02:43:36,Time_Slot,04:30_PM
PAT_0009,slot_time,2026-09-16T02:44:41,Time_Slot,06:00_PM
PAT_0009,slot_time,2026-09-16T02:45:40,Time_Slot,11:30_AM
PAT_0009,billing_type,2026-09-16T02:46:32,Insurance_Verification,Self_Pay_Cash
PAT_0009,billing_type,2026-09-16T02:47:40,Insurance_Verification,Medicare
PAT_0009,billing_type,2026-09-16T02:48:35,Insurance_Verification,In_Network_Aetna
PAT_0010,specialty,2026-09-16T04:46:44,Triage_Intake,General_Practice
PAT_0010,consult_mode,2026-09-16T04:46:59,Symptoms_Assessment,Phone_Audio
PAT_0010,provider_pref,2026-09-16T04:47:19,Provider_Match,Female_Only
PAT_0010,slot_time,2026-09-16T04:48:05,Time_Slot,02:00_PM
PAT_0010,slot_time,2026-09-16T04:48:31,Time_Slot,09:00_AM
PAT_0010,billing_type,2026-09-16T04:48:54,Insurance_Verification,Self_Pay_Cash
PAT_0011,specialty,2026-09-16T06:33:27,Triage_Intake,Neurology
PAT_0011,consult_mode,2026-09-16T06:34:24,Symptoms_Assessment,Video_Call
PAT_0011,consult_mode,2026-09-16T06:35:46,Symptoms_Assessment,In_Person
PAT_0011,provider_pref,2026-09-16T06:36:23,Provider_Match,Senior_Physician
PAT_0011,provider_pref,2026-09-16T06:37:57,Provider_Match,Female_Only
PAT_0011,slot_time,2026-09-16T06:38:55,Time_Slot,09:00_AM
PAT_0011,billing_type,2026-09-16T06:39:42,Insurance_Verification,In_Network_BlueCross
PAT_0012,specialty,2026-09-16T09:13:33,Triage_Intake,Neurology
PAT_0012,specialty,2026-09-16T09:13:59,Triage_Intake,Cardiology
PAT_0012,specialty,2026-09-16T09:14:33,Triage_Intake,General_Practice
PAT_0012,specialty,2026-09-16T09:15:07,Triage_Intake,Cardiology
PAT_0012,consult_mode,2026-09-16T09:15:27,Symptoms_Assessment,In_Person
PAT_0012,provider_pref,2026-09-16T09:16:11,Provider_Match,Male_Only
PAT_0012,slot_time,2026-09-16T09:16:37,Time_Slot,09:00_AM
PAT_0012,billing_type,2026-09-16T09:17:02,Insurance_Verification,In_Network_BlueCross
PAT_0013,specialty,2026-09-16T10:47:00,Triage_Intake,General_Practice
PAT_0013,consult_mode,2026-09-16T10:47:43,Symptoms_Assessment,Phone_Audio
PAT_0013,provider_pref,2026-09-16T10:48:43,Provider_Match,Male_Only
PAT_0013,slot_time,2026-09-16T10:49:41,Time_Slot,04:30_PM
PAT_0013,slot_time,2026-09-16T10:50:04,Time_Slot,02:00_PM
PAT_0013,slot_time,2026-09-16T10:51:09,Time_Slot,06:00_PM
PAT_0013,billing_type,2026-09-16T10:51:34,Insurance_Verification,In_Network_Aetna
PAT_0013,billing_type,2026-09-16T10:51:55,Insurance_Verification,Self_Pay_Cash
PAT_0014,specialty,2026-09-16T12:50:25,Triage_Intake,Cardiology
PAT_0014,specialty,2026-09-16T12:51:33,Triage_Intake,Cardiology
PAT_0014,specialty,2026-09-16T12:52:10,Triage_Intake,General_Practice
PAT_0014,specialty,2026-09-16T12:52:41,Triage_Intake,Cardiology
PAT_0014,consult_mode,2026-09-16T12:53:06,Symptoms_Assessment,Video_Call
PAT_0014,provider_pref,2026-09-16T12:53:57,Provider_Match,Male_Only
PAT_0014,slot_time,2026-09-16T12:54:27,Time_Slot,06:00_PM
PAT_0014,billing_type,2026-09-16T12:55:09,Insurance_Verification,In_Network_Aetna
PAT_0015,specialty,2026-09-16T14:45:36,Triage_Intake,Neurology
PAT_0015,consult_mode,2026-09-16T14:46:20,Symptoms_Assessment,Phone_Audio
PAT_0015,provider_pref,2026-09-16T14:46:47,Provider_Match,Male_Only
PAT_0015,slot_time,2026-09-16T14:47:06,Time_Slot,09:00_AM
PAT_0015,slot_time,2026-09-16T14:48:12,Time_Slot,02:00_PM
PAT_0015,billing_type,2026-09-16T14:49:04,Insurance_Verification,Medicare
PAT_0015,billing_type,2026-09-16T14:49:24,Insurance_Verification,In_Network_Aetna
PAT_0015,billing_type,2026-09-16T14:50:15,Insurance_Verification,Self_Pay_Cash
PAT_0016,specialty,2026-09-16T16:34:56,Triage_Intake,General_Practice
PAT_0016,specialty,2026-09-16T16:35:46,Triage_Intake,Cardiology
PAT_0016,specialty,2026-09-16T16:36:28,Triage_Intake,General_Practice
PAT_0016,specialty,2026-09-16T16:37:26,Triage_Intake,Cardiology
PAT_0016,consult_mode,2026-09-16T16:37:59,Symptoms_Assessment,Phone_Audio
PAT_0016,provider_pref,2026-09-16T16:38:58,Provider_Match,Senior_Physician
PAT_0016,slot_time,2026-09-16T16:39:39,Time_Slot,09:00_AM
PAT_0016,billing_type,2026-09-16T16:40:25,Insurance_Verification,Medicare
PAT_0017,specialty,2026-09-16T18:54:15,Triage_Intake,Dermatology
PAT_0017,consult_mode,2026-09-16T18:54:33,Symptoms_Assessment,Phone_Audio
PAT_0017,provider_pref,2026-09-16T18:54:51,Provider_Match,Any_Available
PAT_0017,slot_time,2026-09-16T18:55:33,Time_Slot,02:00_PM
PAT_0017,billing_type,2026-09-16T18:56:13,Insurance_Verification,Self_Pay_Cash
PAT_0018,specialty,2026-09-16T21:01:58,Triage_Intake,Neurology
PAT_0018,consult_mode,2026-09-16T21:02:25,Symptoms_Assessment,Video_Call
PAT_0018,provider_pref,2026-09-16T21:03:07,Provider_Match,Any_Available
PAT_0018,slot_time,2026-09-16T21:03:27,Time_Slot,11:30_AM
PAT_0018,billing_type,2026-09-16T21:04:08,Insurance_Verification,In_Network_BlueCross
PAT_0019,specialty,2026-09-16T22:45:29,Triage_Intake,General_Practice
PAT_0019,specialty,2026-09-16T22:45:51,Triage_Intake,Dermatology
PAT_0019,consult_mode,2026-09-16T22:46:39,Symptoms_Assessment,In_Person
PAT_0019,consult_mode,2026-09-16T22:47:12,Symptoms_Assessment,Phone_Audio
PAT_0019,provider_pref,2026-09-16T22:47:45,Provider_Match,Female_Only
PAT_0019,provider_pref,2026-09-16T22:49:07,Provider_Match,Male_Only
PAT_0019,slot_time,2026-09-16T22:49:42,Time_Slot,02:00_PM
PAT_0019,slot_time,2026-09-16T22:51:16,Time_Slot,04:30_PM
PAT_0019,billing_type,2026-09-16T22:52:15,Insurance_Verification,Medicare
PAT_0019,billing_type,2026-09-16T22:52:38,Insurance_Verification,Self_Pay_Cash
PAT_0020,specialty,2026-09-17T01:15:59,Triage_Intake,Neurology
PAT_0020,specialty,2026-09-17T01:17:10,Triage_Intake,General_Practice
PAT_0020,consult_mode,2026-09-17T01:18:06,Symptoms_Assessment,Video_Call
PAT_0020,consult_mode,2026-09-17T01:19:24,Symptoms_Assessment,Phone_Audio
PAT_0020,provider_pref,2026-09-17T01:19:59,Provider_Match,Any_Available
PAT_0020,provider_pref,2026-09-17T01:21:16,Provider_Match,Male_Only
PAT_0020,slot_time,2026-09-17T01:22:03,Time_Slot,06:00_PM
PAT_0020,billing_type,2026-09-17T01:22:47,Insurance_Verification,In_Network_Aetna
PAT_0021,specialty,2026-09-17T03:14:38,Triage_Intake,Dermatology
PAT_0021,specialty,2026-09-17T03:15:11,Triage_Intake,General_Practice
PAT_0021,consult_mode,2026-09-17T03:16:05,Symptoms_Assessment,Video_Call
PAT_0021,consult_mode,2026-09-17T03:16:50,Symptoms_Assessment,In_Person
PAT_0021,provider_pref,2026-09-17T03:17:29,Provider_Match,Female_Only
PAT_0021,provider_pref,2026-09-17T03:18:36,Provider_Match,Any_Available
PAT_0021,slot_time,2026-09-17T03:19:04,Time_Slot,06:00_PM
PAT_0021,slot_time,2026-09-17T03:19:58,Time_Slot,04:30_PM
PAT_0021,billing_type,2026-09-17T03:20:56,Insurance_Verification,In_Network_Aetna
PAT_0022,specialty,2026-09-17T05:01:28,Triage_Intake,General_Practice
PAT_0022,consult_mode,2026-09-17T05:02:28,Symptoms_Assessment,Video_Call
PAT_0022,provider_pref,2026-09-17T05:02:52,Provider_Match,Senior_Physician
PAT_0022,slot_time,2026-09-17T05:03:49,Time_Slot,09:00_AM
PAT_0022,slot_time,2026-09-17T05:03:59,Time_Slot,11:30_AM
PAT_0022,billing_type,2026-09-17T05:04:29,Insurance_Verification,In_Network_Aetna
PAT_0023,specialty,2026-09-17T06:53:57,Triage_Intake,Cardiology
PAT_0023,consult_mode,2026-09-17T06:54:44,Symptoms_Assessment,Video_Call
PAT_0023,provider_pref,2026-09-17T06:55:38,Provider_Match,Male_Only
PAT_0023,slot_time,2026-09-17T06:56:29,Time_Slot,06:00_PM
PAT_0023,billing_type,2026-09-17T06:57:09,Insurance_Verification,Self_Pay_Cash
PAT_0024,specialty,2026-09-17T08:37:00,Triage_Intake,Cardiology
PAT_0024,consult_mode,2026-09-17T08:38:00,Symptoms_Assessment,In_Person
PAT_0024,provider_pref,2026-09-17T08:38:59,Provider_Match,Senior_Physician
PAT_0024,slot_time,2026-09-17T08:39:56,Time_Slot,06:00_PM
PAT_0024,billing_type,2026-09-17T08:40:26,Insurance_Verification,In_Network_Aetna
PAT_0025,specialty,2026-09-17T10:37:33,Triage_Intake,Dermatology
PAT_0025,consult_mode,2026-09-17T10:38:06,Symptoms_Assessment,In_Person
PAT_0025,provider_pref,2026-09-17T10:38:37,Provider_Match,Any_Available
PAT_0025,slot_time,2026-09-17T10:39:12,Time_Slot,04:30_PM
PAT_0025,slot_time,2026-09-17T10:39:32,Time_Slot,09:00_AM
PAT_0025,billing_type,2026-09-17T10:40:28,Insurance_Verification,In_Network_Aetna
PAT_0026,specialty,2026-09-17T13:05:49,Triage_Intake,Dermatology
PAT_0026,consult_mode,2026-09-17T13:06:06,Symptoms_Assessment,In_Person
PAT_0026,provider_pref,2026-09-17T13:06:24,Provider_Match,Female_Only
PAT_0026,slot_time,2026-09-17T13:07:06,Time_Slot,11:30_AM
PAT_0026,slot_time,2026-09-17T13:08:09,Time_Slot,06:00_PM
PAT_0026,slot_time,2026-09-17T13:09:17,Time_Slot,11:30_AM
PAT_0026,billing_type,2026-09-17T13:10:00,Insurance_Verification,In_Network_Aetna
PAT_0026,billing_type,2026-09-17T13:10:44,Insurance_Verification,Self_Pay_Cash
PAT_0027,specialty,2026-09-17T15:15:28,Triage_Intake,Dermatology
PAT_0027,specialty,2026-09-17T15:16:43,Triage_Intake,Cardiology
PAT_0027,specialty,2026-09-17T15:17:41,Triage_Intake,General_Practice
PAT_0027,specialty,2026-09-17T15:18:37,Triage_Intake,Cardiology
PAT_0027,consult_mode,2026-09-17T15:19:31,Symptoms_Assessment,Phone_Audio
PAT_0027,provider_pref,2026-09-17T15:20:22,Provider_Match,Male_Only
PAT_0027,slot_time,2026-09-17T15:21:22,Time_Slot,04:30_PM
PAT_0027,billing_type,2026-09-17T15:22:02,Insurance_Verification,In_Network_BlueCross
PAT_0028,specialty,2026-09-17T16:55:19,Triage_Intake,Cardiology
PAT_0028,consult_mode,2026-09-17T16:55:55,Symptoms_Assessment,In_Person
PAT_0028,provider_pref,2026-09-17T16:56:26,Provider_Match,Senior_Physician
PAT_0028,slot_time,2026-09-17T16:56:58,Time_Slot,06:00_PM
PAT_0028,slot_time,2026-09-17T16:57:30,Time_Slot,09:00_AM
PAT_0028,slot_time,2026-09-17T16:58:06,Time_Slot,02:00_PM
PAT_0028,billing_type,2026-09-17T16:59:04,Insurance_Verification,Medicare
PAT_0028,billing_type,2026-09-17T17:00:29,Insurance_Verification,In_Network_Aetna
PAT_0028,billing_type,2026-09-17T17:01:08,Insurance_Verification,In_Network_BlueCross
PAT_0029,specialty,2026-09-17T19:03:57,Triage_Intake,Dermatology
PAT_0029,consult_mode,2026-09-17T19:04:47,Symptoms_Assessment,In_Person
PAT_0029,provider_pref,2026-09-17T19:05:21,Provider_Match,Any_Available
PAT_0029,slot_time,2026-09-17T19:06:00,Time_Slot,09:00_AM
PAT_0029,slot_time,2026-09-17T19:06:33,Time_Slot,11:30_AM
PAT_0029,billing_type,2026-09-17T19:07:27,Insurance_Verification,Self_Pay_Cash
PAT_0030,specialty,2026-09-17T21:03:21,Triage_Intake,General_Practice
PAT_0030,consult_mode,2026-09-17T21:04:12,Symptoms_Assessment,Video_Call
PAT_0030,provider_pref,2026-09-17T21:04:36,Provider_Match,Senior_Physician
PAT_0030,slot_time,2026-09-17T21:05:35,Time_Slot,11:30_AM
PAT_0030,slot_time,2026-09-17T21:05:47,Time_Slot,09:00_AM
PAT_0030,billing_type,2026-09-17T21:06:05,Insurance_Verification,In_Network_Aetna
PAT_0031,specialty,2026-09-17T23:10:51,Triage_Intake,General_Practice
PAT_0031,consult_mode,2026-09-17T23:11:15,Symptoms_Assessment,In_Person
PAT_0031,provider_pref,2026-09-17T23:11:45,Provider_Match,Female_Only
PAT_0031,provider_pref,2026-09-17T23:12:43,Provider_Match,Male_Only
PAT_0031,slot_time,2026-09-17T23:13:17,Time_Slot,02:00_PM
PAT_0031,billing_type,2026-09-17T23:13:53,Insurance_Verification,Self_Pay_Cash
PAT_0032,specialty,2026-09-18T00:33:21,Triage_Intake,Neurology
PAT_0032,specialty,2026-09-18T00:34:13,Triage_Intake,Cardiology
PAT_0032,specialty,2026-09-18T00:35:05,Triage_Intake,General_Practice
PAT_0032,specialty,2026-09-18T00:35:55,Triage_Intake,Cardiology
PAT_0032,consult_mode,2026-09-18T00:36:38,Symptoms_Assessment,Video_Call
PAT_0032,provider_pref,2026-09-18T00:37:07,Provider_Match,Any_Available
PAT_0032,slot_time,2026-09-18T00:38:07,Time_Slot,09:00_AM
PAT_0032,billing_type,2026-09-18T00:38:47,Insurance_Verification,In_Network_BlueCross
PAT_0033,specialty,2026-09-18T02:48:31,Triage_Intake,Dermatology
PAT_0033,consult_mode,2026-09-18T02:48:57,Symptoms_Assessment,In_Person
PAT_0033,provider_pref,2026-09-18T02:49:12,Provider_Match,Any_Available
PAT_0033,slot_time,2026-09-18T02:50:07,Time_Slot,06:00_PM
PAT_0033,slot_time,2026-09-18T02:51:23,Time_Slot,02:00_PM
PAT_0033,slot_time,2026-09-18T02:52:19,Time_Slot,09:00_AM
PAT_0033,billing_type,2026-09-18T02:53:07,Insurance_Verification,In_Network_BlueCross
PAT_0033,billing_type,2026-09-18T02:53:41,Insurance_Verification,Medicare
PAT_0033,billing_type,2026-09-18T02:54:07,Insurance_Verification,In_Network_BlueCross
PAT_0034,specialty,2026-09-18T04:31:52,Triage_Intake,Dermatology
PAT_0034,consult_mode,2026-09-18T04:32:25,Symptoms_Assessment,In_Person
PAT_0034,provider_pref,2026-09-18T04:32:51,Provider_Match,Male_Only
PAT_0034,slot_time,2026-09-18T04:33:49,Time_Slot,06:00_PM
PAT_0034,slot_time,2026-09-18T04:35:08,Time_Slot,02:00_PM
PAT_0034,billing_type,2026-09-18T04:36:01,Insurance_Verification,Self_Pay_Cash
PAT_0034,billing_type,2026-09-18T04:37:22,Insurance_Verification,In_Network_Aetna
PAT_0035,specialty,2026-09-18T07:11:45,Triage_Intake,Cardiology
PAT_0035,consult_mode,2026-09-18T07:12:17,Symptoms_Assessment,Phone_Audio
PAT_0035,provider_pref,2026-09-18T07:13:08,Provider_Match,Female_Only
PAT_0035,slot_time,2026-09-18T07:13:53,Time_Slot,11:30_AM
PAT_0035,slot_time,2026-09-18T07:15:22,Time_Slot,06:00_PM
PAT_0035,slot_time,2026-09-18T07:16:52,Time_Slot,04:30_PM
PAT_0035,billing_type,2026-09-18T07:17:34,Insurance_Verification,Self_Pay_Cash
PAT_0035,billing_type,2026-09-18T07:18:37,Insurance_Verification,In_Network_Aetna
PAT_0036,specialty,2026-09-18T09:14:36,Triage_Intake,Neurology
PAT_0036,consult_mode,2026-09-18T09:15:26,Symptoms_Assessment,Video_Call
PAT_0036,provider_pref,2026-09-18T09:15:55,Provider_Match,Senior_Physician
PAT_0036,slot_time,2026-09-18T09:16:26,Time_Slot,02:00_PM
PAT_0036,billing_type,2026-09-18T09:17:21,Insurance_Verification,In_Network_BlueCross
PAT_0037,specialty,2026-09-18T10:59:21,Triage_Intake,Dermatology
PAT_0037,specialty,2026-09-18T11:01:01,Triage_Intake,General_Practice
PAT_0037,consult_mode,2026-09-18T11:01:51,Symptoms_Assessment,Video_Call
PAT_0037,provider_pref,2026-09-18T11:02:50,Provider_Match,Senior_Physician
PAT_0037,slot_time,2026-09-18T11:03:17,Time_Slot,11:30_AM
PAT_0037,slot_time,2026-09-18T11:04:51,Time_Slot,06:00_PM
PAT_0037,billing_type,2026-09-18T11:05:49,Insurance_Verification,Self_Pay_Cash
PAT_0038,specialty,2026-09-18T12:37:16,Triage_Intake,General_Practice
PAT_0038,specialty,2026-09-18T12:38:48,Triage_Intake,Cardiology
PAT_0038,consult_mode,2026-09-18T12:39:03,Symptoms_Assessment,Phone_Audio
PAT_0038,consult_mode,2026-09-18T12:40:29,Symptoms_Assessment,In_Person
PAT_0038,provider_pref,2026-09-18T12:40:56,Provider_Match,Any_Available
PAT_0038,provider_pref,2026-09-18T12:41:57,Provider_Match,Male_Only
PAT_0038,slot_time,2026-09-18T12:42:20,Time_Slot,06:00_PM
PAT_0038,slot_time,2026-09-18T12:43:20,Time_Slot,02:00_PM
PAT_0038,billing_type,2026-09-18T12:43:51,Insurance_Verification,Self_Pay_Cash
PAT_0039,specialty,2026-09-18T14:59:17,Triage_Intake,General_Practice
PAT_0039,consult_mode,2026-09-18T15:00:17,Symptoms_Assessment,Video_Call
PAT_0039,provider_pref,2026-09-18T15:00:49,Provider_Match,Female_Only
PAT_0039,slot_time,2026-09-18T15:01:46,Time_Slot,09:00_AM
PAT_0039,slot_time,2026-09-18T15:02:00,Time_Slot,11:30_AM
PAT_0039,billing_type,2026-09-18T15:02:24,Insurance_Verification,In_Network_BlueCross
PAT_0040,specialty,2026-09-18T16:41:38,Triage_Intake,Cardiology
PAT_0040,consult_mode,2026-09-18T16:42:33,Symptoms_Assessment,Phone_Audio
PAT_0040,provider_pref,2026-09-18T16:42:52,Provider_Match,Female_Only
PAT_0040,slot_time,2026-09-18T16:43:47,Time_Slot,11:30_AM
PAT_0040,billing_type,2026-09-18T16:44:35,Insurance_Verification,Medicare
PAT_0041,specialty,2026-09-18T18:57:42,Triage_Intake,General_Practice
PAT_0041,consult_mode,2026-09-18T18:58:09,Symptoms_Assessment,Phone_Audio
PAT_0041,provider_pref,2026-09-18T18:58:55,Provider_Match,Female_Only
PAT_0041,slot_time,2026-09-18T18:59:54,Time_Slot,02:00_PM
PAT_0041,slot_time,2026-09-18T19:00:31,Time_Slot,09:00_AM
PAT_0041,billing_type,2026-09-18T19:01:30,Insurance_Verification,Medicare
PAT_0042,specialty,2026-09-18T20:55:26,Triage_Intake,Dermatology
PAT_0042,consult_mode,2026-09-18T20:56:13,Symptoms_Assessment,In_Person
PAT_0042,provider_pref,2026-09-18T20:56:59,Provider_Match,Female_Only
PAT_0042,slot_time,2026-09-18T20:57:22,Time_Slot,04:30_PM
PAT_0042,billing_type,2026-09-18T20:57:54,Insurance_Verification,Self_Pay_Cash
PAT_0043,specialty,2026-09-18T22:59:47,Triage_Intake,Cardiology
PAT_0043,consult_mode,2026-09-18T23:00:25,Symptoms_Assessment,In_Person
PAT_0043,provider_pref,2026-09-18T23:01:20,Provider_Match,Any_Available
PAT_0043,slot_time,2026-09-18T23:02:14,Time_Slot,06:00_PM
PAT_0043,slot_time,2026-09-18T23:02:43,Time_Slot,04:30_PM
PAT_0043,slot_time,2026-09-18T23:04:13,Time_Slot,02:00_PM
PAT_0043,billing_type,2026-09-18T23:04:47,Insurance_Verification,In_Network_BlueCross
PAT_0043,billing_type,2026-09-18T23:05:41,Insurance_Verification,In_Network_Aetna
PAT_0043,billing_type,2026-09-18T23:06:24,Insurance_Verification,Medicare
PAT_0044,specialty,2026-09-19T01:11:35,Triage_Intake,Dermatology
PAT_0044,consult_mode,2026-09-19T01:12:28,Symptoms_Assessment,Phone_Audio
PAT_0044,provider_pref,2026-09-19T01:13:06,Provider_Match,Any_Available
PAT_0044,slot_time,2026-09-19T01:13:35,Time_Slot,04:30_PM
PAT_0044,slot_time,2026-09-19T01:14:12,Time_Slot,09:00_AM
PAT_0044,billing_type,2026-09-19T01:15:07,Insurance_Verification,Medicare
PAT_0045,specialty,2026-09-19T03:01:23,Triage_Intake,Cardiology
PAT_0045,specialty,2026-09-19T03:02:35,Triage_Intake,Cardiology
PAT_0045,specialty,2026-09-19T03:03:14,Triage_Intake,General_Practice
PAT_0045,specialty,2026-09-19T03:04:01,Triage_Intake,Cardiology
PAT_0045,consult_mode,2026-09-19T03:04:29,Symptoms_Assessment,In_Person
PAT_0045,provider_pref,2026-09-19T03:05:27,Provider_Match,Senior_Physician
PAT_0045,slot_time,2026-09-19T03:06:25,Time_Slot,02:00_PM
PAT_0045,billing_type,2026-09-19T03:07:22,Insurance_Verification,Self_Pay_Cash
PAT_0046,specialty,2026-09-19T04:56:31,Triage_Intake,General_Practice
PAT_0046,consult_mode,2026-09-19T04:57:04,Symptoms_Assessment,Phone_Audio
PAT_0046,provider_pref,2026-09-19T04:57:20,Provider_Match,Female_Only
PAT_0046,slot_time,2026-09-19T04:58:08,Time_Slot,11:30_AM
PAT_0046,slot_time,2026-09-19T04:59:09,Time_Slot,09:00_AM
PAT_0046,slot_time,2026-09-19T04:59:48,Time_Slot,11:30_AM
PAT_0046,billing_type,2026-09-19T05:00:43,Insurance_Verification,In_Network_Aetna
PAT_0046,billing_type,2026-09-19T05:01:27,Insurance_Verification,Medicare
PAT_0047,specialty,2026-09-19T07:06:29,Triage_Intake,Cardiology
PAT_0047,consult_mode,2026-09-19T07:06:59,Symptoms_Assessment,Video_Call
PAT_0047,provider_pref,2026-09-19T07:07:50,Provider_Match,Any_Available
PAT_0047,slot_time,2026-09-19T07:08:27,Time_Slot,06:00_PM
PAT_0047,slot_time,2026-09-19T07:09:04,Time_Slot,09:00_AM
PAT_0047,billing_type,2026-09-19T07:09:55,Insurance_Verification,In_Network_BlueCross
PAT_0048,specialty,2026-09-19T09:02:22,Triage_Intake,Dermatology
PAT_0048,consult_mode,2026-09-19T09:02:56,Symptoms_Assessment,Phone_Audio
PAT_0048,provider_pref,2026-09-19T09:03:47,Provider_Match,Any_Available
PAT_0048,slot_time,2026-09-19T09:04:27,Time_Slot,02:00_PM
PAT_0048,slot_time,2026-09-19T09:05:22,Time_Slot,06:00_PM
PAT_0048,billing_type,2026-09-19T09:06:03,Insurance_Verification,Self_Pay_Cash
PAT_0048,billing_type,2026-09-19T09:06:51,Insurance_Verification,In_Network_BlueCross
PAT_0048,billing_type,2026-09-19T09:07:27,Insurance_Verification,Self_Pay_Cash
PAT_0049,specialty,2026-09-19T11:01:48,Triage_Intake,Neurology
PAT_0049,consult_mode,2026-09-19T11:02:31,Symptoms_Assessment,Video_Call
PAT_0049,provider_pref,2026-09-19T11:03:12,Provider_Match,Female_Only
PAT_0049,slot_time,2026-09-19T11:03:49,Time_Slot,04:30_PM
PAT_0049,slot_time,2026-09-19T11:04:14,Time_Slot,09:00_AM
PAT_0049,billing_type,2026-09-19T11:05:00,Insurance_Verification,In_Network_Aetna
PAT_0050,specialty,2026-09-19T12:47:47,Triage_Intake,Dermatology
PAT_0050,consult_mode,2026-09-19T12:48:05,Symptoms_Assessment,In_Person
PAT_0050,provider_pref,2026-09-19T12:48:48,Provider_Match,Senior_Physician
PAT_0050,slot_time,2026-09-19T12:49:09,Time_Slot,04:30_PM
PAT_0050,billing_type,2026-09-19T12:49:29,Insurance_Verification,In_Network_Aetna
