guest_id,package_param,booking_time,checkout_milestone,option_selected
GUEST_0001,bed_config,2026-09-20T13:12:40,Destination_Search,2_Queen
GUEST_0001,room_type,2026-09-20T13:13:15,Room_Selection,Standard_Twin
GUEST_0001,room_type,2026-09-20T13:13:50,Room_Selection,Executive_Suite
GUEST_0001,room_type,2026-09-20T13:14:30,Room_Selection,Deluxe_King
GUEST_0001,room_type,2026-09-20T13:15:40,Room_Selection,Executive_Suite
GUEST_0001,meal_package,2026-09-20T13:16:30,Dining_Plan,Half_Board
GUEST_0001,travel_insurance,2026-09-20T13:17:05,Addon_Services,No_Coverage
GUEST_0001,airport_transfer,2026-09-20T13:17:34,Addon_Services,Helicopter
GUEST_0001,room_type,2026-09-20T13:17:49,Final_Confirmation,Deluxe_King
GUEST_0001,room_type,2026-09-20T13:18:17,Final_Confirmation,Executive_Suite
GUEST_0001,room_type,2026-09-20T13:18:43,Final_Confirmation,Deluxe_King
GUEST_0001,room_type,2026-09-20T13:19:25,Final_Confirmation,Executive_Suite
GUEST_0002,bed_config,2026-09-20T16:17:48,Destination_Search,2_Queen
GUEST_0002,room_type,2026-09-20T16:18:19,Room_Selection,Penthouse_Oceanview
GUEST_0002,room_type,2026-09-20T16:19:11,Room_Selection,Executive_Suite
GUEST_0002,room_type,2026-09-20T16:19:56,Room_Selection,Deluxe_King
GUEST_0002,room_type,2026-09-20T16:20:50,Room_Selection,Executive_Suite
GUEST_0002,meal_package,2026-09-20T16:21:40,Dining_Plan,Breakfast_Included
GUEST_0002,travel_insurance,2026-09-20T16:22:11,Addon_Services,No_Coverage
GUEST_0002,airport_transfer,2026-09-20T16:22:40,Addon_Services,No_Transfer
GUEST_0002,room_type,2026-09-20T16:23:29,Final_Confirmation,Standard_Twin
GUEST_0002,room_type,2026-09-20T16:24:08,Final_Confirmation,Executive_Suite
GUEST_0002,room_type,2026-09-20T16:24:29,Final_Confirmation,Deluxe_King
GUEST_0002,room_type,2026-09-20T16:25:36,Final_Confirmation,Executive_Suite
GUEST_0003,bed_config,2026-09-20T19:10:30,Destination_Search,2_Queen
GUEST_0003,bed_config,2026-09-20T19:11:27,Destination_Search,2_Single
GUEST_0003,room_type,2026-09-20T19:12:17,Room_Selection,Executive_Suite
GUEST_0003,room_type,2026-09-20T19:12:55,Room_Selection,Deluxe_King
GUEST_0003,meal_package,2026-09-20T19:13:30,Dining_Plan,Breakfast_Included
GUEST_0003,meal_package,2026-09-20T19:13:57,Dining_Plan,All_Inclusive_Gourmet
GUEST_0003,travel_insurance,2026-09-20T19:14:17,Addon_Services,Standard_Protection
GUEST_0003,travel_insurance,2026-09-20T19:15:12,Addon_Services,No_Coverage
GUEST_0003,airport_transfer,2026-09-20T19:15:39,Addon_Services,No_Transfer
GUEST_0003,airport_transfer,2026-09-20T19:16:21,Addon_Services,Helicopter
GUEST_0003,room_type,2026-09-20T19:16:43,Final_Confirmation,Standard_Twin
GUEST_0003,room_type,2026-09-20T19:17:26,Final_Confirmation,Deluxe_King
GUEST_0004,bed_config,2026-09-20T22:44:34,Destination_Search,2_Queen
GUEST_0004,room_type,2026-09-20T22:45:19,Room_Selection,Executive_Suite
GUEST_0004,meal_package,2026-09-20T22:45:39,Dining_Plan,Half_Board
GUEST_0004,meal_package,2026-09-20T22:45:50,Dining_Plan,Room_Only
GUEST_0004,travel_insurance,2026-09-20T22:46:31,Addon_Services,No_Coverage
GUEST_0004,airport_transfer,2026-09-20T22:46:51,Addon_Services,Helicopter
GUEST_0004,room_type,2026-09-20T22:47:38,Final_Confirmation,Deluxe_King
GUEST_0005,bed_config,2026-09-21T01:12:38,Destination_Search,2_Single
GUEST_0005,room_type,2026-09-21T01:13:28,Room_Selection,Standard_Twin
GUEST_0005,room_type,2026-09-21T01:14:18,Room_Selection,Penthouse_Oceanview
GUEST_0005,meal_package,2026-09-21T01:14:33,Dining_Plan,Room_Only
GUEST_0005,meal_package,2026-09-21T01:15:17,Dining_Plan,Half_Board
GUEST_0005,travel_insurance,2026-09-21T01:15:33,Addon_Services,Standard_Protection
GUEST_0005,travel_insurance,2026-09-21T01:16:20,Addon_Services,No_Coverage
GUEST_0005,airport_transfer,2026-09-21T01:16:44,Addon_Services,No_Transfer
GUEST_0005,airport_transfer,2026-09-21T01:17:54,Addon_Services,Shared_Shuttle
GUEST_0005,room_type,2026-09-21T01:18:35,Final_Confirmation,Penthouse_Oceanview
GUEST_0005,room_type,2026-09-21T01:19:01,Final_Confirmation,Deluxe_King
GUEST_0006,bed_config,2026-09-21T04:50:15,Destination_Search,1_King
GUEST_0006,room_type,2026-09-21T04:50:54,Room_Selection,Executive_Suite
GUEST_0006,meal_package,2026-09-21T04:51:23,Dining_Plan,Room_Only
GUEST_0006,travel_insurance,2026-09-21T04:51:48,Addon_Services,Comprehensive_VIP
GUEST_0006,airport_transfer,2026-09-21T04:52:38,Addon_Services,Private_Tesla
GUEST_0006,room_type,2026-09-21T04:53:08,Final_Confirmation,Executive_Suite
GUEST_0007,bed_config,2026-09-21T07:22:49,Destination_Search,1_King
GUEST_0007,room_type,2026-09-21T07:23:21,Room_Selection,Deluxe_King
GUEST_0007,meal_package,2026-09-21T07:24:06,Dining_Plan,Half_Board
GUEST_0007,travel_insurance,2026-09-21T07:24:51,Addon_Services,Comprehensive_VIP
GUEST_0007,travel_insurance,2026-09-21T07:25:44,Addon_Services,Standard_Protection
GUEST_0007,airport_transfer,2026-09-21T07:26:05,Addon_Services,Private_Tesla
GUEST_0007,airport_transfer,2026-09-21T07:27:11,Addon_Services,Shared_Shuttle
GUEST_0007,airport_transfer,2026-09-21T07:27:40,Addon_Services,No_Transfer
GUEST_0007,room_type,2026-09-21T07:28:23,Final_Confirmation,Penthouse_Oceanview
GUEST_0007,room_type,2026-09-21T07:29:05,Final_Confirmation,Standard_Twin
GUEST_0007,room_type,2026-09-21T07:29:32,Final_Confirmation,Penthouse_Oceanview
GUEST_0008,bed_config,2026-09-21T10:29:27,Destination_Search,2_Single
GUEST_0008,bed_config,2026-09-21T10:29:56,Destination_Search,1_King
GUEST_0008,room_type,2026-09-21T10:30:45,Room_Selection,Executive_Suite
GUEST_0008,meal_package,2026-09-21T10:31:16,Dining_Plan,Half_Board
GUEST_0008,meal_package,2026-09-21T10:31:56,Dining_Plan,All_Inclusive_Gourmet
GUEST_0008,travel_insurance,2026-09-21T10:32:46,Addon_Services,Standard_Protection
GUEST_0008,airport_transfer,2026-09-21T10:33:06,Addon_Services,Shared_Shuttle
GUEST_0008,airport_transfer,2026-09-21T10:34:16,Addon_Services,No_Transfer
GUEST_0008,room_type,2026-09-21T10:34:34,Final_Confirmation,Standard_Twin
GUEST_0009,bed_config,2026-09-21T13:30:47,Destination_Search,2_Queen
GUEST_0009,room_type,2026-09-21T13:31:29,Room_Selection,Deluxe_King
GUEST_0009,meal_package,2026-09-21T13:32:08,Dining_Plan,Room_Only
GUEST_0009,travel_insurance,2026-09-21T13:32:26,Addon_Services,Comprehensive_VIP
GUEST_0009,airport_transfer,2026-09-21T13:32:55,Addon_Services,Helicopter
GUEST_0009,room_type,2026-09-21T13:33:30,Final_Confirmation,Standard_Twin
GUEST_0010,bed_config,2026-09-21T16:46:31,Destination_Search,2_Single
GUEST_0010,room_type,2026-09-21T16:46:58,Room_Selection,Penthouse_Oceanview
GUEST_0010,room_type,2026-09-21T16:47:47,Room_Selection,Executive_Suite
GUEST_0010,room_type,2026-09-21T16:48:09,Room_Selection,Deluxe_King
GUEST_0010,room_type,2026-09-21T16:48:40,Room_Selection,Executive_Suite
GUEST_0010,meal_package,2026-09-21T16:49:15,Dining_Plan,Breakfast_Included
GUEST_0010,travel_insurance,2026-09-21T16:49:44,Addon_Services,Standard_Protection
GUEST_0010,airport_transfer,2026-09-21T16:50:03,Addon_Services,No_Transfer
GUEST_0010,room_type,2026-09-21T16:50:20,Final_Confirmation,Deluxe_King
GUEST_0010,room_type,2026-09-21T16:50:51,Final_Confirmation,Executive_Suite
GUEST_0010,room_type,2026-09-21T16:51:58,Final_Confirmation,Deluxe_King
GUEST_0010,room_type,2026-09-21T16:52:26,Final_Confirmation,Executive_Suite
GUEST_0011,bed_config,2026-09-21T19:29:37,Destination_Search,2_Single
GUEST_0011,room_type,2026-09-21T19:30:06,Room_Selection,Deluxe_King
GUEST_0011,meal_package,2026-09-21T19:30:48,Dining_Plan,All_Inclusive_Gourmet
GUEST_0011,travel_insurance,2026-09-21T19:31:22,Addon_Services,Standard_Protection
GUEST_0011,travel_insurance,2026-09-21T19:32:02,Addon_Services,No_Coverage
GUEST_0011,travel_insurance,2026-09-21T19:33:05,Addon_Services,Comprehensive_VIP
GUEST_0011,airport_transfer,2026-09-21T19:33:43,Addon_Services,Shared_Shuttle
GUEST_0011,airport_transfer,2026-09-21T19:34:27,Addon_Services,No_Transfer
GUEST_0011,airport_transfer,2026-09-21T19:35:13,Addon_Services,Shared_Shuttle
GUEST_0011,room_type,2026-09-21T19:35:48,Final_Confirmation,Executive_Suite
GUEST_0011,room_type,2026-09-21T19:37:02,Final_Confirmation,Penthouse_Oceanview
GUEST_0011,room_type,2026-09-21T19:37:59,Final_Confirmation,Deluxe_King
GUEST_0012,bed_config,2026-09-21T22:20:32,Destination_Search,2_Single
GUEST_0012,room_type,2026-09-21T22:21:12,Room_Selection,Executive_Suite
GUEST_0012,meal_package,2026-09-21T22:21:40,Dining_Plan,Half_Board
GUEST_0012,travel_insurance,2026-09-21T22:22:09,Addon_Services,Standard_Protection
GUEST_0012,airport_transfer,2026-09-21T22:22:50,Addon_Services,Shared_Shuttle
GUEST_0012,room_type,2026-09-21T22:23:31,Final_Confirmation,Executive_Suite
GUEST_0013,bed_config,2026-09-22T01:09:43,Destination_Search,2_Single
GUEST_0013,room_type,2026-09-22T01:10:27,Room_Selection,Executive_Suite
GUEST_0013,meal_package,2026-09-22T01:10:42,Dining_Plan,Room_Only
GUEST_0013,meal_package,2026-09-22T01:10:52,Dining_Plan,Breakfast_Included
GUEST_0013,travel_insurance,2026-09-22T01:11:35,Addon_Services,Comprehensive_VIP
GUEST_0013,airport_transfer,2026-09-22T01:12:17,Addon_Services,Private_Tesla
GUEST_0013,room_type,2026-09-22T01:12:49,Final_Confirmation,Executive_Suite
GUEST_0014,bed_config,2026-09-22T04:20:36,Destination_Search,2_Single
GUEST_0014,room_type,2026-09-22T04:21:24,Room_Selection,Executive_Suite
GUEST_0014,meal_package,2026-09-22T04:21:57,Dining_Plan,Half_Board
GUEST_0014,travel_insurance,2026-09-22T04:22:30,Addon_Services,Comprehensive_VIP
GUEST_0014,airport_transfer,2026-09-22T04:23:08,Addon_Services,Helicopter
GUEST_0014,room_type,2026-09-22T04:23:39,Final_Confirmation,Penthouse_Oceanview
GUEST_0015,bed_config,2026-09-22T07:06:37,Destination_Search,2_Queen
GUEST_0015,room_type,2026-09-22T07:07:23,Room_Selection,Penthouse_Oceanview
GUEST_0015,room_type,2026-09-22T07:08:22,Room_Selection,Executive_Suite
GUEST_0015,room_type,2026-09-22T07:09:21,Room_Selection,Deluxe_King
GUEST_0015,room_type,2026-09-22T07:10:26,Room_Selection,Executive_Suite
GUEST_0015,meal_package,2026-09-22T07:10:54,Dining_Plan,Breakfast_Included
GUEST_0015,travel_insurance,2026-09-22T07:11:18,Addon_Services,Standard_Protection
GUEST_0015,airport_transfer,2026-09-22T07:12:08,Addon_Services,Shared_Shuttle
GUEST_0015,room_type,2026-09-22T07:12:38,Final_Confirmation,Deluxe_King
GUEST_0015,room_type,2026-09-22T07:13:04,Final_Confirmation,Executive_Suite
GUEST_0015,room_type,2026-09-22T07:13:39,Final_Confirmation,Deluxe_King
GUEST_0015,room_type,2026-09-22T07:14:19,Final_Confirmation,Executive_Suite
GUEST_0016,bed_config,2026-09-22T10:41:37,Destination_Search,2_Single
GUEST_0016,room_type,2026-09-22T10:42:05,Room_Selection,Executive_Suite
GUEST_0016,meal_package,2026-09-22T10:42:20,Dining_Plan,Half_Board
GUEST_0016,meal_package,2026-09-22T10:42:39,Dining_Plan,Room_Only
GUEST_0016,travel_insurance,2026-09-22T10:43:16,Addon_Services,Comprehensive_VIP
GUEST_0016,airport_transfer,2026-09-22T10:44:01,Addon_Services,Private_Tesla
GUEST_0016,room_type,2026-09-22T10:44:38,Final_Confirmation,Deluxe_King
GUEST_0017,bed_config,2026-09-22T13:19:26,Destination_Search,2_Single
GUEST_0017,room_type,2026-09-22T13:19:59,Room_Selection,Penthouse_Oceanview
GUEST_0017,meal_package,2026-09-22T13:20:29,Dining_Plan,Breakfast_Included
GUEST_0017,travel_insurance,2026-09-22T13:21:00,Addon_Services,Comprehensive_VIP
GUEST_0017,airport_transfer,2026-09-22T13:21:28,Addon_Services,Private_Tesla
GUEST_0017,room_type,2026-09-22T13:22:17,Final_Confirmation,Deluxe_King
GUEST_0018,bed_config,2026-09-22T16:10:42,Destination_Search,1_King
GUEST_0018,room_type,2026-09-22T16:11:22,Room_Selection,Deluxe_King
GUEST_0018,meal_package,2026-09-22T16:12:09,Dining_Plan,Room_Only
GUEST_0018,meal_package,2026-09-22T16:12:40,Dining_Plan,Breakfast_Included
GUEST_0018,travel_insurance,2026-09-22T16:13:03,Addon_Services,Standard_Protection
GUEST_0018,airport_transfer,2026-09-22T16:13:20,Addon_Services,Helicopter
GUEST_0018,room_type,2026-09-22T16:13:37,Final_Confirmation,Executive_Suite
GUEST_0019,bed_config,2026-09-22T19:20:16,Destination_Search,1_King
GUEST_0019,room_type,2026-09-22T19:20:49,Room_Selection,Standard_Twin
GUEST_0019,meal_package,2026-09-22T19:21:38,Dining_Plan,Breakfast_Included
GUEST_0019,meal_package,2026-09-22T19:22:04,Dining_Plan,Room_Only
GUEST_0019,travel_insurance,2026-09-22T19:22:29,Addon_Services,Comprehensive_VIP
GUEST_0019,airport_transfer,2026-09-22T19:23:01,Addon_Services,Helicopter
GUEST_0019,room_type,2026-09-22T19:23:23,Final_Confirmation,Penthouse_Oceanview
GUEST_0020,bed_config,2026-09-22T22:35:26,Destination_Search,2_Single
GUEST_0020,room_type,2026-09-22T22:36:03,Room_Selection,Executive_Suite
GUEST_0020,meal_package,2026-09-22T22:36:41,Dining_Plan,Half_Board
GUEST_0020,travel_insurance,2026-09-22T22:37:13,Addon_Services,No_Coverage
GUEST_0020,airport_transfer,2026-09-22T22:37:47,Addon_Services,No_Transfer
GUEST_0020,room_type,2026-09-22T22:38:07,Final_Confirmation,Standard_Twin
GUEST_0021,bed_config,2026-09-23T01:11:42,Destination_Search,1_King
GUEST_0021,bed_config,2026-09-23T01:12:37,Destination_Search,2_Queen
GUEST_0021,room_type,2026-09-23T01:13:21,Room_Selection,Executive_Suite
GUEST_0021,meal_package,2026-09-23T01:14:08,Dining_Plan,All_Inclusive_Gourmet
GUEST_0021,meal_package,2026-09-23T01:15:14,Dining_Plan,Room_Only
GUEST_0021,travel_insurance,2026-09-23T01:15:33,Addon_Services,No_Coverage
GUEST_0021,travel_insurance,2026-09-23T01:15:48,Addon_Services,Comprehensive_VIP
GUEST_0021,airport_transfer,2026-09-23T01:16:05,Addon_Services,Shared_Shuttle
GUEST_0021,airport_transfer,2026-09-23T01:16:25,Addon_Services,No_Transfer
GUEST_0021,room_type,2026-09-23T01:17:11,Final_Confirmation,Deluxe_King
GUEST_0022,bed_config,2026-09-23T04:26:49,Destination_Search,2_Single
GUEST_0022,room_type,2026-09-23T04:27:13,Room_Selection,Executive_Suite
GUEST_0022,room_type,2026-09-23T04:27:44,Room_Selection,Executive_Suite
GUEST_0022,room_type,2026-09-23T04:28:12,Room_Selection,Deluxe_King
GUEST_0022,room_type,2026-09-23T04:28:33,Room_Selection,Executive_Suite
GUEST_0022,meal_package,2026-09-23T04:29:03,Dining_Plan,Room_Only
GUEST_0022,travel_insurance,2026-09-23T04:29:24,Addon_Services,No_Coverage
GUEST_0022,airport_transfer,2026-09-23T04:29:44,Addon_Services,Helicopter
GUEST_0022,room_type,2026-09-23T04:30:14,Final_Confirmation,Executive_Suite
GUEST_0022,room_type,2026-09-23T04:30:44,Final_Confirmation,Executive_Suite
GUEST_0022,room_type,2026-09-23T04:31:30,Final_Confirmation,Deluxe_King
GUEST_0022,room_type,2026-09-23T04:31:54,Final_Confirmation,Executive_Suite
GUEST_0023,bed_config,2026-09-23T07:47:27,Destination_Search,2_Queen
GUEST_0023,room_type,2026-09-23T07:47:51,Room_Selection,Executive_Suite
GUEST_0023,meal_package,2026-09-23T07:48:06,Dining_Plan,Half_Board
GUEST_0023,travel_insurance,2026-09-23T07:48:32,Addon_Services,Comprehensive_VIP
GUEST_0023,travel_insurance,2026-09-23T07:49:50,Addon_Services,No_Coverage
GUEST_0023,travel_insurance,2026-09-23T07:50:54,Addon_Services,Comprehensive_VIP
GUEST_0023,airport_transfer,2026-09-23T07:51:19,Addon_Services,Helicopter
GUEST_0023,airport_transfer,2026-09-23T07:52:10,Addon_Services,Private_Tesla
GUEST_0023,airport_transfer,2026-09-23T07:52:41,Addon_Services,Shared_Shuttle
GUEST_0023,room_type,2026-09-23T07:53:13,Final_Confirmation,Deluxe_King
GUEST_0023,room_type,2026-09-23T07:54:22,Final_Confirmation,Standard_Twin
GUEST_0023,room_type,2026-09-23T07:54:55,Final_Confirmation,Deluxe_King
GUEST_0024,bed_config,2026-09-23T10:35:34,Destination_Search,2_Queen
GUEST_0024,room_type,2026-09-23T10:35:57,Room_Selection,Penthouse_Oceanview
GUEST_0024,meal_package,2026-09-23T10:36:13,Dining_Plan,Room_Only
GUEST_0024,travel_insurance,2026-09-23T10:36:52,Addon_Services,No_Coverage
GUEST_0024,travel_insurance,2026-09-23T10:38:07,Addon_Services,Standard_Protection
GUEST_0024,airport_transfer,2026-09-23T10:38:25,Addon_Services,No_Transfer
GUEST_0024,airport_transfer,2026-09-23T10:39:23,Addon_Services,Shared_Shuttle
GUEST_0024,airport_transfer,2026-09-23T10:40:05,Addon_Services,Private_Tesla
GUEST_0024,room_type,2026-09-23T10:40:26,Final_Confirmation,Executive_Suite
GUEST_0024,room_type,2026-09-23T10:40:59,Final_Confirmation,Deluxe_King
GUEST_0025,bed_config,2026-09-23T13:28:16,Destination_Search,2_Queen
GUEST_0025,room_type,2026-09-23T13:28:31,Room_Selection,Standard_Twin
GUEST_0025,meal_package,2026-09-23T13:29:02,Dining_Plan,Half_Board
GUEST_0025,travel_insurance,2026-09-23T13:29:38,Addon_Services,Comprehensive_VIP
GUEST_0025,airport_transfer,2026-09-23T13:30:28,Addon_Services,Private_Tesla
GUEST_0025,room_type,2026-09-23T13:30:53,Final_Confirmation,Executive_Suite
GUEST_0026,bed_config,2026-09-23T16:41:43,Destination_Search,1_King
GUEST_0026,room_type,2026-09-23T16:42:14,Room_Selection,Executive_Suite
GUEST_0026,meal_package,2026-09-23T16:42:39,Dining_Plan,Half_Board
GUEST_0026,meal_package,2026-09-23T16:43:09,Dining_Plan,Room_Only
GUEST_0026,travel_insurance,2026-09-23T16:43:31,Addon_Services,No_Coverage
GUEST_0026,airport_transfer,2026-09-23T16:44:18,Addon_Services,Private_Tesla
GUEST_0026,room_type,2026-09-23T16:44:52,Final_Confirmation,Deluxe_King
GUEST_0027,bed_config,2026-09-23T19:15:49,Destination_Search,2_Single
GUEST_0027,room_type,2026-09-23T19:16:27,Room_Selection,Executive_Suite
GUEST_0027,meal_package,2026-09-23T19:17:11,Dining_Plan,All_Inclusive_Gourmet
GUEST_0027,meal_package,2026-09-23T19:17:21,Dining_Plan,Room_Only
GUEST_0027,travel_insurance,2026-09-23T19:17:51,Addon_Services,Comprehensive_VIP
GUEST_0027,airport_transfer,2026-09-23T19:18:19,Addon_Services,Private_Tesla
GUEST_0027,room_type,2026-09-23T19:18:41,Final_Confirmation,Penthouse_Oceanview
GUEST_0028,bed_config,2026-09-23T22:22:16,Destination_Search,1_King
GUEST_0028,room_type,2026-09-23T22:22:37,Room_Selection,Deluxe_King
GUEST_0028,meal_package,2026-09-23T22:23:10,Dining_Plan,Half_Board
GUEST_0028,meal_package,2026-09-23T22:23:31,Dining_Plan,Room_Only
GUEST_0028,travel_insurance,2026-09-23T22:24:17,Addon_Services,Standard_Protection
GUEST_0028,airport_transfer,2026-09-23T22:25:06,Addon_Services,Private_Tesla
GUEST_0028,room_type,2026-09-23T22:25:37,Final_Confirmation,Penthouse_Oceanview
GUEST_0029,bed_config,2026-09-24T01:24:29,Destination_Search,2_Single
GUEST_0029,room_type,2026-09-24T01:24:48,Room_Selection,Executive_Suite
GUEST_0029,meal_package,2026-09-24T01:25:10,Dining_Plan,Room_Only
GUEST_0029,travel_insurance,2026-09-24T01:25:47,Addon_Services,Comprehensive_VIP
GUEST_0029,airport_transfer,2026-09-24T01:26:22,Addon_Services,No_Transfer
GUEST_0029,room_type,2026-09-24T01:26:59,Final_Confirmation,Standard_Twin
GUEST_0030,bed_config,2026-09-24T04:44:32,Destination_Search,2_Single
GUEST_0030,room_type,2026-09-24T04:44:50,Room_Selection,Executive_Suite
GUEST_0030,meal_package,2026-09-24T04:45:36,Dining_Plan,All_Inclusive_Gourmet
GUEST_0030,meal_package,2026-09-24T04:46:10,Dining_Plan,Room_Only
GUEST_0030,travel_insurance,2026-09-24T04:46:44,Addon_Services,Comprehensive_VIP
GUEST_0030,airport_transfer,2026-09-24T04:47:06,Addon_Services,No_Transfer
GUEST_0030,room_type,2026-09-24T04:47:56,Final_Confirmation,Penthouse_Oceanview
GUEST_0031,bed_config,2026-09-24T07:29:23,Destination_Search,2_Single
GUEST_0031,room_type,2026-09-24T07:30:12,Room_Selection,Penthouse_Oceanview
GUEST_0031,meal_package,2026-09-24T07:31:01,Dining_Plan,Room_Only
GUEST_0031,travel_insurance,2026-09-24T07:31:31,Addon_Services,Comprehensive_VIP
GUEST_0031,airport_transfer,2026-09-24T07:32:19,Addon_Services,Helicopter
GUEST_0031,airport_transfer,2026-09-24T07:33:04,Addon_Services,Private_Tesla
GUEST_0031,room_type,2026-09-24T07:33:48,Final_Confirmation,Executive_Suite
GUEST_0032,bed_config,2026-09-24T10:47:19,Destination_Search,2_Queen
GUEST_0032,room_type,2026-09-24T10:47:58,Room_Selection,Standard_Twin
GUEST_0032,meal_package,2026-09-24T10:48:15,Dining_Plan,Breakfast_Included
GUEST_0032,meal_package,2026-09-24T10:48:36,Dining_Plan,Room_Only
GUEST_0032,travel_insurance,2026-09-24T10:49:09,Addon_Services,Comprehensive_VIP
GUEST_0032,airport_transfer,2026-09-24T10:49:51,Addon_Services,Shared_Shuttle
GUEST_0032,room_type,2026-09-24T10:50:25,Final_Confirmation,Executive_Suite
GUEST_0033,bed_config,2026-09-24T13:22:26,Destination_Search,1_King
GUEST_0033,room_type,2026-09-24T13:23:04,Room_Selection,Deluxe_King
GUEST_0033,room_type,2026-09-24T13:23:43,Room_Selection,Executive_Suite
GUEST_0033,room_type,2026-09-24T13:24:05,Room_Selection,Deluxe_King
GUEST_0033,room_type,2026-09-24T13:25:09,Room_Selection,Executive_Suite
GUEST_0033,meal_package,2026-09-24T13:25:48,Dining_Plan,Breakfast_Included
GUEST_0033,travel_insurance,2026-09-24T13:26:16,Addon_Services,Comprehensive_VIP
GUEST_0033,airport_transfer,2026-09-24T13:26:45,Addon_Services,Helicopter
GUEST_0033,room_type,2026-09-24T13:27:00,Final_Confirmation,Penthouse_Oceanview
GUEST_0033,room_type,2026-09-24T13:28:03,Final_Confirmation,Executive_Suite
GUEST_0033,room_type,2026-09-24T13:28:24,Final_Confirmation,Deluxe_King
GUEST_0033,room_type,2026-09-24T13:29:13,Final_Confirmation,Executive_Suite
GUEST_0034,bed_config,2026-09-24T16:40:15,Destination_Search,2_Queen
GUEST_0034,room_type,2026-09-24T16:40:44,Room_Selection,Deluxe_King
GUEST_0034,meal_package,2026-09-24T16:41:23,Dining_Plan,Room_Only
GUEST_0034,meal_package,2026-09-24T16:41:46,Dining_Plan,Breakfast_Included
GUEST_0034,travel_insurance,2026-09-24T16:42:25,Addon_Services,Comprehensive_VIP
GUEST_0034,airport_transfer,2026-09-24T16:43:00,Addon_Services,Helicopter
GUEST_0034,room_type,2026-09-24T16:43:47,Final_Confirmation,Deluxe_King
GUEST_0035,bed_config,2026-09-24T19:22:20,Destination_Search,2_Queen
GUEST_0035,bed_config,2026-09-24T19:23:43,Destination_Search,1_King
GUEST_0035,room_type,2026-09-24T19:24:05,Room_Selection,Deluxe_King
GUEST_0035,meal_package,2026-09-24T19:24:55,Dining_Plan,Half_Board
GUEST_0035,meal_package,2026-09-24T19:26:10,Dining_Plan,Breakfast_Included
GUEST_0035,travel_insurance,2026-09-24T19:26:28,Addon_Services,Standard_Protection
GUEST_0035,airport_transfer,2026-09-24T19:26:43,Addon_Services,Private_Tesla
GUEST_0035,room_type,2026-09-24T19:27:33,Final_Confirmation,Standard_Twin
GUEST_0036,bed_config,2026-09-24T22:16:21,Destination_Search,2_Single
GUEST_0036,room_type,2026-09-24T22:17:03,Room_Selection,Executive_Suite
GUEST_0036,meal_package,2026-09-24T22:17:23,Dining_Plan,All_Inclusive_Gourmet
GUEST_0036,travel_insurance,2026-09-24T22:18:02,Addon_Services,No_Coverage
GUEST_0036,travel_insurance,2026-09-24T22:19:17,Addon_Services,Standard_Protection
GUEST_0036,airport_transfer,2026-09-24T22:20:07,Addon_Services,Private_Tesla
GUEST_0036,airport_transfer,2026-09-24T22:21:20,Addon_Services,Helicopter
GUEST_0036,room_type,2026-09-24T22:21:40,Final_Confirmation,Standard_Twin
GUEST_0036,room_type,2026-09-24T22:22:46,Final_Confirmation,Executive_Suite
GUEST_0036,room_type,2026-09-24T22:23:16,Final_Confirmation,Penthouse_Oceanview
GUEST_0037,bed_config,2026-09-25T01:18:46,Destination_Search,2_Single
GUEST_0037,room_type,2026-09-25T01:19:26,Room_Selection,Penthouse_Oceanview
GUEST_0037,room_type,2026-09-25T01:20:05,Room_Selection,Deluxe_King
GUEST_0037,meal_package,2026-09-25T01:20:44,Dining_Plan,All_Inclusive_Gourmet
GUEST_0037,meal_package,2026-09-25T01:21:08,Dining_Plan,Room_Only
GUEST_0037,travel_insurance,2026-09-25T01:21:40,Addon_Services,No_Coverage
GUEST_0037,travel_insurance,2026-09-25T01:23:01,Addon_Services,Comprehensive_VIP
GUEST_0037,airport_transfer,2026-09-25T01:23:32,Addon_Services,No_Transfer
GUEST_0037,room_type,2026-09-25T01:24:09,Final_Confirmation,Standard_Twin
GUEST_0038,bed_config,2026-09-25T04:28:48,Destination_Search,2_Single
GUEST_0038,room_type,2026-09-25T04:29:10,Room_Selection,Executive_Suite
GUEST_0038,room_type,2026-09-25T04:29:35,Room_Selection,Penthouse_Oceanview
GUEST_0038,meal_package,2026-09-25T04:29:54,Dining_Plan,Breakfast_Included
GUEST_0038,travel_insurance,2026-09-25T04:30:13,Addon_Services,Standard_Protection
GUEST_0038,travel_insurance,2026-09-25T04:31:42,Addon_Services,No_Coverage
GUEST_0038,airport_transfer,2026-09-25T04:32:22,Addon_Services,No_Transfer
GUEST_0038,airport_transfer,2026-09-25T04:33:19,Addon_Services,Shared_Shuttle
GUEST_0038,room_type,2026-09-25T04:33:38,Final_Confirmation,Executive_Suite
GUEST_0038,room_type,2026-09-25T04:34:25,Final_Confirmation,Penthouse_Oceanview
GUEST_0039,bed_config,2026-09-25T07:08:27,Destination_Search,1_King
GUEST_0039,room_type,2026-09-25T07:09:15,Room_Selection,Executive_Suite
GUEST_0039,meal_package,2026-09-25T07:10:00,Dining_Plan,Half_Board
GUEST_0039,travel_insurance,2026-09-25T07:10:26,Addon_Services,Standard_Protection
GUEST_0039,airport_transfer,2026-09-25T07:10:42,Addon_Services,No_Transfer
GUEST_0039,room_type,2026-09-25T07:11:16,Final_Confirmation,Executive_Suite
GUEST_0040,bed_config,2026-09-25T10:19:36,Destination_Search,1_King
GUEST_0040,room_type,2026-09-25T10:19:57,Room_Selection,Executive_Suite
GUEST_0040,meal_package,2026-09-25T10:20:43,Dining_Plan,All_Inclusive_Gourmet
GUEST_0040,meal_package,2026-09-25T10:21:13,Dining_Plan,Room_Only
GUEST_0040,travel_insurance,2026-09-25T10:21:58,Addon_Services,Comprehensive_VIP
GUEST_0040,airport_transfer,2026-09-25T10:22:47,Addon_Services,Helicopter
GUEST_0040,room_type,2026-09-25T10:23:18,Final_Confirmation,Deluxe_King
GUEST_0041,bed_config,2026-09-25T13:34:42,Destination_Search,2_Single
GUEST_0041,room_type,2026-09-25T13:35:01,Room_Selection,Penthouse_Oceanview
GUEST_0041,meal_package,2026-09-25T13:35:23,Dining_Plan,Half_Board
GUEST_0041,travel_insurance,2026-09-25T13:36:08,Addon_Services,Comprehensive_VIP
GUEST_0041,travel_insurance,2026-09-25T13:36:40,Addon_Services,No_Coverage
GUEST_0041,airport_transfer,2026-09-25T13:37:17,Addon_Services,Private_Tesla
GUEST_0041,airport_transfer,2026-09-25T13:38:27,Addon_Services,Helicopter
GUEST_0041,airport_transfer,2026-09-25T13:39:26,Addon_Services,Shared_Shuttle
GUEST_0041,room_type,2026-09-25T13:39:57,Final_Confirmation,Deluxe_King
GUEST_0041,room_type,2026-09-25T13:40:26,Final_Confirmation,Executive_Suite
GUEST_0042,bed_config,2026-09-25T16:43:21,Destination_Search,2_Queen
GUEST_0042,bed_config,2026-09-25T16:43:51,Destination_Search,2_Single
GUEST_0042,room_type,2026-09-25T16:44:28,Room_Selection,Standard_Twin
GUEST_0042,meal_package,2026-09-25T16:44:46,Dining_Plan,All_Inclusive_Gourmet
GUEST_0042,travel_insurance,2026-09-25T16:45:03,Addon_Services,No_Coverage
GUEST_0042,travel_insurance,2026-09-25T16:45:25,Addon_Services,Comprehensive_VIP
GUEST_0042,airport_transfer,2026-09-25T16:46:05,Addon_Services,No_Transfer
GUEST_0042,room_type,2026-09-25T16:46:33,Final_Confirmation,Executive_Suite
GUEST_0043,bed_config,2026-09-25T19:19:48,Destination_Search,1_King
GUEST_0043,bed_config,2026-09-25T19:21:22,Destination_Search,2_Single
GUEST_0043,room_type,2026-09-25T19:22:04,Room_Selection,Deluxe_King
GUEST_0043,room_type,2026-09-25T19:23:02,Room_Selection,Executive_Suite
GUEST_0043,meal_package,2026-09-25T19:23:20,Dining_Plan,All_Inclusive_Gourmet
GUEST_0043,meal_package,2026-09-25T19:24:17,Dining_Plan,Room_Only
GUEST_0043,travel_insurance,2026-09-25T19:24:47,Addon_Services,No_Coverage
GUEST_0043,travel_insurance,2026-09-25T19:26:07,Addon_Services,Standard_Protection
GUEST_0043,airport_transfer,2026-09-25T19:26:40,Addon_Services,Private_Tesla
GUEST_0043,airport_transfer,2026-09-25T19:27:50,Addon_Services,Shared_Shuttle
GUEST_0043,room_type,2026-09-25T19:28:39,Final_Confirmation,Standard_Twin
GUEST_0044,bed_config,2026-09-25T22:44:15,Destination_Search,2_Queen
GUEST_0044,bed_config,2026-09-25T22:44:48,Destination_Search,2_Single
GUEST_0044,room_type,2026-09-25T22:45:24,Room_Selection,Penthouse_Oceanview
GUEST_0044,meal_package,2026-09-25T22:46:13,Dining_Plan,All_Inclusive_Gourmet
GUEST_0044,travel_insurance,2026-09-25T22:46:51,Addon_Services,Comprehensive_VIP
GUEST_0044,airport_transfer,2026-09-25T22:47:26,Addon_Services,No_Transfer
GUEST_0044,airport_transfer,2026-09-25T22:49:00,Addon_Services,Shared_Shuttle
GUEST_0044,room_type,2026-09-25T22:49:50,Final_Confirmation,Penthouse_Oceanview
GUEST_0044,room_type,2026-09-25T22:50:45,Final_Confirmation,Deluxe_King
GUEST_0045,bed_config,2026-09-26T01:14:31,Destination_Search,2_Queen
GUEST_0045,room_type,2026-09-26T01:14:50,Room_Selection,Executive_Suite
GUEST_0045,room_type,2026-09-26T01:15:21,Room_Selection,Executive_Suite
GUEST_0045,room_type,2026-09-26T01:15:48,Room_Selection,Deluxe_King
GUEST_0045,room_type,2026-09-26T01:16:08,Room_Selection,Executive_Suite
GUEST_0045,meal_package,2026-09-26T01:16:41,Dining_Plan,Breakfast_Included
GUEST_0045,travel_insurance,2026-09-26T01:17:24,Addon_Services,Standard_Protection
GUEST_0045,airport_transfer,2026-09-26T01:17:47,Addon_Services,Private_Tesla
GUEST_0045,room_type,2026-09-26T01:18:29,Final_Confirmation,Standard_Twin
GUEST_0045,room_type,2026-09-26T01:19:24,Final_Confirmation,Executive_Suite
GUEST_0045,room_type,2026-09-26T01:20:17,Final_Confirmation,Deluxe_King
GUEST_0045,room_type,2026-09-26T01:21:25,Final_Confirmation,Executive_Suite
GUEST_0046,bed_config,2026-09-26T04:36:31,Destination_Search,1_King
GUEST_0046,room_type,2026-09-26T04:37:05,Room_Selection,Executive_Suite
GUEST_0046,room_type,2026-09-26T04:37:31,Room_Selection,Executive_Suite
GUEST_0046,room_type,2026-09-26T04:37:51,Room_Selection,Deluxe_King
GUEST_0046,room_type,2026-09-26T04:38:41,Room_Selection,Executive_Suite
GUEST_0046,meal_package,2026-09-26T04:38:59,Dining_Plan,Room_Only
GUEST_0046,travel_insurance,2026-09-26T04:39:18,Addon_Services,Standard_Protection
GUEST_0046,airport_transfer,2026-09-26T04:40:02,Addon_Services,Helicopter
GUEST_0046,room_type,2026-09-26T04:40:39,Final_Confirmation,Standard_Twin
GUEST_0046,room_type,2026-09-26T04:41:44,Final_Confirmation,Executive_Suite
GUEST_0046,room_type,2026-09-26T04:42:40,Final_Confirmation,Deluxe_King
GUEST_0046,room_type,2026-09-26T04:43:28,Final_Confirmation,Executive_Suite
GUEST_0047,bed_config,2026-09-26T07:10:38,Destination_Search,1_King
GUEST_0047,room_type,2026-09-26T07:11:21,Room_Selection,Standard_Twin
GUEST_0047,meal_package,2026-09-26T07:11:56,Dining_Plan,All_Inclusive_Gourmet
GUEST_0047,meal_package,2026-09-26T07:12:26,Dining_Plan,Room_Only
GUEST_0047,travel_insurance,2026-09-26T07:12:49,Addon_Services,Comprehensive_VIP
GUEST_0047,airport_transfer,2026-09-26T07:13:14,Addon_Services,Shared_Shuttle
GUEST_0047,room_type,2026-09-26T07:13:29,Final_Confirmation,Standard_Twin
GUEST_0048,bed_config,2026-09-26T10:08:39,Destination_Search,2_Queen
GUEST_0048,room_type,2026-09-26T10:09:21,Room_Selection,Standard_Twin
GUEST_0048,meal_package,2026-09-26T10:09:57,Dining_Plan,Breakfast_Included
GUEST_0048,travel_insurance,2026-09-26T10:10:18,Addon_Services,No_Coverage
GUEST_0048,travel_insurance,2026-09-26T10:11:18,Addon_Services,Comprehensive_VIP
GUEST_0048,travel_insurance,2026-09-26T10:12:11,Addon_Services,Standard_Protection
GUEST_0048,airport_transfer,2026-09-26T10:12:52,Addon_Services,Shared_Shuttle
GUEST_0048,airport_transfer,2026-09-26T10:13:23,Addon_Services,Helicopter
GUEST_0048,room_type,2026-09-26T10:14:01,Final_Confirmation,Executive_Suite
GUEST_0048,room_type,2026-09-26T10:14:51,Final_Confirmation,Standard_Twin
GUEST_0049,bed_config,2026-09-26T13:44:47,Destination_Search,2_Single
GUEST_0049,room_type,2026-09-26T13:45:09,Room_Selection,Executive_Suite
GUEST_0049,meal_package,2026-09-26T13:45:49,Dining_Plan,All_Inclusive_Gourmet
GUEST_0049,travel_insurance,2026-09-26T13:46:30,Addon_Services,Standard_Protection
GUEST_0049,airport_transfer,2026-09-26T13:46:57,Addon_Services,Shared_Shuttle
GUEST_0049,room_type,2026-09-26T13:47:16,Final_Confirmation,Executive_Suite
GUEST_0050,bed_config,2026-09-26T16:20:40,Destination_Search,2_Single
GUEST_0050,room_type,2026-09-26T16:21:09,Room_Selection,Deluxe_King
GUEST_0050,meal_package,2026-09-26T16:21:35,Dining_Plan,All_Inclusive_Gourmet
GUEST_0050,travel_insurance,2026-09-26T16:22:07,Addon_Services,Standard_Protection
GUEST_0050,airport_transfer,2026-09-26T16:22:22,Addon_Services,No_Transfer
GUEST_0050,room_type,2026-09-26T16:22:42,Final_Confirmation,Penthouse_Oceanview
GUEST_0051,bed_config,2026-09-26T19:09:33,Destination_Search,1_King
GUEST_0051,room_type,2026-09-26T19:09:51,Room_Selection,Executive_Suite
GUEST_0051,meal_package,2026-09-26T19:10:32,Dining_Plan,Room_Only
GUEST_0051,travel_insurance,2026-09-26T19:10:47,Addon_Services,Comprehensive_VIP
GUEST_0051,airport_transfer,2026-09-26T19:11:09,Addon_Services,No_Transfer
GUEST_0051,room_type,2026-09-26T19:11:26,Final_Confirmation,Standard_Twin
GUEST_0052,bed_config,2026-09-26T22:40:46,Destination_Search,2_Single
GUEST_0052,room_type,2026-09-26T22:41:34,Room_Selection,Executive_Suite
GUEST_0052,meal_package,2026-09-26T22:41:54,Dining_Plan,Breakfast_Included
GUEST_0052,meal_package,2026-09-26T22:42:25,Dining_Plan,Room_Only
GUEST_0052,travel_insurance,2026-09-26T22:42:46,Addon_Services,Standard_Protection
GUEST_0052,airport_transfer,2026-09-26T22:43:11,Addon_Services,Private_Tesla
GUEST_0052,room_type,2026-09-26T22:43:53,Final_Confirmation,Executive_Suite
GUEST_0053,bed_config,2026-09-27T01:25:29,Destination_Search,2_Single
GUEST_0053,room_type,2026-09-27T01:25:56,Room_Selection,Executive_Suite
GUEST_0053,meal_package,2026-09-27T01:26:22,Dining_Plan,All_Inclusive_Gourmet
GUEST_0053,travel_insurance,2026-09-27T01:26:38,Addon_Services,Standard_Protection
GUEST_0053,airport_transfer,2026-09-27T01:27:00,Addon_Services,Shared_Shuttle
GUEST_0053,room_type,2026-09-27T01:27:50,Final_Confirmation,Standard_Twin
GUEST_0054,bed_config,2026-09-27T04:50:35,Destination_Search,2_Single
GUEST_0054,room_type,2026-09-27T04:51:06,Room_Selection,Standard_Twin
GUEST_0054,meal_package,2026-09-27T04:51:23,Dining_Plan,Room_Only
GUEST_0054,travel_insurance,2026-09-27T04:51:41,Addon_Services,No_Coverage
GUEST_0054,airport_transfer,2026-09-27T04:52:30,Addon_Services,Helicopter
GUEST_0054,room_type,2026-09-27T04:52:45,Final_Confirmation,Standard_Twin
