applicant_id,field,timestamp,phase,value
APP_0001,coverage_level,2024-08-05T13:59:16,Eligibility,Bronze_Basic
APP_0001,deductible,2024-08-05T13:59:51,Eligibility,$1000
APP_0001,deductible,2024-08-05T14:02:12,Vehicle_Details,$250
APP_0001,deductible,2024-08-05T14:04:04,Coverage_Quote,$250
APP_0001,deductible,2024-08-05T14:06:24,Final_Signature,$250
APP_0001,loan_term,2024-08-05T14:07:28,Eligibility,24_Months
APP_0002,coverage_level,2024-08-06T22:52:51,Eligibility,Bronze_Basic
APP_0002,deductible,2024-08-06T22:53:54,Eligibility,$1000
APP_0002,loan_term,2024-08-06T22:55:07,Eligibility,24_Months
APP_0002,loan_term,2024-08-06T22:55:42,Vehicle_Details,36_Months
APP_0003,coverage_level,2024-08-07T19:43:34,Eligibility,Silver_Plus
APP_0003,deductible,2024-08-07T19:44:52,Eligibility,$1000
APP_0003,loan_term,2024-08-07T19:45:31,Eligibility,48_Months
APP_0004,coverage_level,2024-08-06T15:52:12,Eligibility,Gold_Comprehensive
APP_0004,deductible,2024-08-06T15:53:40,Eligibility,$1000
APP_0004,loan_term,2024-08-06T15:54:59,Eligibility,36_Months
APP_0005,coverage_level,2024-08-06T15:52:41,Eligibility,Silver_Plus
APP_0005,deductible,2024-08-06T15:53:12,Eligibility,$250
APP_0005,loan_term,2024-08-06T15:54:29,Eligibility,36_Months
APP_0006,coverage_level,2024-08-06T02:04:37,Eligibility,Gold_Comprehensive
APP_0006,coverage_level,2024-08-06T02:09:37,Final_Signature,Bronze_Basic
APP_0006,deductible,2024-08-06T02:10:00,Eligibility,$500
APP_0006,deductible,2024-08-06T02:15:00,Final_Signature,$250
APP_0006,loan_term,2024-08-06T02:16:01,Eligibility,36_Months
APP_0006,loan_term,2024-08-06T02:21:01,Final_Signature,24_Months
APP_0007,coverage_level,2024-08-05T21:36:25,Eligibility,Silver_Plus
APP_0007,deductible,2024-08-05T21:37:20,Eligibility,$500
APP_0007,deductible,2024-08-05T21:39:16,Vehicle_Details,$250
APP_0007,deductible,2024-08-05T21:41:25,Coverage_Quote,$250
APP_0007,deductible,2024-08-05T21:42:40,Final_Signature,$250
APP_0007,loan_term,2024-08-05T21:43:01,Eligibility,48_Months
APP_0008,coverage_level,2024-08-06T21:42:39,Eligibility,Bronze_Basic
APP_0008,deductible,2024-08-06T21:43:51,Eligibility,$1000
APP_0008,deductible,2024-08-06T21:45:33,Vehicle_Details,$250
APP_0008,deductible,2024-08-06T21:47:24,Coverage_Quote,$250
APP_0008,deductible,2024-08-06T21:49:41,Final_Signature,$250
APP_0008,loan_term,2024-08-06T21:51:01,Eligibility,24_Months
APP_0009,coverage_level,2024-08-07T07:00:40,Eligibility,Silver_Plus
APP_0009,coverage_level,2024-08-07T07:05:40,Final_Signature,Bronze_Basic
APP_0009,deductible,2024-08-07T07:06:37,Eligibility,$250
APP_0009,deductible,2024-08-07T07:11:37,Final_Signature,$500
APP_0009,loan_term,2024-08-07T07:12:48,Eligibility,24_Months
APP_0009,loan_term,2024-08-07T07:17:48,Final_Signature,36_Months
APP_0010,coverage_level,2024-08-07T10:19:38,Eligibility,Gold_Comprehensive
APP_0010,deductible,2024-08-07T10:21:08,Eligibility,$500
APP_0010,loan_term,2024-08-07T10:22:12,Eligibility,48_Months
APP_0010,loan_term,2024-08-07T10:22:47,Vehicle_Details,24_Months
APP_0011,coverage_level,2024-08-06T15:09:15,Eligibility,Silver_Plus
APP_0011,deductible,2024-08-06T15:10:33,Eligibility,$1000
APP_0011,loan_term,2024-08-06T15:11:32,Eligibility,36_Months
APP_0012,coverage_level,2024-08-06T02:36:47,Eligibility,Gold_Comprehensive
APP_0012,deductible,2024-08-06T02:37:22,Eligibility,$500
APP_0012,loan_term,2024-08-06T02:38:50,Eligibility,48_Months
APP_0013,coverage_level,2024-08-08T04:58:34,Eligibility,Bronze_Basic
APP_0013,deductible,2024-08-08T04:59:55,Eligibility,$1000
APP_0013,deductible,2024-08-08T05:01:10,Vehicle_Details,$250
APP_0013,deductible,2024-08-08T05:03:22,Coverage_Quote,$250
APP_0013,deductible,2024-08-08T05:05:17,Final_Signature,$250
APP_0013,loan_term,2024-08-08T05:06:13,Eligibility,48_Months
APP_0014,coverage_level,2024-08-08T07:06:37,Eligibility,Silver_Plus
APP_0014,deductible,2024-08-08T07:07:19,Eligibility,$500
APP_0014,deductible,2024-08-08T07:08:37,Vehicle_Details,$250
APP_0014,deductible,2024-08-08T07:09:18,Coverage_Quote,$250
APP_0014,deductible,2024-08-08T07:11:28,Final_Signature,$250
APP_0014,loan_term,2024-08-08T07:12:04,Eligibility,48_Months
APP_0015,coverage_level,2024-08-06T04:15:58,Eligibility,Gold_Comprehensive
APP_0015,deductible,2024-08-06T04:16:34,Eligibility,$1000
APP_0015,loan_term,2024-08-06T04:17:56,Eligibility,48_Months
APP_0016,coverage_level,2024-08-05T15:54:06,Eligibility,Gold_Comprehensive
APP_0016,deductible,2024-08-05T15:55:27,Eligibility,$500
APP_0016,loan_term,2024-08-05T15:56:30,Eligibility,36_Months
APP_0017,coverage_level,2024-08-05T21:47:48,Eligibility,Silver_Plus
APP_0017,deductible,2024-08-05T21:48:16,Eligibility,$250
APP_0017,loan_term,2024-08-05T21:49:38,Eligibility,36_Months
APP_0018,coverage_level,2024-08-05T13:50:41,Eligibility,Bronze_Basic
APP_0018,deductible,2024-08-05T13:51:39,Eligibility,$1000
APP_0018,loan_term,2024-08-05T13:52:30,Eligibility,24_Months
APP_0019,coverage_level,2024-08-05T17:02:30,Eligibility,Gold_Comprehensive
APP_0019,coverage_level,2024-08-05T17:07:30,Final_Signature,Bronze_Basic
APP_0019,deductible,2024-08-05T17:08:38,Eligibility,$1000
APP_0019,deductible,2024-08-05T17:13:38,Final_Signature,$250
APP_0019,loan_term,2024-08-05T17:14:54,Eligibility,36_Months
APP_0019,loan_term,2024-08-05T17:19:54,Final_Signature,24_Months
APP_0020,coverage_level,2024-08-06T05:55:32,Eligibility,Silver_Plus
APP_0020,deductible,2024-08-06T05:55:59,Eligibility,$1000
APP_0020,loan_term,2024-08-06T05:56:31,Eligibility,48_Months
APP_0021,coverage_level,2024-08-08T04:44:22,Eligibility,Gold_Comprehensive
APP_0021,deductible,2024-08-08T04:44:52,Eligibility,$500
APP_0021,deductible,2024-08-08T04:45:52,Vehicle_Details,$250
APP_0021,deductible,2024-08-08T04:47:02,Coverage_Quote,$250
APP_0021,deductible,2024-08-08T04:48:04,Final_Signature,$250
APP_0021,loan_term,2024-08-08T04:48:33,Eligibility,48_Months
APP_0022,coverage_level,2024-08-05T19:47:33,Eligibility,Silver_Plus
APP_0022,coverage_level,2024-08-05T19:52:33,Final_Signature,Bronze_Basic
APP_0022,deductible,2024-08-05T19:52:57,Eligibility,$500
APP_0022,deductible,2024-08-05T19:57:57,Final_Signature,$250
APP_0022,loan_term,2024-08-05T19:58:53,Eligibility,24_Months
APP_0022,loan_term,2024-08-05T20:03:53,Final_Signature,36_Months
APP_0023,coverage_level,2024-08-07T11:24:51,Eligibility,Bronze_Basic
APP_0023,coverage_level,2024-08-07T11:29:51,Final_Signature,Silver_Plus
APP_0023,deductible,2024-08-07T11:30:36,Eligibility,$500
APP_0023,deductible,2024-08-07T11:35:36,Final_Signature,$250
APP_0023,loan_term,2024-08-07T11:36:10,Eligibility,36_Months
APP_0023,loan_term,2024-08-07T11:41:10,Final_Signature,24_Months
APP_0024,coverage_level,2024-08-06T23:43:08,Eligibility,Silver_Plus
APP_0024,deductible,2024-08-06T23:43:35,Eligibility,$250
APP_0024,deductible,2024-08-06T23:44:36,Vehicle_Details,$500
APP_0024,deductible,2024-08-06T23:46:57,Coverage_Quote,$250
APP_0024,deductible,2024-08-06T23:48:16,Final_Signature,$500
APP_0024,loan_term,2024-08-06T23:49:12,Eligibility,48_Months
APP_0025,coverage_level,2024-08-06T16:08:06,Eligibility,Gold_Comprehensive
APP_0025,coverage_level,2024-08-06T16:13:06,Final_Signature,Bronze_Basic
APP_0025,deductible,2024-08-06T16:14:17,Eligibility,$1000
APP_0025,deductible,2024-08-06T16:19:17,Final_Signature,$250
APP_0025,loan_term,2024-08-06T16:20:41,Eligibility,36_Months
APP_0025,loan_term,2024-08-06T16:25:41,Final_Signature,24_Months
APP_0026,coverage_level,2024-08-06T23:23:08,Eligibility,Bronze_Basic
APP_0026,coverage_level,2024-08-06T23:28:08,Final_Signature,Silver_Plus
APP_0026,deductible,2024-08-06T23:29:09,Eligibility,$500
APP_0026,deductible,2024-08-06T23:34:09,Final_Signature,$250
APP_0026,loan_term,2024-08-06T23:35:01,Eligibility,48_Months
APP_0026,loan_term,2024-08-06T23:40:01,Final_Signature,24_Months
APP_0027,coverage_level,2024-08-05T10:22:06,Eligibility,Gold_Comprehensive
APP_0027,deductible,2024-08-05T10:23:00,Eligibility,$1000
APP_0027,deductible,2024-08-05T10:24:53,Vehicle_Details,$250
APP_0027,deductible,2024-08-05T10:25:38,Coverage_Quote,$250
APP_0027,deductible,2024-08-05T10:27:55,Final_Signature,$250
APP_0027,loan_term,2024-08-05T10:29:15,Eligibility,24_Months
APP_0028,coverage_level,2024-08-06T21:52:38,Eligibility,Silver_Plus
APP_0028,coverage_level,2024-08-06T21:57:38,Final_Signature,Bronze_Basic
APP_0028,deductible,2024-08-06T21:58:53,Eligibility,$1000
APP_0028,deductible,2024-08-06T22:03:53,Final_Signature,$250
APP_0028,loan_term,2024-08-06T22:05:15,Eligibility,48_Months
APP_0028,loan_term,2024-08-06T22:10:15,Final_Signature,24_Months
APP_0029,coverage_level,2024-08-08T06:17:31,Eligibility,Silver_Plus
APP_0029,coverage_level,2024-08-08T06:22:31,Final_Signature,Bronze_Basic
APP_0029,deductible,2024-08-08T06:23:32,Eligibility,$500
APP_0029,deductible,2024-08-08T06:28:32,Final_Signature,$250
APP_0029,loan_term,2024-08-08T06:29:05,Eligibility,48_Months
APP_0029,loan_term,2024-08-08T06:34:05,Final_Signature,24_Months
APP_0030,coverage_level,2024-08-07T22:16:47,Eligibility,Silver_Plus
APP_0030,deductible,2024-08-07T22:17:58,Eligibility,$500
APP_0030,loan_term,2024-08-07T22:18:22,Eligibility,48_Months
APP_0030,loan_term,2024-08-07T22:18:57,Vehicle_Details,24_Months
APP_0031,coverage_level,2024-08-06T17:15:51,Eligibility,Silver_Plus
APP_0031,deductible,2024-08-06T17:17:02,Eligibility,$250
APP_0031,loan_term,2024-08-06T17:17:22,Eligibility,48_Months
APP_0031,loan_term,2024-08-06T17:17:57,Vehicle_Details,24_Months
APP_0032,coverage_level,2024-08-07T07:52:17,Eligibility,Silver_Plus
APP_0032,deductible,2024-08-07T07:53:01,Eligibility,$250
APP_0032,loan_term,2024-08-07T07:54:07,Eligibility,48_Months
APP_0033,coverage_level,2024-08-07T05:21:02,Eligibility,Gold_Comprehensive
APP_0033,coverage_level,2024-08-07T05:26:02,Final_Signature,Bronze_Basic
APP_0033,deductible,2024-08-07T05:26:48,Eligibility,$250
APP_0033,deductible,2024-08-07T05:31:48,Final_Signature,$500
APP_0033,loan_term,2024-08-07T05:33:18,Eligibility,36_Months
APP_0033,loan_term,2024-08-07T05:38:18,Final_Signature,24_Months
APP_0034,coverage_level,2024-08-05T17:57:20,Eligibility,Silver_Plus
APP_0034,deductible,2024-08-05T17:57:43,Eligibility,$250
APP_0034,loan_term,2024-08-05T17:58:33,Eligibility,48_Months
APP_0034,loan_term,2024-08-05T17:59:08,Vehicle_Details,24_Months
APP_0035,coverage_level,2024-08-07T11:36:36,Eligibility,Gold_Comprehensive
APP_0035,deductible,2024-08-07T11:37:48,Eligibility,$1000
APP_0035,loan_term,2024-08-07T11:38:36,Eligibility,24_Months
APP_0035,loan_term,2024-08-07T11:39:11,Vehicle_Details,36_Months
APP_0036,coverage_level,2024-08-08T07:57:08,Eligibility,Silver_Plus
APP_0036,deductible,2024-08-08T07:57:47,Eligibility,$1000
APP_0036,loan_term,2024-08-08T07:58:44,Eligibility,36_Months
APP_0037,coverage_level,2024-08-06T21:09:40,Eligibility,Silver_Plus
APP_0037,deductible,2024-08-06T21:10:31,Eligibility,$500
APP_0037,loan_term,2024-08-06T21:12:01,Eligibility,36_Months
APP_0037,loan_term,2024-08-06T21:12:36,Vehicle_Details,24_Months
APP_0038,coverage_level,2024-08-05T18:56:16,Eligibility,Gold_Comprehensive
APP_0038,deductible,2024-08-05T18:56:53,Eligibility,$1000
APP_0038,deductible,2024-08-05T18:59:23,Vehicle_Details,$250
APP_0038,deductible,2024-08-05T19:00:11,Coverage_Quote,$250
APP_0038,deductible,2024-08-05T19:01:26,Final_Signature,$250
APP_0038,loan_term,2024-08-05T19:02:29,Eligibility,36_Months
APP_0039,coverage_level,2024-08-08T03:46:17,Eligibility,Silver_Plus
APP_0039,deductible,2024-08-08T03:47:15,Eligibility,$500
APP_0039,loan_term,2024-08-08T03:48:37,Eligibility,48_Months
APP_0040,coverage_level,2024-08-07T22:49:16,Eligibility,Gold_Comprehensive
APP_0040,coverage_level,2024-08-07T22:54:16,Final_Signature,Bronze_Basic
APP_0040,deductible,2024-08-07T22:55:18,Eligibility,$500
APP_0040,deductible,2024-08-07T23:00:18,Final_Signature,$250
APP_0040,loan_term,2024-08-07T23:01:47,Eligibility,48_Months
APP_0040,loan_term,2024-08-07T23:06:47,Final_Signature,24_Months
APP_0041,coverage_level,2024-08-06T11:40:22,Eligibility,Bronze_Basic
APP_0041,deductible,2024-08-06T11:41:31,Eligibility,$1000
APP_0041,loan_term,2024-08-06T11:42:43,Eligibility,24_Months
APP_0041,loan_term,2024-08-06T11:43:18,Vehicle_Details,36_Months
APP_0042,coverage_level,2024-08-05T11:39:41,Eligibility,Gold_Comprehensive
APP_0042,coverage_level,2024-08-05T11:44:41,Final_Signature,Bronze_Basic
APP_0042,deductible,2024-08-05T11:45:20,Eligibility,$500
APP_0042,deductible,2024-08-05T11:50:20,Final_Signature,$250
APP_0042,loan_term,2024-08-05T11:50:44,Eligibility,36_Months
APP_0042,loan_term,2024-08-05T11:55:44,Final_Signature,24_Months
APP_0043,coverage_level,2024-08-05T17:35:55,Eligibility,Silver_Plus
APP_0043,deductible,2024-08-05T17:36:27,Eligibility,$500
APP_0043,loan_term,2024-08-05T17:37:45,Eligibility,48_Months
APP_0044,coverage_level,2024-08-05T09:36:57,Eligibility,Silver_Plus
APP_0044,deductible,2024-08-05T09:38:17,Eligibility,$250
APP_0044,deductible,2024-08-05T09:40:37,Vehicle_Details,$500
APP_0044,deductible,2024-08-05T09:41:50,Coverage_Quote,$250
APP_0044,deductible,2024-08-05T09:43:13,Final_Signature,$500
APP_0044,loan_term,2024-08-05T09:44:23,Eligibility,48_Months
APP_0045,coverage_level,2024-08-07T07:18:45,Eligibility,Gold_Comprehensive
APP_0045,deductible,2024-08-07T07:19:45,Eligibility,$500
APP_0045,loan_term,2024-08-07T07:21:07,Eligibility,48_Months
APP_0045,loan_term,2024-08-07T07:21:42,Vehicle_Details,24_Months
APP_0046,coverage_level,2024-08-07T23:19:09,Eligibility,Gold_Comprehensive
APP_0046,deductible,2024-08-07T23:20:05,Eligibility,$250
APP_0046,loan_term,2024-08-07T23:20:36,Eligibility,24_Months
APP_0047,coverage_level,2024-08-06T15:45:17,Eligibility,Gold_Comprehensive
APP_0047,deductible,2024-08-06T15:45:58,Eligibility,$500
APP_0047,loan_term,2024-08-06T15:46:56,Eligibility,48_Months
APP_0048,coverage_level,2024-08-08T01:33:14,Eligibility,Silver_Plus
APP_0048,deductible,2024-08-08T01:34:19,Eligibility,$500
APP_0048,loan_term,2024-08-08T01:35:34,Eligibility,36_Months
APP_0049,coverage_level,2024-08-05T18:59:34,Eligibility,Silver_Plus
APP_0049,deductible,2024-08-05T19:00:16,Eligibility,$250
APP_0049,loan_term,2024-08-05T19:01:24,Eligibility,24_Months
APP_0050,coverage_level,2024-08-07T05:07:46,Eligibility,Silver_Plus
APP_0050,deductible,2024-08-07T05:09:05,Eligibility,$250
APP_0050,deductible,2024-08-07T05:11:06,Vehicle_Details,$500
APP_0050,deductible,2024-08-07T05:12:18,Coverage_Quote,$250
APP_0050,deductible,2024-08-07T05:13:56,Final_Signature,$500
APP_0050,loan_term,2024-08-07T05:14:17,Eligibility,36_Months
APP_0051,coverage_level,2024-08-08T01:14:46,Eligibility,Silver_Plus
APP_0051,coverage_level,2024-08-08T01:19:46,Final_Signature,Bronze_Basic
APP_0051,deductible,2024-08-08T01:20:15,Eligibility,$250
APP_0051,deductible,2024-08-08T01:25:15,Final_Signature,$500
APP_0051,loan_term,2024-08-08T01:26:19,Eligibility,36_Months
APP_0051,loan_term,2024-08-08T01:31:19,Final_Signature,24_Months
APP_0052,coverage_level,2024-08-08T07:37:53,Eligibility,Gold_Comprehensive
APP_0052,deductible,2024-08-08T07:38:45,Eligibility,$1000
APP_0052,loan_term,2024-08-08T07:39:43,Eligibility,36_Months
APP_0052,loan_term,2024-08-08T07:40:18,Vehicle_Details,24_Months
APP_0053,coverage_level,2024-08-05T22:51:10,Eligibility,Silver_Plus
APP_0053,coverage_level,2024-08-05T22:56:10,Final_Signature,Bronze_Basic
APP_0053,deductible,2024-08-05T22:57:18,Eligibility,$250
APP_0053,deductible,2024-08-05T23:02:18,Final_Signature,$500
APP_0053,loan_term,2024-08-05T23:03:23,Eligibility,48_Months
APP_0053,loan_term,2024-08-05T23:08:23,Final_Signature,24_Months
APP_0054,coverage_level,2024-08-07T01:54:21,Eligibility,Bronze_Basic
APP_0054,deductible,2024-08-07T01:54:42,Eligibility,$500
APP_0054,loan_term,2024-08-07T01:55:08,Eligibility,48_Months
APP_0054,loan_term,2024-08-07T01:55:43,Vehicle_Details,24_Months
APP_0055,coverage_level,2024-08-08T02:04:40,Eligibility,Silver_Plus
APP_0055,coverage_level,2024-08-08T02:09:40,Final_Signature,Bronze_Basic
APP_0055,deductible,2024-08-08T02:10:45,Eligibility,$1000
APP_0055,deductible,2024-08-08T02:15:45,Final_Signature,$250
APP_0055,loan_term,2024-08-08T02:16:29,Eligibility,24_Months
APP_0055,loan_term,2024-08-08T02:21:29,Final_Signature,36_Months
APP_0056,coverage_level,2024-08-07T05:12:46,Eligibility,Gold_Comprehensive
APP_0056,deductible,2024-08-07T05:13:11,Eligibility,$1000
APP_0056,deductible,2024-08-07T05:14:30,Vehicle_Details,$250
APP_0056,deductible,2024-08-07T05:16:50,Coverage_Quote,$250
APP_0056,deductible,2024-08-07T05:18:26,Final_Signature,$250
APP_0056,loan_term,2024-08-07T05:19:32,Eligibility,24_Months
APP_0057,coverage_level,2024-08-07T13:14:48,Eligibility,Silver_Plus
APP_0057,deductible,2024-08-07T13:16:01,Eligibility,$1000
APP_0057,loan_term,2024-08-07T13:16:46,Eligibility,24_Months
APP_0058,coverage_level,2024-08-05T18:02:22,Eligibility,Silver_Plus
APP_0058,deductible,2024-08-05T18:03:16,Eligibility,$1000
APP_0058,loan_term,2024-08-05T18:04:08,Eligibility,24_Months
APP_0059,coverage_level,2024-08-08T02:19:44,Eligibility,Silver_Plus
APP_0059,coverage_level,2024-08-08T02:24:44,Final_Signature,Bronze_Basic
APP_0059,deductible,2024-08-08T02:26:03,Eligibility,$250
APP_0059,deductible,2024-08-08T02:31:03,Final_Signature,$500
APP_0059,loan_term,2024-08-08T02:31:41,Eligibility,24_Months
APP_0059,loan_term,2024-08-08T02:36:41,Final_Signature,36_Months
APP_0060,coverage_level,2024-08-07T14:49:06,Eligibility,Gold_Comprehensive
APP_0060,deductible,2024-08-07T14:50:12,Eligibility,$1000
APP_0060,deductible,2024-08-07T14:51:03,Vehicle_Details,$250
APP_0060,deductible,2024-08-07T14:53:24,Coverage_Quote,$250
APP_0060,deductible,2024-08-07T14:54:54,Final_Signature,$250
APP_0060,loan_term,2024-08-07T14:55:47,Eligibility,24_Months
