user_id,decision_id,timestamp,stage,choice
U0196,U0196_plan,2026-06-01 08:41:02,Browsing,pro
U0196,U0196_add_on,2026-06-01 08:42:42,Browsing,all_inclusive
U0196,U0196_payment_method,2026-06-01 08:44:31,Selection,paypal
U0196,U0196_add_on,2026-06-01 09:00:00,Post-commit,priority_support
U0196,U0196_plan,2026-06-01 09:01:09,Post-commit,enterprise
U0152,U0152_payment_method,2026-06-01 09:08:25,Selection,credit_card
U0152,U0152_payment_method,2026-06-01 09:09:50,Review,debit_card
U0152,U0152_payment_method,2026-06-01 09:11:36,Confirmation,credit_card
U0152,U0152_payment_method,2026-06-01 09:14:14,Confirmation,debit_card
U0152,U0152_plan,2026-06-01 09:15:04,Selection,enterprise
U0152,U0152_add_on,2026-06-01 09:15:38,Browsing,all_inclusive
U0075,U0075_plan,2026-06-01 09:54:29,Browsing,pro
U0075,U0075_plan,2026-06-01 09:55:10,Browsing,enterprise
U0075,U0075_add_on,2026-06-01 09:56:30,Selection,analytics
U0075,U0075_payment_method,2026-06-01 09:57:26,Browsing,paypal
U0060,U0060_plan,2026-06-01 11:04:58,Browsing,pro
U0060,U0060_plan,2026-06-01 11:06:11,Browsing,enterprise
U0060,U0060_plan,2026-06-01 11:10:54,Browsing,pro
U0060,U0060_add_on,2026-06-01 11:11:37,Browsing,analytics
U0060,U0060_add_on,2026-06-01 11:12:44,Browsing,all_inclusive
U0060,U0060_add_on,2026-06-01 11:14:27,Browsing,priority_support
U0060,U0060_add_on,2026-06-01 11:16:16,Selection,all_inclusive
U0060,U0060_add_on,2026-06-01 11:20:00,Selection,none
U0060,U0060_payment_method,2026-06-01 11:20:25,Browsing,credit_card
U0060,U0060_payment_method,2026-06-01 11:21:27,Selection,crypto
U0060,U0060_payment_method,2026-06-01 11:22:43,Selection,paypal
U0112,U0112_plan,2026-06-01 15:28:07,Selection,basic
U0112,U0112_add_on,2026-06-01 15:29:33,Review,priority_support
U0112,U0112_payment_method,2026-06-01 15:30:05,Confirmation,paypal
U0112,U0112_add_on,2026-06-01 15:30:59,Post-commit,none
U0015,U0015_plan,2026-06-01 17:44:28,Selection,basic
U0015,U0015_plan,2026-06-01 17:47:02,Review,pro
U0015,U0015_plan,2026-06-01 17:49:13,Review,basic
U0015,U0015_plan,2026-06-01 17:51:32,Confirmation,pro
U0015,U0015_plan,2026-06-01 17:52:05,Confirmation,basic
U0015,U0015_add_on,2026-06-01 17:52:28,Browsing,none
U0015,U0015_payment_method,2026-06-01 17:52:59,Browsing,debit_card
U0015,U0015_payment_method,2026-06-01 17:54:56,Review,credit_card
U0108,U0108_plan,2026-06-02 00:23:17,Browsing,pro
U0108,U0108_add_on,2026-06-02 00:24:02,Selection,all_inclusive
U0108,U0108_add_on,2026-06-02 00:24:14,Selection,none
U0108,U0108_payment_method,2026-06-02 00:25:39,Browsing,credit_card
U0137,U0137_plan,2026-06-02 02:35:53,Review,basic
U0137,U0137_add_on,2026-06-02 02:37:38,Review,none
U0137,U0137_payment_method,2026-06-02 02:38:30,Review,paypal
U0137,U0137_plan,2026-06-02 02:47:29,Post-commit,enterprise
U0163,U0163_plan,2026-06-02 04:41:09,Review,pro
U0163,U0163_add_on,2026-06-02 04:42:07,Browsing,priority_support
U0163,U0163_payment_method,2026-06-02 04:42:41,Selection,debit_card
U0163,U0163_payment_method,2026-06-02 04:49:27,Post-commit,paypal
U0184,U0184_plan,2026-06-02 12:17:27,Review,enterprise
U0184,U0184_add_on,2026-06-02 12:18:11,Selection,none
U0184,U0184_payment_method,2026-06-02 12:19:08,Selection,crypto
U0184,U0184_payment_method,2026-06-02 12:19:20,Selection,debit_card
U0184,U0184_add_on,2026-06-02 12:21:45,Browsing,priority_support
U0064,U0064_plan,2026-06-02 13:20:07,Review,basic
U0064,U0064_add_on,2026-06-02 13:20:37,Selection,priority_support
U0064,U0064_payment_method,2026-06-02 13:21:13,Browsing,credit_card
U0064,U0064_payment_method,2026-06-02 13:21:42,Browsing,debit_card
U0064,U0064_payment_method,2026-06-02 13:26:52,Review,paypal
U0044,U0044_plan,2026-06-02 16:20:11,Browsing,enterprise
U0044,U0044_plan,2026-06-02 16:20:21,Browsing,pro
U0044,U0044_add_on,2026-06-02 16:21:35,Browsing,priority_support
U0044,U0044_payment_method,2026-06-02 16:22:43,Browsing,debit_card
U0103,U0103_plan,2026-06-02 17:09:26,Browsing,basic
U0103,U0103_add_on,2026-06-02 17:09:56,Selection,none
U0103,U0103_payment_method,2026-06-02 17:10:41,Selection,credit_card
U0103,U0103_plan,2026-06-02 17:17:58,Post-commit,pro
U0103,U0103_payment_method,2026-06-02 17:18:33,Confirmation,crypto
U0018,U0018_plan,2026-06-02 20:44:01,Browsing,basic
U0018,U0018_add_on,2026-06-02 20:45:16,Selection,analytics
U0018,U0018_payment_method,2026-06-02 20:46:25,Confirmation,crypto
U0180,U0180_plan,2026-06-02 23:03:29,Review,pro
U0180,U0180_add_on,2026-06-02 23:04:08,Selection,none
U0180,U0180_payment_method,2026-06-02 23:04:57,Browsing,credit_card
U0180,U0180_payment_method,2026-06-02 23:05:36,Browsing,paypal
U0067,U0067_plan,2026-06-03 05:19:06,Browsing,basic
U0067,U0067_add_on,2026-06-03 05:20:27,Browsing,priority_support
U0067,U0067_payment_method,2026-06-03 05:20:57,Review,crypto
U0067,U0067_payment_method,2026-06-03 05:21:53,Review,credit_card
U0054,U0054_payment_method,2026-06-03 05:41:05,Selection,paypal
U0054,U0054_payment_method,2026-06-03 05:43:20,Review,credit_card
U0054,U0054_payment_method,2026-06-03 05:44:05,Confirmation,paypal
U0054,U0054_payment_method,2026-06-03 05:45:49,Post-commit,credit_card
U0054,U0054_payment_method,2026-06-03 05:47:00,Post-commit,crypto
U0054,U0054_payment_method,2026-06-03 05:49:42,Post-commit,debit_card
U0054,U0054_plan,2026-06-03 05:50:12,Selection,basic
U0054,U0054_add_on,2026-06-03 05:51:04,Browsing,analytics
U0054,U0054_add_on,2026-06-03 05:53:51,Review,none
U0014,U0014_plan,2026-06-03 07:59:56,Selection,pro
U0014,U0014_add_on,2026-06-03 08:01:23,Review,all_inclusive
U0014,U0014_add_on,2026-06-03 08:01:47,Review,analytics
U0014,U0014_payment_method,2026-06-03 08:02:49,Review,debit_card
U0014,U0014_payment_method,2026-06-03 08:06:15,Review,debit_card
U0141,U0141_plan,2026-06-03 12:02:49,Browsing,pro
U0141,U0141_plan,2026-06-03 12:05:52,Browsing,enterprise
U0141,U0141_plan,2026-06-03 12:09:47,Browsing,basic
U0141,U0141_add_on,2026-06-03 12:10:35,Browsing,priority_support
U0141,U0141_add_on,2026-06-03 12:12:24,Selection,analytics
U0141,U0141_add_on,2026-06-03 12:14:48,Review,none
U0141,U0141_payment_method,2026-06-03 12:15:47,Browsing,crypto
U0141,U0141_payment_method,2026-06-03 12:19:00,Selection,debit_card
U0141,U0141_payment_method,2026-06-03 12:22:11,Review,paypal
U0141,U0141_payment_method,2026-06-03 12:23:35,Review,crypto
U0139,U0139_plan,2026-06-03 13:03:43,Browsing,pro
U0139,U0139_add_on,2026-06-03 13:04:34,Selection,all_inclusive
U0139,U0139_payment_method,2026-06-03 13:05:50,Confirmation,credit_card
U0131,U0131_plan,2026-06-03 15:38:05,Browsing,pro
U0131,U0131_add_on,2026-06-03 15:39:53,Selection,none
U0131,U0131_payment_method,2026-06-03 15:41:28,Selection,paypal
U0131,U0131_plan,2026-06-03 15:51:15,Confirmation,enterprise
U0131,U0131_payment_method,2026-06-03 15:52:02,Confirmation,credit_card
U0099,U0099_plan,2026-06-03 17:32:13,Browsing,basic
U0099,U0099_plan,2026-06-03 17:33:37,Selection,pro
U0099,U0099_plan,2026-06-03 17:38:08,Selection,enterprise
U0099,U0099_plan,2026-06-03 17:42:16,Review,basic
U0099,U0099_add_on,2026-06-03 17:43:07,Browsing,priority_support
U0099,U0099_add_on,2026-06-03 17:45:16,Browsing,analytics
U0099,U0099_add_on,2026-06-03 17:50:06,Selection,all_inclusive
U0099,U0099_add_on,2026-06-03 17:51:15,Selection,analytics
U0099,U0099_add_on,2026-06-03 17:55:58,Review,priority_support
U0099,U0099_payment_method,2026-06-03 17:56:26,Browsing,credit_card
U0099,U0099_payment_method,2026-06-03 17:58:15,Browsing,crypto
U0099,U0099_payment_method,2026-06-03 18:02:13,Browsing,paypal
U0099,U0099_payment_method,2026-06-03 18:04:56,Selection,debit_card
U0106,U0106_plan,2026-06-03 23:29:30,Browsing,basic
U0106,U0106_plan,2026-06-03 23:33:27,Browsing,pro
U0106,U0106_plan,2026-06-03 23:37:11,Selection,basic
U0106,U0106_add_on,2026-06-03 23:37:38,Browsing,priority_support
U0106,U0106_add_on,2026-06-03 23:39:08,Browsing,none
U0106,U0106_add_on,2026-06-03 23:43:04,Selection,priority_support
U0106,U0106_payment_method,2026-06-03 23:43:27,Browsing,debit_card
U0106,U0106_payment_method,2026-06-03 23:45:12,Browsing,crypto
U0106,U0106_payment_method,2026-06-03 23:47:52,Selection,credit_card
U0106,U0106_payment_method,2026-06-03 23:52:25,Selection,crypto
U0047,U0047_plan,2026-06-04 00:14:45,Browsing,pro
U0047,U0047_add_on,2026-06-04 00:16:04,Selection,none
U0047,U0047_payment_method,2026-06-04 00:18:01,Review,paypal
U0063,U0063_plan,2026-06-04 00:36:53,Browsing,enterprise
U0063,U0063_plan,2026-06-04 00:40:58,Selection,pro
U0063,U0063_plan,2026-06-04 00:42:22,Review,basic
U0063,U0063_plan,2026-06-04 00:43:51,Review,pro
U0063,U0063_add_on,2026-06-04 00:44:28,Browsing,none
U0063,U0063_add_on,2026-06-04 00:47:44,Browsing,analytics
U0063,U0063_add_on,2026-06-04 00:49:58,Browsing,none
U0063,U0063_add_on,2026-06-04 00:52:54,Browsing,priority_support
U0063,U0063_payment_method,2026-06-04 00:53:33,Browsing,paypal
U0063,U0063_payment_method,2026-06-04 00:54:48,Browsing,debit_card
U0063,U0063_payment_method,2026-06-04 00:56:22,Browsing,crypto
U0136,U0136_plan,2026-06-04 03:37:52,Browsing,enterprise
U0136,U0136_add_on,2026-06-04 03:39:22,Selection,all_inclusive
U0136,U0136_payment_method,2026-06-04 03:40:56,Confirmation,credit_card
U0091,U0091_plan,2026-06-04 08:11:44,Review,basic
U0091,U0091_plan,2026-06-04 08:12:12,Review,enterprise
U0091,U0091_add_on,2026-06-04 08:13:07,Review,analytics
U0091,U0091_payment_method,2026-06-04 08:13:51,Selection,paypal
U0091,U0091_plan,2026-06-04 08:16:58,Post-commit,pro
U0050,U0050_plan,2026-06-04 09:58:04,Selection,enterprise
U0050,U0050_plan,2026-06-04 09:58:56,Selection,basic
U0050,U0050_add_on,2026-06-04 09:59:49,Selection,none
U0050,U0050_payment_method,2026-06-04 10:01:00,Browsing,crypto
U0093,U0093_plan,2026-06-04 12:37:48,Selection,enterprise
U0093,U0093_add_on,2026-06-04 12:39:01,Review,priority_support
U0093,U0093_payment_method,2026-06-04 12:39:54,Browsing,paypal
U0093,U0093_payment_method,2026-06-04 12:40:10,Browsing,debit_card
U0198,U0198_plan,2026-06-04 12:51:02,Selection,pro
U0198,U0198_add_on,2026-06-04 12:52:22,Review,priority_support
U0198,U0198_payment_method,2026-06-04 12:53:57,Selection,paypal
U0198,U0198_plan,2026-06-04 13:00:34,Confirmation,basic
U0198,U0198_payment_method,2026-06-04 13:02:32,Confirmation,crypto
U0019,U0019_plan,2026-06-04 15:02:22,Selection,enterprise
U0019,U0019_add_on,2026-06-04 15:04:12,Review,none
U0019,U0019_payment_method,2026-06-04 15:05:12,Confirmation,paypal
U0117,U0117_payment_method,2026-06-04 17:43:09,Browsing,credit_card
U0117,U0117_payment_method,2026-06-04 17:44:31,Review,crypto
U0117,U0117_payment_method,2026-06-04 17:46:15,Confirmation,credit_card
U0117,U0117_payment_method,2026-06-04 17:48:47,Confirmation,crypto
U0117,U0117_payment_method,2026-06-04 17:50:22,Confirmation,credit_card
U0117,U0117_payment_method,2026-06-04 17:52:28,Confirmation,crypto
U0117,U0117_plan,2026-06-04 17:53:20,Selection,pro
U0117,U0117_add_on,2026-06-04 17:54:16,Selection,priority_support
U0189,U0189_plan,2026-06-04 20:31:36,Browsing,enterprise
U0189,U0189_plan,2026-06-04 20:33:17,Browsing,pro
U0189,U0189_plan,2026-06-04 20:35:59,Browsing,enterprise
U0189,U0189_plan,2026-06-04 20:40:45,Browsing,pro
U0189,U0189_add_on,2026-06-04 20:41:12,Browsing,priority_support
U0189,U0189_add_on,2026-06-04 20:43:45,Browsing,none
U0189,U0189_add_on,2026-06-04 20:48:03,Browsing,analytics
U0189,U0189_add_on,2026-06-04 20:49:50,Selection,priority_support
U0189,U0189_payment_method,2026-06-04 20:50:36,Browsing,paypal
U0040,U0040_plan,2026-06-04 20:51:34,Review,enterprise
U0189,U0189_payment_method,2026-06-04 20:52:46,Browsing,credit_card
U0040,U0040_add_on,2026-06-04 20:52:59,Browsing,priority_support
U0040,U0040_add_on,2026-06-04 20:53:17,Browsing,all_inclusive
U0040,U0040_payment_method,2026-06-04 20:54:11,Browsing,crypto
U0189,U0189_payment_method,2026-06-04 20:57:46,Selection,crypto
U0059,U0059_plan,2026-06-04 22:13:48,Review,enterprise
U0059,U0059_add_on,2026-06-04 22:14:37,Review,none
U0059,U0059_payment_method,2026-06-04 22:15:57,Browsing,crypto
U0059,U0059_add_on,2026-06-04 22:28:54,Confirmation,priority_support
U0059,U0059_payment_method,2026-06-04 22:29:49,Post-commit,debit_card
U0029,U0029_plan,2026-06-04 23:00:11,Browsing,pro
U0029,U0029_add_on,2026-06-04 23:02:03,Selection,analytics
U0029,U0029_payment_method,2026-06-04 23:02:49,Selection,debit_card
U0029,U0029_plan,2026-06-04 23:17:00,Confirmation,basic
U0029,U0029_payment_method,2026-06-04 23:18:06,Post-commit,paypal
U0027,U0027_plan,2026-06-05 04:41:10,Selection,pro
U0027,U0027_plan,2026-06-05 04:42:10,Review,enterprise
U0027,U0027_plan,2026-06-05 04:44:35,Confirmation,pro
U0027,U0027_plan,2026-06-05 04:47:13,Post-commit,enterprise
U0027,U0027_plan,2026-06-05 04:50:09,Post-commit,basic
U0027,U0027_plan,2026-06-05 04:52:18,Post-commit,pro
U0027,U0027_add_on,2026-06-05 04:52:57,Browsing,priority_support
U0027,U0027_payment_method,2026-06-05 04:53:49,Selection,crypto
U0083,U0083_plan,2026-06-05 05:57:17,Selection,enterprise
U0083,U0083_add_on,2026-06-05 05:58:16,Review,priority_support
U0083,U0083_add_on,2026-06-05 05:58:49,Review,none
U0083,U0083_payment_method,2026-06-05 05:59:43,Review,crypto
U0001,U0001_add_on,2026-06-05 08:05:39,Selection,all_inclusive
U0001,U0001_plan,2026-06-05 08:06:22,Selection,enterprise
U0001,U0001_add_on,2026-06-05 08:07:13,Review,analytics
U0001,U0001_add_on,2026-06-05 08:08:07,Review,all_inclusive
U0001,U0001_payment_method,2026-06-05 08:08:45,Selection,crypto
U0032,U0032_plan,2026-06-05 09:52:13,Browsing,enterprise
U0032,U0032_plan,2026-06-05 09:53:56,Selection,pro
U0032,U0032_plan,2026-06-05 09:55:20,Review,enterprise
U0032,U0032_add_on,2026-06-05 09:56:00,Browsing,analytics
U0032,U0032_add_on,2026-06-05 09:57:24,Selection,none
U0032,U0032_add_on,2026-06-05 10:02:02,Selection,all_inclusive
U0032,U0032_add_on,2026-06-05 10:03:46,Review,none
U0032,U0032_payment_method,2026-06-05 10:04:46,Browsing,debit_card
U0032,U0032_payment_method,2026-06-05 10:09:11,Browsing,paypal
U0032,U0032_payment_method,2026-06-05 10:13:44,Browsing,credit_card
U0032,U0032_payment_method,2026-06-05 10:17:18,Selection,debit_card
U0032,U0032_payment_method,2026-06-05 10:19:53,Selection,paypal
U0005,U0005_plan,2026-06-05 10:44:21,Browsing,basic
U0005,U0005_add_on,2026-06-05 10:46:18,Review,all_inclusive
U0005,U0005_payment_method,2026-06-05 10:47:54,Confirmation,credit_card
U0115,U0115_plan,2026-06-05 13:20:17,Selection,basic
U0115,U0115_add_on,2026-06-05 13:21:17,Review,none
U0115,U0115_payment_method,2026-06-05 13:22:09,Confirmation,crypto
U0073,U0073_plan,2026-06-05 13:24:27,Selection,basic
U0073,U0073_add_on,2026-06-05 13:25:11,Browsing,analytics
U0073,U0073_payment_method,2026-06-05 13:26:47,Review,crypto
U0073,U0073_plan,2026-06-05 13:34:28,Post-commit,enterprise
U0128,U0128_plan,2026-06-05 15:47:54,Browsing,pro
U0128,U0128_add_on,2026-06-05 15:48:50,Selection,analytics
U0128,U0128_payment_method,2026-06-05 15:50:10,Review,debit_card
U0140,U0140_plan,2026-06-05 18:26:48,Browsing,enterprise
U0140,U0140_plan,2026-06-05 18:28:39,Browsing,basic
U0140,U0140_plan,2026-06-05 18:33:23,Browsing,enterprise
U0140,U0140_plan,2026-06-05 18:36:13,Selection,basic
U0140,U0140_plan,2026-06-05 18:37:40,Review,pro
U0140,U0140_add_on,2026-06-05 18:38:15,Browsing,none
U0140,U0140_add_on,2026-06-05 18:40:30,Browsing,analytics
U0140,U0140_add_on,2026-06-05 18:45:23,Browsing,none
U0140,U0140_add_on,2026-06-05 18:49:50,Browsing,priority_support
U0140,U0140_payment_method,2026-06-05 18:50:32,Browsing,credit_card
U0140,U0140_payment_method,2026-06-05 18:54:11,Selection,crypto
U0140,U0140_payment_method,2026-06-05 18:55:33,Review,credit_card
U0140,U0140_payment_method,2026-06-05 18:56:58,Review,crypto
U0140,U0140_payment_method,2026-06-05 18:59:10,Confirmation,debit_card
U0013,U0013_plan,2026-06-06 05:03:00,Selection,pro
U0013,U0013_add_on,2026-06-06 05:04:34,Review,analytics
U0013,U0013_payment_method,2026-06-06 05:05:09,Post-commit,paypal
U0013,U0013_payment_method,2026-06-06 05:05:20,Confirmation,credit_card
U0127,U0127_plan,2026-06-06 05:27:44,Review,enterprise
U0127,U0127_add_on,2026-06-06 05:29:13,Selection,all_inclusive
U0127,U0127_payment_method,2026-06-06 05:30:15,Selection,debit_card
U0127,U0127_plan,2026-06-06 05:37:32,Confirmation,pro
U0171,U0171_plan,2026-06-06 05:42:41,Browsing,enterprise
U0171,U0171_plan,2026-06-06 05:44:18,Selection,pro
U0171,U0171_plan,2026-06-06 05:48:46,Review,enterprise
U0171,U0171_plan,2026-06-06 05:51:20,Confirmation,basic
U0171,U0171_add_on,2026-06-06 05:51:44,Browsing,analytics
U0171,U0171_add_on,2026-06-06 05:55:03,Browsing,priority_support
U0171,U0171_add_on,2026-06-06 05:58:37,Browsing,none
U0171,U0171_payment_method,2026-06-06 05:59:08,Browsing,crypto
U0171,U0171_payment_method,2026-06-06 06:03:51,Selection,debit_card
U0171,U0171_payment_method,2026-06-06 06:05:20,Selection,paypal
U0174,U0174_plan,2026-06-06 09:54:46,Review,enterprise
U0174,U0174_plan,2026-06-06 09:54:55,Review,basic
U0174,U0174_add_on,2026-06-06 09:55:36,Browsing,all_inclusive
U0174,U0174_payment_method,2026-06-06 09:56:40,Review,debit_card
U0174,U0174_add_on,2026-06-06 09:57:10,Confirmation,analytics
U0058,U0058_plan,2026-06-06 12:29:12,Browsing,pro
U0058,U0058_add_on,2026-06-06 12:30:20,Browsing,all_inclusive
U0058,U0058_payment_method,2026-06-06 12:31:15,Selection,paypal
U0058,U0058_payment_method,2026-06-06 12:31:47,Selection,debit_card
U0058,U0058_payment_method,2026-06-06 12:32:35,Post-commit,credit_card
U0144,U0144_add_on,2026-06-06 12:52:54,Selection,none
U0144,U0144_add_on,2026-06-06 12:54:47,Selection,all_inclusive
U0144,U0144_add_on,2026-06-06 12:57:33,Review,none
U0144,U0144_add_on,2026-06-06 12:58:31,Review,all_inclusive
U0144,U0144_plan,2026-06-06 12:59:11,Selection,enterprise
U0144,U0144_payment_method,2026-06-06 13:00:07,Selection,credit_card
U0039,U0039_payment_method,2026-06-06 13:21:21,Selection,crypto
U0039,U0039_payment_method,2026-06-06 13:22:57,Selection,credit_card
U0039,U0039_payment_method,2026-06-06 13:24:54,Review,crypto
U0039,U0039_payment_method,2026-06-06 13:26:56,Confirmation,credit_card
U0039,U0039_payment_method,2026-06-06 13:29:27,Confirmation,debit_card
U0039,U0039_payment_method,2026-06-06 13:30:51,Confirmation,paypal
U0039,U0039_plan,2026-06-06 13:31:17,Selection,pro
U0039,U0039_add_on,2026-06-06 13:32:01,Browsing,none
U0094,U0094_plan,2026-06-06 18:09:13,Selection,enterprise
U0094,U0094_add_on,2026-06-06 18:10:44,Selection,all_inclusive
U0094,U0094_payment_method,2026-06-06 18:12:20,Review,crypto
U0094,U0094_plan,2026-06-06 18:25:00,Post-commit,basic
U0094,U0094_add_on,2026-06-06 18:25:51,Confirmation,none
U0023,U0023_plan,2026-06-06 20:04:10,Browsing,pro
U0023,U0023_plan,2026-06-06 20:06:22,Browsing,enterprise
U0023,U0023_plan,2026-06-06 20:09:36,Browsing,pro
U0023,U0023_plan,2026-06-06 20:10:56,Selection,basic
U0023,U0023_add_on,2026-06-06 20:11:30,Browsing,analytics
U0023,U0023_add_on,2026-06-06 20:15:34,Selection,none
U0023,U0023_add_on,2026-06-06 20:19:31,Review,priority_support
U0023,U0023_payment_method,2026-06-06 20:19:52,Browsing,debit_card
U0023,U0023_payment_method,2026-06-06 20:23:09,Selection,credit_card
U0023,U0023_payment_method,2026-06-06 20:26:04,Selection,paypal
U0023,U0023_payment_method,2026-06-06 20:28:00,Selection,crypto
U0023,U0023_payment_method,2026-06-06 20:30:54,Selection,credit_card
U0172,U0172_plan,2026-06-06 22:33:24,Review,pro
U0172,U0172_add_on,2026-06-06 22:34:42,Browsing,none
U0172,U0172_payment_method,2026-06-06 22:35:24,Review,paypal
U0172,U0172_payment_method,2026-06-06 22:36:01,Review,credit_card
U0188,U0188_plan,2026-06-07 00:59:13,Browsing,pro
U0188,U0188_add_on,2026-06-07 01:00:19,Review,none
U0188,U0188_payment_method,2026-06-07 01:01:44,Confirmation,paypal
U0194,U0194_plan,2026-06-07 02:34:41,Browsing,pro
U0194,U0194_add_on,2026-06-07 02:35:50,Review,none
U0194,U0194_payment_method,2026-06-07 02:37:41,Browsing,paypal
U0194,U0194_add_on,2026-06-07 02:48:24,Post-commit,analytics
U0194,U0194_payment_method,2026-06-07 02:49:02,Confirmation,debit_card
U0177,U0177_plan,2026-06-07 02:59:52,Browsing,pro
U0177,U0177_plan,2026-06-07 03:01:26,Browsing,enterprise
U0177,U0177_plan,2026-06-07 03:04:02,Browsing,basic
U0177,U0177_plan,2026-06-07 03:07:41,Browsing,pro
U0177,U0177_add_on,2026-06-07 03:08:01,Browsing,none
U0177,U0177_add_on,2026-06-07 03:12:26,Browsing,analytics
U0177,U0177_add_on,2026-06-07 03:15:10,Selection,all_inclusive
U0177,U0177_payment_method,2026-06-07 03:16:08,Browsing,credit_card
U0177,U0177_payment_method,2026-06-07 03:17:34,Browsing,debit_card
U0177,U0177_payment_method,2026-06-07 03:19:41,Selection,paypal
U0031,U0031_add_on,2026-06-07 05:42:12,Selection,analytics
U0031,U0031_add_on,2026-06-07 05:43:16,Selection,none
U0031,U0031_add_on,2026-06-07 05:45:07,Review,analytics
U0031,U0031_add_on,2026-06-07 05:47:12,Review,none
U0031,U0031_add_on,2026-06-07 05:48:07,Confirmation,analytics
U0031,U0031_plan,2026-06-07 05:48:28,Selection,basic
U0031,U0031_payment_method,2026-06-07 05:49:26,Selection,credit_card
U0113,U0113_plan,2026-06-07 12:40:14,Browsing,basic
U0113,U0113_plan,2026-06-07 12:43:46,Selection,enterprise
U0113,U0113_plan,2026-06-07 12:46:06,Review,pro
U0113,U0113_plan,2026-06-07 12:48:46,Confirmation,enterprise
U0113,U0113_plan,2026-06-07 12:50:40,Post-commit,pro
U0113,U0113_add_on,2026-06-07 12:51:06,Browsing,none
U0113,U0113_add_on,2026-06-07 12:53:28,Selection,priority_support
U0113,U0113_add_on,2026-06-07 12:55:48,Selection,analytics
U0113,U0113_add_on,2026-06-07 13:00:02,Selection,all_inclusive
U0113,U0113_add_on,2026-06-07 13:02:57,Review,none
U0113,U0113_payment_method,2026-06-07 13:03:55,Browsing,crypto
U0113,U0113_payment_method,2026-06-07 13:06:45,Selection,debit_card
U0113,U0113_payment_method,2026-06-07 13:08:45,Review,credit_card
U0113,U0113_payment_method,2026-06-07 13:13:11,Confirmation,crypto
U0170,U0170_plan,2026-06-07 15:32:07,Browsing,pro
U0170,U0170_add_on,2026-06-07 15:33:01,Selection,all_inclusive
U0170,U0170_payment_method,2026-06-07 15:33:59,Selection,debit_card
U0170,U0170_add_on,2026-06-07 15:45:57,Confirmation,analytics
U0170,U0170_payment_method,2026-06-07 15:47:31,Post-commit,crypto
U0143,U0143_plan,2026-06-07 16:16:33,Browsing,basic
U0143,U0143_plan,2026-06-07 16:20:35,Selection,enterprise
U0143,U0143_plan,2026-06-07 16:22:39,Review,pro
U0143,U0143_plan,2026-06-07 16:26:42,Confirmation,basic
U0143,U0143_plan,2026-06-07 16:29:52,Post-commit,enterprise
U0143,U0143_add_on,2026-06-07 16:30:46,Browsing,all_inclusive
U0143,U0143_add_on,2026-06-07 16:33:22,Browsing,none
U0143,U0143_add_on,2026-06-07 16:36:58,Selection,analytics
U0143,U0143_add_on,2026-06-07 16:40:46,Selection,none
U0143,U0143_add_on,2026-06-07 16:42:12,Selection,all_inclusive
U0143,U0143_payment_method,2026-06-07 16:42:52,Browsing,debit_card
U0143,U0143_payment_method,2026-06-07 16:46:17,Browsing,credit_card
U0143,U0143_payment_method,2026-06-07 16:47:40,Selection,paypal
U0143,U0143_payment_method,2026-06-07 16:49:09,Review,debit_card
U0143,U0143_payment_method,2026-06-07 16:51:28,Review,crypto
U0055,U0055_plan,2026-06-07 17:31:53,Review,pro
U0055,U0055_add_on,2026-06-07 17:32:30,Browsing,none
U0055,U0055_payment_method,2026-06-07 17:34:10,Browsing,paypal
U0055,U0055_add_on,2026-06-07 17:47:43,Confirmation,analytics
U0055,U0055_payment_method,2026-06-07 17:48:20,Confirmation,crypto
U0191,U0191_add_on,2026-06-07 21:14:40,Browsing,priority_support
U0191,U0191_add_on,2026-06-07 21:16:52,Review,none
U0191,U0191_plan,2026-06-07 21:17:38,Confirmation,basic
U0191,U0191_add_on,2026-06-07 21:18:55,Confirmation,priority_support
U0191,U0191_add_on,2026-06-07 21:19:34,Post-commit,none
U0191,U0191_plan,2026-06-07 21:20:09,Selection,enterprise
U0191,U0191_payment_method,2026-06-07 21:20:53,Browsing,crypto
U0037,U0037_plan,2026-06-08 06:53:22,Browsing,pro
U0037,U0037_plan,2026-06-08 06:57:51,Selection,basic
U0037,U0037_plan,2026-06-08 07:00:29,Selection,pro
U0037,U0037_plan,2026-06-08 07:05:09,Review,basic
U0037,U0037_plan,2026-06-08 07:09:34,Review,pro
U0037,U0037_add_on,2026-06-08 07:10:06,Browsing,all_inclusive
U0037,U0037_add_on,2026-06-08 07:14:59,Selection,none
U0037,U0037_add_on,2026-06-08 07:17:10,Selection,priority_support
U0037,U0037_payment_method,2026-06-08 07:17:47,Browsing,debit_card
U0037,U0037_payment_method,2026-06-08 07:22:40,Browsing,crypto
U0037,U0037_payment_method,2026-06-08 07:25:44,Browsing,paypal
U0118,U0118_plan,2026-06-08 09:37:10,Browsing,pro
U0118,U0118_add_on,2026-06-08 09:38:58,Review,none
U0118,U0118_payment_method,2026-06-08 09:39:57,Review,credit_card
U0118,U0118_plan,2026-06-08 09:48:40,Confirmation,enterprise
U0118,U0118_add_on,2026-06-08 09:50:39,Confirmation,priority_support
U0104,U0104_payment_method,2026-06-08 17:48:30,Selection,debit_card
U0104,U0104_payment_method,2026-06-08 17:49:13,Review,crypto
U0104,U0104_payment_method,2026-06-08 17:50:29,Confirmation,debit_card
U0104,U0104_payment_method,2026-06-08 17:51:42,Confirmation,crypto
U0104,U0104_payment_method,2026-06-08 17:53:51,Post-commit,paypal
U0104,U0104_payment_method,2026-06-08 17:56:15,Post-commit,crypto
U0104,U0104_plan,2026-06-08 17:56:40,Selection,basic
U0104,U0104_add_on,2026-06-08 17:57:03,Selection,priority_support
U0066,U0066_plan,2026-06-08 21:09:55,Browsing,enterprise
U0066,U0066_plan,2026-06-08 21:13:43,Selection,basic
U0066,U0066_plan,2026-06-08 21:16:51,Selection,enterprise
U0066,U0066_plan,2026-06-08 21:21:51,Selection,basic
U0066,U0066_add_on,2026-06-08 21:22:18,Browsing,analytics
U0066,U0066_add_on,2026-06-08 21:26:47,Browsing,all_inclusive
U0066,U0066_add_on,2026-06-08 21:28:41,Selection,analytics
U0066,U0066_add_on,2026-06-08 21:30:52,Selection,priority_support
U0066,U0066_add_on,2026-06-08 21:32:50,Review,analytics
U0066,U0066_payment_method,2026-06-08 21:33:25,Browsing,debit_card
U0066,U0066_payment_method,2026-06-08 21:36:39,Browsing,paypal
U0066,U0066_payment_method,2026-06-08 21:38:53,Browsing,debit_card
U0200,U0200_plan,2026-06-09 04:20:20,Browsing,enterprise
U0200,U0200_plan,2026-06-09 04:23:37,Selection,basic
U0200,U0200_plan,2026-06-09 04:24:42,Selection,pro
U0200,U0200_plan,2026-06-09 04:26:03,Selection,basic
U0200,U0200_add_on,2026-06-09 04:26:34,Browsing,all_inclusive
U0200,U0200_add_on,2026-06-09 04:29:47,Browsing,priority_support
U0200,U0200_add_on,2026-06-09 04:32:55,Browsing,all_inclusive
U0200,U0200_add_on,2026-06-09 04:34:10,Browsing,none
U0200,U0200_payment_method,2026-06-09 04:34:58,Browsing,paypal
U0200,U0200_payment_method,2026-06-09 04:39:39,Selection,credit_card
U0200,U0200_payment_method,2026-06-09 04:43:22,Selection,crypto
U0200,U0200_payment_method,2026-06-09 04:45:08,Selection,debit_card
U0186,U0186_plan,2026-06-09 13:26:13,Selection,basic
U0186,U0186_plan,2026-06-09 13:26:52,Selection,enterprise
U0186,U0186_add_on,2026-06-09 13:27:54,Selection,all_inclusive
U0186,U0186_payment_method,2026-06-09 13:28:54,Selection,credit_card
U0045,U0045_add_on,2026-06-09 14:15:24,Selection,analytics
U0045,U0045_add_on,2026-06-09 14:17:32,Review,priority_support
U0045,U0045_add_on,2026-06-09 14:18:43,Review,analytics
U0045,U0045_add_on,2026-06-09 14:19:35,Confirmation,priority_support
U0045,U0045_plan,2026-06-09 14:20:14,Selection,basic
U0045,U0045_payment_method,2026-06-09 14:20:55,Browsing,credit_card
U0020,U0020_plan,2026-06-10 00:33:04,Browsing,pro
U0020,U0020_plan,2026-06-10 00:33:40,Selection,basic
U0020,U0020_plan,2026-06-10 00:35:49,Review,pro
U0020,U0020_plan,2026-06-10 00:38:26,Confirmation,basic
U0020,U0020_plan,2026-06-10 00:39:33,Post-commit,pro
U0020,U0020_add_on,2026-06-10 00:40:04,Selection,none
U0020,U0020_payment_method,2026-06-10 00:40:29,Selection,debit_card
U0021,U0021_plan,2026-06-10 02:09:06,Review,enterprise
U0021,U0021_add_on,2026-06-10 02:09:58,Selection,none
U0021,U0021_add_on,2026-06-10 02:10:32,Selection,priority_support
U0021,U0021_payment_method,2026-06-10 02:12:02,Review,debit_card
U0157,U0157_plan,2026-06-10 07:54:56,Browsing,enterprise
U0157,U0157_add_on,2026-06-10 07:55:48,Selection,analytics
U0157,U0157_payment_method,2026-06-10 07:56:44,Confirmation,credit_card
U0010,U0010_plan,2026-06-10 09:45:59,Browsing,pro
U0010,U0010_plan,2026-06-10 09:50:11,Browsing,basic
U0010,U0010_plan,2026-06-10 09:52:33,Selection,enterprise
U0010,U0010_plan,2026-06-10 09:57:03,Review,pro
U0010,U0010_plan,2026-06-10 09:59:23,Confirmation,basic
U0010,U0010_add_on,2026-06-10 10:00:04,Browsing,priority_support
U0010,U0010_add_on,2026-06-10 10:01:26,Selection,all_inclusive
U0010,U0010_add_on,2026-06-10 10:06:14,Review,priority_support
U0010,U0010_add_on,2026-06-10 10:09:44,Confirmation,none
U0010,U0010_add_on,2026-06-10 10:13:45,Confirmation,analytics
U0010,U0010_payment_method,2026-06-10 10:14:37,Browsing,debit_card
U0010,U0010_payment_method,2026-06-10 10:16:24,Selection,crypto
U0010,U0010_payment_method,2026-06-10 10:18:05,Selection,debit_card
U0010,U0010_payment_method,2026-06-10 10:22:24,Selection,credit_card
U0010,U0010_payment_method,2026-06-10 10:24:25,Review,paypal
U0122,U0122_plan,2026-06-10 12:08:03,Browsing,basic
U0122,U0122_plan,2026-06-10 12:10:57,Selection,pro
U0122,U0122_plan,2026-06-10 12:12:45,Review,basic
U0122,U0122_plan,2026-06-10 12:15:05,Review,pro
U0122,U0122_plan,2026-06-10 12:16:33,Review,basic
U0122,U0122_add_on,2026-06-10 12:17:15,Selection,priority_support
U0122,U0122_payment_method,2026-06-10 12:18:04,Selection,crypto
U0147,U0147_plan,2026-06-10 13:44:18,Browsing,basic
U0147,U0147_plan,2026-06-10 13:48:25,Selection,pro
U0147,U0147_plan,2026-06-10 13:52:44,Selection,basic
U0147,U0147_plan,2026-06-10 13:56:24,Selection,pro
U0147,U0147_plan,2026-06-10 13:59:06,Review,enterprise
U0147,U0147_add_on,2026-06-10 13:59:58,Browsing,priority_support
U0147,U0147_add_on,2026-06-10 14:03:54,Browsing,all_inclusive
U0147,U0147_add_on,2026-06-10 14:07:19,Browsing,none
U0147,U0147_add_on,2026-06-10 14:11:21,Selection,analytics
U0147,U0147_payment_method,2026-06-10 14:12:02,Browsing,paypal
U0147,U0147_payment_method,2026-06-10 14:13:06,Browsing,credit_card
U0147,U0147_payment_method,2026-06-10 14:14:10,Browsing,paypal
U0147,U0147_payment_method,2026-06-10 14:18:05,Browsing,credit_card
U0016,U0016_payment_method,2026-06-10 15:15:56,Browsing,credit_card
U0016,U0016_payment_method,2026-06-10 15:18:09,Review,paypal
U0016,U0016_payment_method,2026-06-10 15:18:39,Confirmation,credit_card
U0016,U0016_payment_method,2026-06-10 15:21:12,Post-commit,paypal
U0016,U0016_payment_method,2026-06-10 15:24:00,Post-commit,credit_card
U0016,U0016_payment_method,2026-06-10 15:26:23,Post-commit,paypal
U0016,U0016_plan,2026-06-10 15:27:21,Selection,pro
U0016,U0016_plan,2026-06-10 15:28:43,Review,basic
U0016,U0016_add_on,2026-06-10 15:29:21,Browsing,priority_support
U0016,U0016_add_on,2026-06-10 15:30:55,Review,analytics
U0069,U0069_plan,2026-06-10 19:39:40,Browsing,basic
U0069,U0069_plan,2026-06-10 19:44:06,Selection,pro
U0069,U0069_plan,2026-06-10 19:47:32,Selection,enterprise
U0069,U0069_plan,2026-06-10 19:51:39,Selection,pro
U0069,U0069_add_on,2026-06-10 19:52:29,Browsing,priority_support
U0069,U0069_add_on,2026-06-10 19:55:01,Browsing,all_inclusive
U0069,U0069_add_on,2026-06-10 19:56:11,Selection,none
U0069,U0069_add_on,2026-06-10 19:57:31,Selection,all_inclusive
U0069,U0069_payment_method,2026-06-10 19:57:57,Browsing,paypal
U0069,U0069_payment_method,2026-06-10 20:01:30,Selection,crypto
U0069,U0069_payment_method,2026-06-10 20:04:56,Selection,debit_card
U0069,U0069_payment_method,2026-06-10 20:07:29,Review,paypal
U0165,U0165_plan,2026-06-10 21:47:25,Browsing,enterprise
U0165,U0165_add_on,2026-06-10 21:48:51,Review,none
U0165,U0165_plan,2026-06-10 21:49:41,Confirmation,pro
U0165,U0165_payment_method,2026-06-10 21:50:44,Confirmation,credit_card
U0130,U0130_plan,2026-06-11 00:48:03,Browsing,basic
U0130,U0130_plan,2026-06-11 00:49:43,Review,pro
U0130,U0130_plan,2026-06-11 00:50:34,Confirmation,basic
U0130,U0130_plan,2026-06-11 00:52:53,Confirmation,pro
U0130,U0130_plan,2026-06-11 00:54:10,Confirmation,basic
U0130,U0130_add_on,2026-06-11 00:54:48,Selection,all_inclusive
U0130,U0130_payment_method,2026-06-11 00:55:23,Browsing,paypal
U0130,U0130_payment_method,2026-06-11 00:57:06,Review,credit_card
U0166,U0166_plan,2026-06-11 02:22:40,Selection,basic
U0166,U0166_add_on,2026-06-11 02:23:28,Browsing,none
U0166,U0166_payment_method,2026-06-11 02:24:37,Selection,paypal
U0166,U0166_payment_method,2026-06-11 02:25:35,Selection,debit_card
U0150,U0150_plan,2026-06-11 04:37:56,Browsing,basic
U0150,U0150_plan,2026-06-11 04:38:55,Post-commit,pro
U0150,U0150_plan,2026-06-11 04:42:06,Browsing,enterprise
U0150,U0150_plan,2026-06-11 04:44:34,Selection,basic
U0150,U0150_plan,2026-06-11 04:45:50,Selection,enterprise
U0150,U0150_plan,2026-06-11 04:49:27,Selection,basic
U0150,U0150_add_on,2026-06-11 04:49:48,Browsing,none
U0150,U0150_add_on,2026-06-11 04:52:29,Browsing,all_inclusive
U0150,U0150_add_on,2026-06-11 04:55:57,Browsing,none
U0150,U0150_add_on,2026-06-11 05:00:49,Selection,analytics
U0150,U0150_add_on,2026-06-11 05:02:46,Review,priority_support
U0150,U0150_payment_method,2026-06-11 05:03:35,Browsing,paypal
U0150,U0150_payment_method,2026-06-11 05:04:51,Browsing,credit_card
U0150,U0150_payment_method,2026-06-11 05:06:49,Browsing,crypto
U0138,U0138_plan,2026-06-11 07:14:36,Browsing,pro
U0138,U0138_add_on,2026-06-11 07:15:26,Review,all_inclusive
U0138,U0138_payment_method,2026-06-11 07:16:46,Confirmation,paypal
U0105,U0105_plan,2026-06-11 10:32:22,Browsing,enterprise
U0105,U0105_add_on,2026-06-11 10:33:37,Review,priority_support
U0105,U0105_payment_method,2026-06-11 10:34:19,Confirmation,debit_card
U0038,U0038_plan,2026-06-11 18:54:25,Review,pro
U0038,U0038_add_on,2026-06-11 18:55:35,Selection,none
U0038,U0038_payment_method,2026-06-11 18:56:33,Review,credit_card
U0038,U0038_add_on,2026-06-11 19:11:26,Confirmation,all_inclusive
U0038,U0038_payment_method,2026-06-11 19:13:09,Post-commit,crypto
U0092,U0092_plan,2026-06-12 04:20:42,Selection,basic
U0092,U0092_add_on,2026-06-12 04:22:36,Review,all_inclusive
U0092,U0092_payment_method,2026-06-12 04:24:16,Confirmation,crypto
U0148,U0148_plan,2026-06-12 08:14:17,Browsing,basic
U0148,U0148_add_on,2026-06-12 08:15:58,Selection,priority_support
U0148,U0148_payment_method,2026-06-12 08:17:27,Review,debit_card
U0070,U0070_plan,2026-06-12 09:10:50,Selection,enterprise
U0070,U0070_plan,2026-06-12 09:11:43,Selection,pro
U0070,U0070_add_on,2026-06-12 09:12:59,Review,analytics
U0070,U0070_payment_method,2026-06-12 09:13:49,Review,credit_card
U0008,U0008_plan,2026-06-12 16:13:21,Browsing,enterprise
U0008,U0008_add_on,2026-06-12 16:14:28,Browsing,priority_support
U0008,U0008_payment_method,2026-06-12 16:15:34,Browsing,credit_card
U0008,U0008_plan,2026-06-12 16:29:45,Post-commit,pro
U0072,U0072_plan,2026-06-12 16:46:21,Browsing,enterprise
U0072,U0072_add_on,2026-06-12 16:47:31,Selection,analytics
U0072,U0072_payment_method,2026-06-12 16:48:47,Review,crypto
U0072,U0072_payment_method,2026-06-12 16:49:32,Review,paypal
U0102,U0102_payment_method,2026-06-12 17:04:23,Selection,credit_card
U0102,U0102_payment_method,2026-06-12 17:04:53,Selection,paypal
U0102,U0102_payment_method,2026-06-12 17:06:28,Review,credit_card
U0102,U0102_payment_method,2026-06-12 17:08:26,Confirmation,paypal
U0102,U0102_payment_method,2026-06-12 17:10:18,Post-commit,crypto
U0102,U0102_payment_method,2026-06-12 17:12:59,Post-commit,paypal
U0102,U0102_plan,2026-06-12 17:13:37,Browsing,enterprise
U0102,U0102_add_on,2026-06-12 17:14:11,Browsing,analytics
U0017,U0017_plan,2026-06-13 05:49:38,Selection,enterprise
U0017,U0017_plan,2026-06-13 05:52:00,Selection,basic
U0017,U0017_plan,2026-06-13 05:53:48,Review,enterprise
U0017,U0017_plan,2026-06-13 05:55:42,Confirmation,basic
U0017,U0017_plan,2026-06-13 05:56:47,Confirmation,pro
U0017,U0017_add_on,2026-06-13 05:57:44,Selection,all_inclusive
U0017,U0017_payment_method,2026-06-13 05:58:04,Selection,crypto
U0017,U0017_payment_method,2026-06-13 05:59:38,Review,debit_card
U0125,U0125_plan,2026-06-13 06:29:24,Selection,pro
U0125,U0125_plan,2026-06-13 06:30:09,Selection,enterprise
U0125,U0125_add_on,2026-06-13 06:31:04,Review,analytics
U0125,U0125_payment_method,2026-06-13 06:31:52,Browsing,crypto
U0068,U0068_plan,2026-06-13 09:48:25,Browsing,enterprise
U0068,U0068_add_on,2026-06-13 09:49:49,Selection,none
U0068,U0068_payment_method,2026-06-13 09:51:19,Confirmation,paypal
U0119,U0119_plan,2026-06-13 21:05:45,Browsing,pro
U0119,U0119_add_on,2026-06-13 21:06:23,Selection,analytics
U0119,U0119_add_on,2026-06-13 21:06:48,Browsing,analytics
U0119,U0119_payment_method,2026-06-13 21:07:17,Confirmation,paypal
U0042,U0042_plan,2026-06-13 22:46:25,Review,enterprise
U0042,U0042_add_on,2026-06-13 22:47:18,Selection,all_inclusive
U0042,U0042_payment_method,2026-06-13 22:48:20,Selection,paypal
U0042,U0042_payment_method,2026-06-13 22:58:08,Post-commit,debit_card
U0160,U0160_plan,2026-06-13 23:35:54,Browsing,basic
U0160,U0160_plan,2026-06-13 23:38:07,Browsing,enterprise
U0160,U0160_plan,2026-06-13 23:42:00,Selection,pro
U0160,U0160_plan,2026-06-13 23:43:37,Review,enterprise
U0160,U0160_plan,2026-06-13 23:46:01,Confirmation,pro
U0160,U0160_add_on,2026-06-13 23:46:50,Browsing,none
U0160,U0160_add_on,2026-06-13 23:48:25,Browsing,analytics
U0160,U0160_add_on,2026-06-13 23:52:14,Browsing,priority_support
U0160,U0160_add_on,2026-06-13 23:55:10,Browsing,none
U0160,U0160_add_on,2026-06-13 23:57:52,Selection,priority_support
U0160,U0160_payment_method,2026-06-13 23:58:45,Browsing,debit_card
U0160,U0160_payment_method,2026-06-14 00:01:35,Selection,paypal
U0160,U0160_payment_method,2026-06-14 00:03:43,Selection,debit_card
U0160,U0160_payment_method,2026-06-14 00:05:31,Review,paypal
U0033,U0033_plan,2026-06-14 00:37:46,Browsing,pro
U0033,U0033_plan,2026-06-14 00:42:13,Selection,basic
U0033,U0033_plan,2026-06-14 00:46:37,Selection,enterprise
U0033,U0033_plan,2026-06-14 00:47:41,Review,basic
U0033,U0033_add_on,2026-06-14 00:48:29,Browsing,analytics
U0033,U0033_add_on,2026-06-14 00:53:29,Browsing,priority_support
U0033,U0033_add_on,2026-06-14 00:57:32,Selection,analytics
U0033,U0033_payment_method,2026-06-14 00:57:55,Browsing,paypal
U0033,U0033_payment_method,2026-06-14 00:59:01,Browsing,credit_card
U0033,U0033_payment_method,2026-06-14 01:03:50,Selection,debit_card
U0033,U0033_payment_method,2026-06-14 01:08:43,Review,credit_card
U0033,U0033_payment_method,2026-06-14 01:11:44,Review,debit_card
U0089,U0089_plan,2026-06-14 02:08:19,Browsing,enterprise
U0089,U0089_add_on,2026-06-14 02:10:11,Selection,all_inclusive
U0089,U0089_payment_method,2026-06-14 02:12:04,Confirmation,crypto
U0046,U0046_plan,2026-06-14 05:54:51,Selection,enterprise
U0046,U0046_add_on,2026-06-14 05:55:43,Review,all_inclusive
U0046,U0046_payment_method,2026-06-14 05:57:24,Confirmation,crypto
U0161,U0161_plan,2026-06-14 10:07:04,Browsing,basic
U0161,U0161_plan,2026-06-14 10:09:14,Review,enterprise
U0161,U0161_plan,2026-06-14 10:11:02,Confirmation,basic
U0057,U0057_payment_method,2026-06-14 10:12:54,Browsing,paypal
U0161,U0161_plan,2026-06-14 10:13:58,Post-commit,enterprise
U0057,U0057_payment_method,2026-06-14 10:15:26,Review,credit_card
U0161,U0161_plan,2026-06-14 10:15:40,Post-commit,basic
U0057,U0057_payment_method,2026-06-14 10:16:14,Review,paypal
U0161,U0161_add_on,2026-06-14 10:16:19,Selection,analytics
U0161,U0161_payment_method,2026-06-14 10:16:53,Browsing,debit_card
U0057,U0057_payment_method,2026-06-14 10:17:56,Confirmation,credit_card
U0057,U0057_add_on,2026-06-14 10:18:07,Post-commit,all_inclusive
U0057,U0057_payment_method,2026-06-14 10:18:59,Confirmation,crypto
U0057,U0057_payment_method,2026-06-14 10:20:41,Post-commit,credit_card
U0057,U0057_plan,2026-06-14 10:21:22,Selection,pro
U0057,U0057_add_on,2026-06-14 10:21:53,Browsing,analytics
U0116,U0116_plan,2026-06-14 12:16:10,Browsing,enterprise
U0116,U0116_add_on,2026-06-14 12:17:50,Selection,analytics
U0116,U0116_payment_method,2026-06-14 12:19:21,Review,paypal
U0079,U0079_add_on,2026-06-14 13:17:30,Browsing,priority_support
U0079,U0079_add_on,2026-06-14 13:19:19,Selection,none
U0079,U0079_add_on,2026-06-14 13:20:35,Selection,priority_support
U0079,U0079_add_on,2026-06-14 13:21:13,Review,none
U0079,U0079_plan,2026-06-14 13:22:01,Browsing,pro
U0079,U0079_plan,2026-06-14 13:24:55,Review,enterprise
U0079,U0079_payment_method,2026-06-14 13:25:23,Browsing,credit_card
U0079,U0079_payment_method,2026-06-14 13:26:37,Review,crypto
U0022,U0022_plan,2026-06-14 16:54:29,Browsing,pro
U0022,U0022_add_on,2026-06-14 16:56:07,Review,priority_support
U0022,U0022_payment_method,2026-06-14 16:57:10,Browsing,credit_card
U0022,U0022_add_on,2026-06-14 17:07:48,Post-commit,analytics
U0074,U0074_plan,2026-06-14 20:16:40,Browsing,enterprise
U0074,U0074_plan,2026-06-14 20:19:39,Review,basic
U0074,U0074_plan,2026-06-14 20:21:08,Review,enterprise
U0074,U0074_plan,2026-06-14 20:23:24,Confirmation,basic
U0074,U0074_add_on,2026-06-14 20:23:45,Selection,priority_support
U0074,U0074_add_on,2026-06-14 20:25:36,Review,none
U0074,U0074_payment_method,2026-06-14 20:26:00,Browsing,credit_card
U0086,U0086_payment_method,2026-06-14 22:50:49,Selection,debit_card
U0086,U0086_payment_method,2026-06-14 22:51:36,Selection,paypal
U0086,U0086_payment_method,2026-06-14 22:52:10,Review,debit_card
U0086,U0086_payment_method,2026-06-14 22:53:22,Confirmation,paypal
U0086,U0086_plan,2026-06-14 22:53:46,Selection,basic
U0086,U0086_plan,2026-06-14 22:56:41,Review,enterprise
U0086,U0086_add_on,2026-06-14 22:57:32,Browsing,analytics
U0012,U0012_plan,2026-06-15 01:20:09,Review,basic
U0012,U0012_add_on,2026-06-15 01:21:03,Browsing,all_inclusive
U0012,U0012_add_on,2026-06-15 01:21:15,Browsing,analytics
U0012,U0012_payment_method,2026-06-15 01:22:38,Browsing,paypal
U0123,U0123_plan,2026-06-15 01:38:29,Review,pro
U0123,U0123_add_on,2026-06-15 01:39:40,Browsing,analytics
U0123,U0123_payment_method,2026-06-15 01:40:32,Review,debit_card
U0123,U0123_add_on,2026-06-15 01:52:45,Post-commit,all_inclusive
U0123,U0123_plan,2026-06-15 01:54:18,Confirmation,basic
U0162,U0162_payment_method,2026-06-15 02:10:43,Selection,paypal
U0162,U0162_payment_method,2026-06-15 02:13:24,Selection,debit_card
U0162,U0162_payment_method,2026-06-15 02:15:17,Review,paypal
U0162,U0162_payment_method,2026-06-15 02:16:10,Confirmation,debit_card
U0162,U0162_payment_method,2026-06-15 02:18:34,Confirmation,credit_card
U0162,U0162_payment_method,2026-06-15 02:21:20,Confirmation,crypto
U0162,U0162_plan,2026-06-15 02:22:11,Selection,pro
U0162,U0162_add_on,2026-06-15 02:22:47,Browsing,all_inclusive
U0026,U0026_plan,2026-06-15 06:53:28,Selection,pro
U0026,U0026_add_on,2026-06-15 06:54:14,Browsing,none
U0026,U0026_payment_method,2026-06-15 06:54:52,Browsing,crypto
U0026,U0026_payment_method,2026-06-15 07:05:37,Post-commit,paypal
U0048,U0048_plan,2026-06-15 07:24:17,Browsing,basic
U0048,U0048_plan,2026-06-15 07:28:41,Browsing,enterprise
U0048,U0048_plan,2026-06-15 07:31:38,Browsing,basic
U0048,U0048_plan,2026-06-15 07:36:12,Selection,pro
U0048,U0048_add_on,2026-06-15 07:36:33,Browsing,all_inclusive
U0048,U0048_add_on,2026-06-15 07:37:46,Browsing,none
U0048,U0048_add_on,2026-06-15 07:42:43,Browsing,all_inclusive
U0048,U0048_add_on,2026-06-15 07:43:50,Browsing,analytics
U0048,U0048_add_on,2026-06-15 07:48:33,Browsing,all_inclusive
U0048,U0048_payment_method,2026-06-15 07:49:19,Browsing,paypal
U0048,U0048_payment_method,2026-06-15 07:51:09,Selection,debit_card
U0048,U0048_payment_method,2026-06-15 07:52:34,Review,crypto
U0149,U0149_payment_method,2026-06-15 07:59:25,Selection,debit_card
U0149,U0149_payment_method,2026-06-15 08:00:17,Review,crypto
U0149,U0149_payment_method,2026-06-15 08:01:01,Confirmation,debit_card
U0149,U0149_payment_method,2026-06-15 08:02:02,Confirmation,crypto
U0149,U0149_payment_method,2026-06-15 08:02:52,Confirmation,credit_card
U0149,U0149_plan,2026-06-15 08:03:14,Browsing,pro
U0149,U0149_plan,2026-06-15 08:05:37,Review,enterprise
U0149,U0149_add_on,2026-06-15 08:06:18,Browsing,priority_support
U0100,U0100_payment_method,2026-06-15 08:25:15,Browsing,paypal
U0100,U0100_payment_method,2026-06-15 08:27:51,Review,credit_card
U0100,U0100_payment_method,2026-06-15 08:28:31,Review,paypal
U0100,U0100_payment_method,2026-06-15 08:31:25,Confirmation,credit_card
U0100,U0100_plan,2026-06-15 08:31:52,Browsing,enterprise
U0100,U0100_add_on,2026-06-15 08:32:13,Selection,priority_support
U0034,U0034_plan,2026-06-15 14:58:24,Browsing,enterprise
U0034,U0034_plan,2026-06-15 15:00:48,Selection,basic
U0034,U0034_plan,2026-06-15 15:04:04,Review,enterprise
U0034,U0034_add_on,2026-06-15 15:04:27,Browsing,analytics
U0034,U0034_add_on,2026-06-15 15:07:19,Browsing,all_inclusive
U0034,U0034_add_on,2026-06-15 15:10:32,Browsing,priority_support
U0034,U0034_payment_method,2026-06-15 15:11:08,Browsing,credit_card
U0034,U0034_payment_method,2026-06-15 15:13:46,Browsing,paypal
U0034,U0034_payment_method,2026-06-15 15:18:30,Selection,crypto
U0034,U0034_payment_method,2026-06-15 15:19:58,Selection,paypal
U0185,U0185_plan,2026-06-15 15:52:34,Selection,basic
U0185,U0185_add_on,2026-06-15 15:53:23,Review,analytics
U0185,U0185_payment_method,2026-06-15 15:55:00,Confirmation,debit_card
U0084,U0084_plan,2026-06-16 01:51:45,Browsing,enterprise
U0084,U0084_plan,2026-06-16 01:55:26,Browsing,basic
U0084,U0084_plan,2026-06-16 01:58:17,Browsing,enterprise
U0084,U0084_add_on,2026-06-16 01:58:55,Browsing,none
U0084,U0084_add_on,2026-06-16 02:03:03,Selection,priority_support
U0084,U0084_add_on,2026-06-16 02:04:42,Review,all_inclusive
U0084,U0084_add_on,2026-06-16 02:06:02,Review,analytics
U0084,U0084_payment_method,2026-06-16 02:06:26,Browsing,credit_card
U0084,U0084_payment_method,2026-06-16 02:09:05,Selection,paypal
U0084,U0084_payment_method,2026-06-16 02:13:22,Selection,crypto
U0084,U0084_payment_method,2026-06-16 02:15:10,Review,paypal
U0006,U0006_plan,2026-06-16 07:32:55,Selection,enterprise
U0006,U0006_add_on,2026-06-16 07:34:07,Browsing,priority_support
U0006,U0006_payment_method,2026-06-16 07:35:20,Browsing,paypal
U0006,U0006_payment_method,2026-06-16 07:47:10,Post-commit,credit_card
U0006,U0006_plan,2026-06-16 07:47:49,Post-commit,pro
U0168,U0168_plan,2026-06-16 08:05:09,Review,enterprise
U0168,U0168_plan,2026-06-16 08:05:42,Review,pro
U0168,U0168_add_on,2026-06-16 08:06:20,Review,analytics
U0168,U0168_payment_method,2026-06-16 08:07:14,Selection,credit_card
U0088,U0088_plan,2026-06-16 14:47:34,Browsing,enterprise
U0088,U0088_add_on,2026-06-16 14:48:44,Review,none
U0088,U0088_payment_method,2026-06-16 14:49:25,Selection,credit_card
U0088,U0088_payment_method,2026-06-16 14:49:44,Selection,debit_card
U0009,U0009_payment_method,2026-06-16 18:51:19,Selection,paypal
U0009,U0009_payment_method,2026-06-16 18:53:08,Selection,debit_card
U0009,U0009_payment_method,2026-06-16 18:54:04,Review,paypal
U0009,U0009_payment_method,2026-06-16 18:56:17,Confirmation,debit_card
U0009,U0009_payment_method,2026-06-16 18:58:38,Confirmation,crypto
U0009,U0009_plan,2026-06-16 18:59:05,Browsing,pro
U0009,U0009_add_on,2026-06-16 18:59:57,Browsing,none
U0135,U0135_plan,2026-06-16 19:01:28,Selection,pro
U0135,U0135_add_on,2026-06-16 19:02:58,Selection,all_inclusive
U0135,U0135_payment_method,2026-06-16 19:04:29,Selection,debit_card
U0135,U0135_plan,2026-06-16 19:06:25,Post-commit,enterprise
U0135,U0135_plan,2026-06-16 19:10:35,Confirmation,basic
U0004,U0004_plan,2026-06-16 22:00:58,Selection,basic
U0004,U0004_add_on,2026-06-16 22:01:52,Browsing,priority_support
U0004,U0004_add_on,2026-06-16 22:02:29,Browsing,analytics
U0004,U0004_payment_method,2026-06-16 22:03:29,Review,crypto
U0178,U0178_plan,2026-06-17 10:28:52,Review,basic
U0178,U0178_add_on,2026-06-17 10:29:32,Review,none
U0178,U0178_payment_method,2026-06-17 10:30:30,Browsing,paypal
U0178,U0178_payment_method,2026-06-17 10:30:39,Browsing,debit_card
U0146,U0146_add_on,2026-06-17 16:16:05,Selection,analytics
U0146,U0146_add_on,2026-06-17 16:17:36,Selection,all_inclusive
U0146,U0146_add_on,2026-06-17 16:20:13,Review,analytics
U0146,U0146_add_on,2026-06-17 16:21:36,Confirmation,all_inclusive
U0146,U0146_plan,2026-06-17 16:22:30,Browsing,enterprise
U0146,U0146_payment_method,2026-06-17 16:22:59,Browsing,debit_card
U0035,U0035_plan,2026-06-18 00:22:08,Browsing,enterprise
U0035,U0035_add_on,2026-06-18 00:22:38,Browsing,all_inclusive
U0035,U0035_payment_method,2026-06-18 00:23:00,Confirmation,paypal
U0035,U0035_payment_method,2026-06-18 00:23:09,Selection,paypal
U0035,U0035_payment_method,2026-06-18 00:24:08,Selection,credit_card
U0053,U0053_plan,2026-06-18 01:57:07,Browsing,basic
U0053,U0053_add_on,2026-06-18 01:58:06,Review,priority_support
U0053,U0053_payment_method,2026-06-18 01:59:38,Browsing,credit_card
U0053,U0053_plan,2026-06-18 02:06:52,Confirmation,enterprise
U0053,U0053_payment_method,2026-06-18 02:08:50,Confirmation,paypal
U0159,U0159_plan,2026-06-18 17:37:08,Selection,basic
U0159,U0159_add_on,2026-06-18 17:37:54,Browsing,all_inclusive
U0159,U0159_payment_method,2026-06-18 17:38:53,Review,crypto
U0159,U0159_payment_method,2026-06-18 17:45:09,Post-commit,credit_card
U0159,U0159_add_on,2026-06-18 17:46:20,Confirmation,priority_support
U0169,U0169_plan,2026-06-18 20:46:54,Selection,pro
U0169,U0169_add_on,2026-06-18 20:47:35,Review,priority_support
U0169,U0169_add_on,2026-06-18 20:48:16,Review,analytics
U0169,U0169_payment_method,2026-06-18 20:48:51,Selection,credit_card
U0182,U0182_plan,2026-06-18 21:53:01,Selection,enterprise
U0182,U0182_add_on,2026-06-18 21:54:54,Review,priority_support
U0182,U0182_payment_method,2026-06-18 21:55:27,Confirmation,debit_card
U0199,U0199_plan,2026-06-19 00:20:22,Browsing,pro
U0199,U0199_add_on,2026-06-19 00:20:56,Selection,analytics
U0199,U0199_payment_method,2026-06-19 00:21:26,Review,debit_card
U0107,U0107_plan,2026-06-19 02:20:13,Browsing,basic
U0107,U0107_plan,2026-06-19 02:22:30,Selection,enterprise
U0107,U0107_plan,2026-06-19 02:23:32,Review,basic
U0107,U0107_plan,2026-06-19 02:24:04,Confirmation,enterprise
U0107,U0107_plan,2026-06-19 02:26:19,Confirmation,pro
U0107,U0107_plan,2026-06-19 02:27:51,Post-commit,enterprise
U0107,U0107_add_on,2026-06-19 02:28:41,Selection,priority_support
U0107,U0107_add_on,2026-06-19 02:29:46,Review,none
U0107,U0107_payment_method,2026-06-19 02:30:10,Browsing,crypto
U0154,U0154_plan,2026-06-19 04:00:33,Browsing,basic
U0173,U0173_plan,2026-06-19 04:00:56,Selection,enterprise
U0173,U0173_add_on,2026-06-19 04:01:37,Review,all_inclusive
U0154,U0154_add_on,2026-06-19 04:02:08,Selection,analytics
U0173,U0173_payment_method,2026-06-19 04:02:33,Confirmation,paypal
U0154,U0154_payment_method,2026-06-19 04:03:42,Confirmation,credit_card
U0043,U0043_plan,2026-06-19 09:04:10,Browsing,enterprise
U0043,U0043_add_on,2026-06-19 09:05:17,Review,analytics
U0043,U0043_payment_method,2026-06-19 09:06:21,Browsing,debit_card
U0043,U0043_add_on,2026-06-19 09:22:56,Confirmation,priority_support
U0190,U0190_plan,2026-06-19 13:41:34,Browsing,enterprise
U0190,U0190_plan,2026-06-19 13:46:22,Browsing,basic
U0190,U0190_plan,2026-06-19 13:50:58,Browsing,pro
U0190,U0190_plan,2026-06-19 13:53:30,Selection,basic
U0190,U0190_plan,2026-06-19 13:55:11,Selection,enterprise
U0190,U0190_add_on,2026-06-19 13:55:41,Browsing,all_inclusive
U0190,U0190_add_on,2026-06-19 14:00:15,Selection,none
U0190,U0190_add_on,2026-06-19 14:04:01,Selection,analytics
U0190,U0190_add_on,2026-06-19 14:06:18,Selection,priority_support
U0190,U0190_payment_method,2026-06-19 14:06:57,Browsing,credit_card
U0190,U0190_payment_method,2026-06-19 14:11:37,Selection,paypal
U0190,U0190_payment_method,2026-06-19 14:15:34,Selection,credit_card
U0190,U0190_payment_method,2026-06-19 14:17:35,Review,paypal
U0133,U0133_plan,2026-06-19 18:45:01,Selection,basic
U0133,U0133_add_on,2026-06-19 18:45:36,Review,priority_support
U0133,U0133_payment_method,2026-06-19 18:47:25,Confirmation,paypal
U0024,U0024_plan,2026-06-20 01:56:34,Browsing,enterprise
U0024,U0024_plan,2026-06-20 01:59:44,Browsing,pro
U0024,U0024_plan,2026-06-20 02:01:29,Selection,basic
U0024,U0024_plan,2026-06-20 02:02:42,Review,pro
U0024,U0024_plan,2026-06-20 02:04:58,Review,enterprise
U0024,U0024_add_on,2026-06-20 02:05:37,Browsing,none
U0024,U0024_add_on,2026-06-20 02:07:04,Selection,all_inclusive
U0024,U0024_add_on,2026-06-20 02:08:37,Review,priority_support
U0024,U0024_add_on,2026-06-20 02:09:45,Confirmation,none
U0024,U0024_add_on,2026-06-20 02:14:22,Post-commit,priority_support
U0024,U0024_payment_method,2026-06-20 02:15:10,Browsing,credit_card
U0024,U0024_payment_method,2026-06-20 02:18:13,Browsing,paypal
U0024,U0024_payment_method,2026-06-20 02:22:21,Browsing,credit_card
U0024,U0024_payment_method,2026-06-20 02:26:45,Browsing,paypal
U0024,U0024_payment_method,2026-06-20 02:28:24,Selection,credit_card
U0109,U0109_plan,2026-06-20 09:05:12,Browsing,enterprise
U0109,U0109_plan,2026-06-20 09:08:53,Selection,pro
U0109,U0109_plan,2026-06-20 09:11:58,Selection,enterprise
U0109,U0109_add_on,2026-06-20 09:12:56,Browsing,none
U0109,U0109_add_on,2026-06-20 09:14:49,Selection,analytics
U0109,U0109_add_on,2026-06-20 09:18:24,Review,all_inclusive
U0109,U0109_payment_method,2026-06-20 09:19:05,Browsing,debit_card
U0109,U0109_payment_method,2026-06-20 09:21:19,Selection,crypto
U0109,U0109_payment_method,2026-06-20 09:25:40,Selection,paypal
U0109,U0109_payment_method,2026-06-20 09:30:32,Review,debit_card
U0134,U0134_plan,2026-06-20 09:46:48,Selection,enterprise
U0134,U0134_add_on,2026-06-20 09:48:00,Review,priority_support
U0134,U0134_payment_method,2026-06-20 09:48:54,Selection,crypto
U0134,U0134_payment_method,2026-06-20 09:49:21,Selection,credit_card
U0007,U0007_plan,2026-06-20 13:50:51,Browsing,pro
U0007,U0007_add_on,2026-06-20 13:51:41,Review,analytics
U0007,U0007_payment_method,2026-06-20 13:52:42,Review,debit_card
U0007,U0007_payment_method,2026-06-20 13:52:47,Review,paypal
U0078,U0078_plan,2026-06-20 17:25:46,Selection,enterprise
U0078,U0078_add_on,2026-06-20 17:27:17,Review,priority_support
U0078,U0078_payment_method,2026-06-20 17:28:09,Selection,paypal
U0078,U0078_plan,2026-06-20 17:37:36,Post-commit,pro
U0078,U0078_payment_method,2026-06-20 17:39:00,Post-commit,debit_card
U0096,U0096_plan,2026-06-20 23:39:38,Browsing,basic
U0096,U0096_plan,2026-06-20 23:43:50,Browsing,pro
U0096,U0096_plan,2026-06-20 23:44:51,Browsing,basic
U0096,U0096_plan,2026-06-20 23:46:59,Browsing,enterprise
U0096,U0096_add_on,2026-06-20 23:47:58,Browsing,all_inclusive
U0096,U0096_add_on,2026-06-20 23:52:58,Selection,none
U0096,U0096_add_on,2026-06-20 23:54:21,Review,analytics
U0096,U0096_payment_method,2026-06-20 23:54:55,Browsing,credit_card
U0096,U0096_payment_method,2026-06-20 23:57:54,Browsing,crypto
U0096,U0096_payment_method,2026-06-20 23:59:13,Selection,credit_card
U0096,U0096_payment_method,2026-06-21 00:00:32,Selection,debit_card
U0195,U0195_plan,2026-06-21 03:41:51,Review,enterprise
U0195,U0195_add_on,2026-06-21 03:43:50,Selection,all_inclusive
U0195,U0195_payment_method,2026-06-21 03:45:34,Review,debit_card
U0195,U0195_plan,2026-06-21 03:54:44,Post-commit,pro
U0121,U0121_plan,2026-06-21 09:44:04,Browsing,enterprise
U0121,U0121_plan,2026-06-21 09:48:40,Selection,pro
U0121,U0121_plan,2026-06-21 09:53:01,Selection,enterprise
U0121,U0121_plan,2026-06-21 09:55:48,Selection,basic
U0121,U0121_plan,2026-06-21 09:58:51,Selection,enterprise
U0121,U0121_add_on,2026-06-21 09:59:51,Browsing,priority_support
U0121,U0121_add_on,2026-06-21 10:03:07,Browsing,all_inclusive
U0121,U0121_add_on,2026-06-21 10:07:13,Selection,priority_support
U0121,U0121_add_on,2026-06-21 10:08:45,Review,analytics
U0121,U0121_payment_method,2026-06-21 10:09:17,Browsing,credit_card
U0121,U0121_payment_method,2026-06-21 10:11:07,Selection,paypal
U0121,U0121_payment_method,2026-06-21 10:13:10,Selection,credit_card
U0121,U0121_payment_method,2026-06-21 10:18:06,Review,crypto
U0121,U0121_payment_method,2026-06-21 10:20:07,Review,debit_card
U0101,U0101_payment_method,2026-06-21 11:23:37,Selection,credit_card
U0101,U0101_payment_method,2026-06-21 11:25:31,Selection,debit_card
U0101,U0101_payment_method,2026-06-21 11:28:01,Review,credit_card
U0101,U0101_payment_method,2026-06-21 11:29:04,Confirmation,debit_card
U0101,U0101_payment_method,2026-06-21 11:29:40,Post-commit,crypto
U0101,U0101_plan,2026-06-21 11:30:15,Browsing,basic
U0101,U0101_plan,2026-06-21 11:31:23,Review,enterprise
U0101,U0101_add_on,2026-06-21 11:32:22,Browsing,priority_support
U0101,U0101_add_on,2026-06-21 11:35:28,Review,none
U0028,U0028_payment_method,2026-06-21 15:20:01,Browsing,crypto
U0028,U0028_payment_method,2026-06-21 15:23:00,Review,debit_card
U0028,U0028_payment_method,2026-06-21 15:24:58,Confirmation,crypto
U0028,U0028_payment_method,2026-06-21 15:26:22,Confirmation,debit_card
U0028,U0028_payment_method,2026-06-21 15:28:41,Confirmation,credit_card
U0028,U0028_payment_method,2026-06-21 15:30:24,Confirmation,paypal
U0028,U0028_plan,2026-06-21 15:31:04,Selection,basic
U0028,U0028_add_on,2026-06-21 15:31:29,Browsing,priority_support
U0090,U0090_plan,2026-06-21 19:22:17,Browsing,basic
U0090,U0090_plan,2026-06-21 19:25:59,Selection,enterprise
U0090,U0090_plan,2026-06-21 19:30:13,Selection,basic
U0090,U0090_add_on,2026-06-21 19:30:56,Browsing,none
U0090,U0090_add_on,2026-06-21 19:35:48,Browsing,all_inclusive
U0090,U0090_add_on,2026-06-21 19:38:04,Selection,analytics
U0090,U0090_add_on,2026-06-21 19:42:09,Review,all_inclusive
U0090,U0090_add_on,2026-06-21 19:47:04,Review,none
U0090,U0090_payment_method,2026-06-21 19:47:52,Browsing,credit_card
U0090,U0090_payment_method,2026-06-21 19:50:38,Browsing,debit_card
U0090,U0090_payment_method,2026-06-21 19:53:22,Selection,crypto
U0090,U0090_payment_method,2026-06-21 19:55:47,Review,debit_card
U0183,U0183_plan,2026-06-21 23:10:14,Browsing,pro
U0183,U0183_plan,2026-06-21 23:13:16,Selection,basic
U0183,U0183_plan,2026-06-21 23:17:14,Selection,enterprise
U0183,U0183_plan,2026-06-21 23:20:22,Selection,basic
U0183,U0183_add_on,2026-06-21 23:21:05,Browsing,analytics
U0183,U0183_add_on,2026-06-21 23:24:31,Browsing,none
U0183,U0183_add_on,2026-06-21 23:29:30,Selection,priority_support
U0183,U0183_add_on,2026-06-21 23:30:59,Review,none
U0183,U0183_payment_method,2026-06-21 23:31:44,Browsing,paypal
U0183,U0183_payment_method,2026-06-21 23:36:29,Selection,credit_card
U0183,U0183_payment_method,2026-06-21 23:39:31,Review,debit_card
U0183,U0183_payment_method,2026-06-21 23:41:17,Confirmation,credit_card
U0183,U0183_payment_method,2026-06-21 23:45:35,Post-commit,paypal
U0110,U0110_plan,2026-06-22 00:52:01,Browsing,enterprise
U0110,U0110_add_on,2026-06-22 00:52:45,Review,analytics
U0110,U0110_add_on,2026-06-22 00:53:09,Review,all_inclusive
U0110,U0110_payment_method,2026-06-22 00:54:02,Review,credit_card
U0193,U0193_plan,2026-06-22 04:34:02,Selection,enterprise
U0193,U0193_add_on,2026-06-22 04:36:02,Review,analytics
U0193,U0193_payment_method,2026-06-22 04:37:37,Confirmation,crypto
U0111,U0111_plan,2026-06-22 11:33:55,Selection,basic
U0111,U0111_add_on,2026-06-22 11:35:47,Review,priority_support
U0111,U0111_payment_method,2026-06-22 11:37:15,Review,debit_card
U0111,U0111_add_on,2026-06-22 11:47:12,Post-commit,none
U0181,U0181_plan,2026-06-22 14:24:46,Browsing,enterprise
U0181,U0181_plan,2026-06-22 14:27:10,Browsing,pro
U0181,U0181_plan,2026-06-22 14:30:12,Selection,basic
U0181,U0181_add_on,2026-06-22 14:30:46,Browsing,analytics
U0181,U0181_add_on,2026-06-22 14:33:31,Browsing,all_inclusive
U0181,U0181_add_on,2026-06-22 14:35:28,Selection,none
U0181,U0181_add_on,2026-06-22 14:39:49,Selection,all_inclusive
U0181,U0181_payment_method,2026-06-22 14:40:11,Browsing,crypto
U0181,U0181_payment_method,2026-06-22 14:43:15,Selection,credit_card
U0181,U0181_payment_method,2026-06-22 14:45:52,Review,debit_card
U0151,U0151_plan,2026-06-23 05:16:56,Review,pro
U0151,U0151_add_on,2026-06-23 05:18:19,Browsing,priority_support
U0151,U0151_payment_method,2026-06-23 05:19:26,Browsing,crypto
U0151,U0151_payment_method,2026-06-23 05:19:34,Browsing,paypal
U0051,U0051_plan,2026-06-23 11:25:37,Browsing,pro
U0051,U0051_add_on,2026-06-23 11:26:55,Selection,all_inclusive
U0051,U0051_payment_method,2026-06-23 11:28:31,Review,crypto
U0187,U0187_plan,2026-06-23 16:50:31,Browsing,enterprise
U0187,U0187_plan,2026-06-23 16:54:29,Browsing,basic
U0187,U0187_payment_method,2026-06-23 16:57:20,Post-commit,credit_card
U0187,U0187_plan,2026-06-23 16:58:47,Browsing,pro
U0187,U0187_plan,2026-06-23 17:02:54,Selection,enterprise
U0187,U0187_plan,2026-06-23 17:05:49,Selection,pro
U0187,U0187_add_on,2026-06-23 17:06:10,Browsing,analytics
U0187,U0187_add_on,2026-06-23 17:09:40,Browsing,none
U0187,U0187_add_on,2026-06-23 17:12:19,Browsing,analytics
U0187,U0187_add_on,2026-06-23 17:14:42,Browsing,priority_support
U0187,U0187_payment_method,2026-06-23 17:15:11,Browsing,debit_card
U0187,U0187_payment_method,2026-06-23 17:18:24,Selection,credit_card
U0187,U0187_payment_method,2026-06-23 17:20:31,Selection,debit_card
U0085,U0085_plan,2026-06-24 03:44:34,Browsing,basic
U0085,U0085_plan,2026-06-24 03:46:38,Browsing,enterprise
U0085,U0085_plan,2026-06-24 03:50:12,Browsing,pro
U0085,U0085_plan,2026-06-24 03:52:06,Selection,enterprise
U0085,U0085_plan,2026-06-24 03:55:56,Selection,basic
U0085,U0085_add_on,2026-06-24 03:56:36,Browsing,priority_support
U0085,U0085_add_on,2026-06-24 03:59:27,Browsing,all_inclusive
U0085,U0085_add_on,2026-06-24 04:04:18,Browsing,analytics
U0085,U0085_add_on,2026-06-24 04:06:43,Browsing,none
U0085,U0085_payment_method,2026-06-24 04:07:29,Browsing,crypto
U0085,U0085_payment_method,2026-06-24 04:08:41,Selection,paypal
U0085,U0085_payment_method,2026-06-24 04:13:31,Selection,credit_card
U0167,U0167_payment_method,2026-06-24 10:01:06,Browsing,credit_card
U0167,U0167_payment_method,2026-06-24 10:02:12,Review,crypto
U0167,U0167_payment_method,2026-06-24 10:03:29,Confirmation,credit_card
U0167,U0167_payment_method,2026-06-24 10:04:30,Post-commit,crypto
U0167,U0167_plan,2026-06-24 10:04:54,Selection,basic
U0167,U0167_add_on,2026-06-24 10:05:32,Selection,none
U0077,U0077_plan,2026-06-24 13:41:33,Selection,enterprise
U0077,U0077_add_on,2026-06-24 13:43:07,Review,all_inclusive
U0077,U0077_payment_method,2026-06-24 13:44:04,Confirmation,crypto
U0126,U0126_plan,2026-06-24 14:29:55,Selection,enterprise
U0126,U0126_add_on,2026-06-24 14:31:03,Selection,none
U0126,U0126_payment_method,2026-06-24 14:32:23,Browsing,paypal
U0126,U0126_payment_method,2026-06-24 14:34:38,Review,paypal
U0126,U0126_add_on,2026-06-24 14:43:58,Post-commit,analytics
U0164,U0164_plan,2026-06-24 17:59:13,Browsing,pro
U0164,U0164_add_on,2026-06-24 18:00:00,Review,none
U0164,U0164_payment_method,2026-06-24 18:02:00,Selection,credit_card
U0164,U0164_add_on,2026-06-24 18:09:45,Confirmation,priority_support
U0164,U0164_payment_method,2026-06-24 18:11:14,Post-commit,crypto
U0155,U0155_plan,2026-06-24 19:14:10,Review,basic
U0155,U0155_plan,2026-06-24 19:14:35,Review,enterprise
U0155,U0155_add_on,2026-06-24 19:15:30,Review,priority_support
U0155,U0155_payment_method,2026-06-24 19:16:48,Selection,paypal
U0192,U0192_plan,2026-06-24 22:56:22,Browsing,basic
U0192,U0192_plan,2026-06-24 23:01:20,Selection,pro
U0192,U0192_plan,2026-06-24 23:04:27,Review,enterprise
U0192,U0192_plan,2026-06-24 23:07:56,Review,basic
U0192,U0192_add_on,2026-06-24 23:08:28,Browsing,all_inclusive
U0192,U0192_add_on,2026-06-24 23:13:11,Browsing,analytics
U0192,U0192_add_on,2026-06-24 23:18:10,Selection,all_inclusive
U0192,U0192_payment_method,2026-06-24 23:19:05,Browsing,debit_card
U0192,U0192_payment_method,2026-06-24 23:20:49,Selection,credit_card
U0192,U0192_payment_method,2026-06-24 23:25:19,Selection,debit_card
U0192,U0192_payment_method,2026-06-24 23:28:19,Review,credit_card
U0124,U0124_plan,2026-06-25 01:38:03,Browsing,basic
U0124,U0124_plan,2026-06-25 01:40:56,Selection,pro
U0124,U0124_plan,2026-06-25 01:45:45,Selection,enterprise
U0124,U0124_plan,2026-06-25 01:48:43,Review,basic
U0124,U0124_plan,2026-06-25 01:52:02,Review,pro
U0124,U0124_add_on,2026-06-25 01:52:55,Browsing,priority_support
U0124,U0124_add_on,2026-06-25 01:54:13,Browsing,all_inclusive
U0124,U0124_add_on,2026-06-25 01:57:22,Browsing,priority_support
U0124,U0124_add_on,2026-06-25 02:01:47,Browsing,analytics
U0124,U0124_add_on,2026-06-25 02:05:58,Browsing,none
U0124,U0124_payment_method,2026-06-25 02:06:43,Browsing,debit_card
U0124,U0124_payment_method,2026-06-25 02:09:08,Browsing,paypal
U0124,U0124_payment_method,2026-06-25 02:12:13,Selection,crypto
U0124,U0124_payment_method,2026-06-25 02:13:46,Review,credit_card
U0124,U0124_payment_method,2026-06-25 02:15:24,Confirmation,debit_card
U0098,U0098_plan,2026-06-25 07:29:19,Browsing,enterprise
U0098,U0098_add_on,2026-06-25 07:30:30,Review,none
U0098,U0098_payment_method,2026-06-25 07:31:20,Confirmation,debit_card
U0179,U0179_add_on,2026-06-25 11:35:48,Selection,analytics
U0179,U0179_add_on,2026-06-25 11:38:02,Review,all_inclusive
U0179,U0179_add_on,2026-06-25 11:40:17,Confirmation,analytics
U0179,U0179_add_on,2026-06-25 11:42:50,Post-commit,all_inclusive
U0179,U0179_add_on,2026-06-25 11:44:40,Post-commit,priority_support
U0179,U0179_plan,2026-06-25 11:45:35,Selection,pro
U0179,U0179_payment_method,2026-06-25 11:46:18,Browsing,crypto
U0153,U0153_plan,2026-06-25 16:02:36,Browsing,enterprise
U0153,U0153_plan,2026-06-25 16:02:56,Browsing,pro
U0153,U0153_add_on,2026-06-25 16:04:21,Browsing,analytics
U0153,U0153_payment_method,2026-06-25 16:05:29,Review,debit_card
U0056,U0056_plan,2026-06-25 19:12:17,Review,pro
U0056,U0056_add_on,2026-06-25 19:12:53,Browsing,priority_support
U0056,U0056_payment_method,2026-06-25 19:13:56,Review,debit_card
U0056,U0056_payment_method,2026-06-25 19:13:58,Browsing,credit_card
U0056,U0056_plan,2026-06-25 19:23:26,Post-commit,enterprise
U0056,U0056_payment_method,2026-06-25 19:23:56,Post-commit,crypto
U0197,U0197_plan,2026-06-25 22:29:56,Review,basic
U0197,U0197_add_on,2026-06-25 22:31:31,Browsing,none
U0197,U0197_payment_method,2026-06-25 22:32:19,Selection,paypal
U0197,U0197_payment_method,2026-06-25 22:42:59,Confirmation,debit_card
U0197,U0197_add_on,2026-06-25 22:44:15,Confirmation,analytics
U0052,U0052_plan,2026-06-26 16:36:16,Browsing,enterprise
U0082,U0082_payment_method,2026-06-26 16:37:18,Browsing,crypto
U0052,U0052_add_on,2026-06-26 16:38:11,Review,all_inclusive
U0082,U0082_payment_method,2026-06-26 16:38:28,Review,paypal
U0082,U0082_payment_method,2026-06-26 16:39:48,Confirmation,crypto
U0052,U0052_payment_method,2026-06-26 16:40:00,Confirmation,credit_card
U0082,U0082_payment_method,2026-06-26 16:40:34,Post-commit,paypal
U0082,U0082_plan,2026-06-26 16:41:27,Browsing,enterprise
U0082,U0082_add_on,2026-06-26 16:41:59,Selection,analytics
U0082,U0082_add_on,2026-06-26 16:43:16,Review,none
U0030,U0030_plan,2026-06-26 16:44:09,Browsing,pro
U0030,U0030_add_on,2026-06-26 16:44:40,Selection,priority_support
U0030,U0030_payment_method,2026-06-26 16:46:25,Browsing,credit_card
U0062,U0062_plan,2026-06-26 16:54:14,Selection,pro
U0062,U0062_plan,2026-06-26 16:55:40,Review,enterprise
U0062,U0062_plan,2026-06-26 16:56:28,Review,pro
U0062,U0062_plan,2026-06-26 16:58:39,Confirmation,enterprise
U0030,U0030_payment_method,2026-06-26 16:59:48,Post-commit,debit_card
U0030,U0030_plan,2026-06-26 17:01:07,Post-commit,enterprise
U0062,U0062_plan,2026-06-26 17:01:35,Confirmation,pro
U0062,U0062_plan,2026-06-26 17:02:14,Post-commit,enterprise
U0062,U0062_add_on,2026-06-26 17:02:35,Selection,analytics
U0062,U0062_add_on,2026-06-26 17:05:52,Review,all_inclusive
U0062,U0062_payment_method,2026-06-26 17:06:47,Selection,crypto
U0087,U0087_plan,2026-06-26 23:34:22,Selection,basic
U0087,U0087_add_on,2026-06-26 23:34:58,Selection,priority_support
U0087,U0087_payment_method,2026-06-26 23:36:00,Selection,paypal
U0087,U0087_payment_method,2026-06-26 23:36:56,Selection,crypto
U0003,U0003_plan,2026-06-27 13:05:53,Review,basic
U0003,U0003_add_on,2026-06-27 13:07:09,Review,none
U0003,U0003_payment_method,2026-06-27 13:08:29,Selection,debit_card
U0003,U0003_payment_method,2026-06-27 13:12:12,Review,crypto
U0003,U0003_plan,2026-06-27 13:17:17,Confirmation,pro
U0003,U0003_payment_method,2026-06-27 13:18:02,Confirmation,crypto
U0097,U0097_plan,2026-06-27 14:41:45,Review,enterprise
U0097,U0097_add_on,2026-06-27 14:43:15,Selection,all_inclusive
U0097,U0097_payment_method,2026-06-27 14:44:21,Browsing,credit_card
U0097,U0097_add_on,2026-06-27 14:53:26,Post-commit,priority_support
U0097,U0097_plan,2026-06-27 14:54:38,Confirmation,basic
U0156,U0156_plan,2026-06-27 22:37:57,Browsing,pro
U0156,U0156_add_on,2026-06-27 22:38:31,Selection,priority_support
U0156,U0156_payment_method,2026-06-27 22:39:44,Review,debit_card
U0081,U0081_add_on,2026-06-27 22:43:29,Browsing,none
U0081,U0081_add_on,2026-06-27 22:44:32,Review,priority_support
U0081,U0081_add_on,2026-06-27 22:45:22,Confirmation,none
U0081,U0081_add_on,2026-06-27 22:46:05,Post-commit,priority_support
U0081,U0081_add_on,2026-06-27 22:48:34,Post-commit,analytics
U0081,U0081_plan,2026-06-27 22:49:10,Selection,basic
U0081,U0081_payment_method,2026-06-27 22:49:53,Browsing,paypal
U0145,U0145_plan,2026-06-28 00:23:11,Browsing,basic
U0145,U0145_add_on,2026-06-28 00:24:37,Selection,all_inclusive
U0145,U0145_payment_method,2026-06-28 00:25:27,Confirmation,crypto
U0076,U0076_add_on,2026-06-28 04:29:09,Selection,none
U0076,U0076_add_on,2026-06-28 04:31:08,Selection,analytics
U0076,U0076_add_on,2026-06-28 04:33:31,Review,none
U0076,U0076_add_on,2026-06-28 04:34:11,Confirmation,analytics
U0076,U0076_add_on,2026-06-28 04:35:51,Post-commit,all_inclusive
U0076,U0076_plan,2026-06-28 04:36:36,Selection,enterprise
U0076,U0076_payment_method,2026-06-28 04:37:20,Selection,credit_card
U0011,U0011_plan,2026-06-28 06:04:58,Browsing,pro
U0011,U0011_add_on,2026-06-28 06:06:28,Review,priority_support
U0011,U0011_payment_method,2026-06-28 06:07:21,Confirmation,credit_card
U0025,U0025_plan,2026-06-28 14:23:43,Selection,basic
U0025,U0025_plan,2026-06-28 14:24:32,Review,enterprise
U0025,U0025_plan,2026-06-28 14:27:19,Confirmation,basic
U0025,U0025_plan,2026-06-28 14:30:01,Confirmation,enterprise
U0025,U0025_add_on,2026-06-28 14:30:35,Browsing,none
U0025,U0025_payment_method,2026-06-28 14:31:00,Selection,debit_card
U0002,U0002_plan,2026-06-28 17:59:33,Selection,pro
U0002,U0002_add_on,2026-06-28 18:00:12,Review,none
U0002,U0002_payment_method,2026-06-28 18:02:00,Confirmation,debit_card
U0065,U0065_plan,2026-06-28 20:03:26,Browsing,enterprise
U0065,U0065_plan,2026-06-28 20:04:42,Review,basic
U0065,U0065_plan,2026-06-28 20:07:05,Confirmation,enterprise
U0065,U0065_plan,2026-06-28 20:08:29,Confirmation,basic
U0065,U0065_plan,2026-06-28 20:10:11,Confirmation,pro
U0065,U0065_add_on,2026-06-28 20:11:05,Selection,all_inclusive
U0065,U0065_payment_method,2026-06-28 20:12:05,Browsing,paypal
U0120,U0120_plan,2026-06-28 20:21:11,Browsing,basic
U0120,U0120_add_on,2026-06-28 20:22:00,Review,none
U0120,U0120_payment_method,2026-06-28 20:23:32,Review,paypal
U0120,U0120_payment_method,2026-06-28 20:36:49,Confirmation,crypto
U0142,U0142_plan,2026-06-28 23:07:07,Review,basic
U0142,U0142_plan,2026-06-28 23:07:18,Review,pro
U0142,U0142_add_on,2026-06-28 23:08:47,Review,all_inclusive
U0142,U0142_payment_method,2026-06-28 23:09:38,Review,debit_card
U0080,U0080_add_on,2026-06-29 03:27:17,Browsing,priority_support
U0080,U0080_add_on,2026-06-29 03:27:59,Review,all_inclusive
U0080,U0080_add_on,2026-06-29 03:29:31,Confirmation,priority_support
U0080,U0080_add_on,2026-06-29 03:32:11,Post-commit,all_inclusive
U0080,U0080_plan,2026-06-29 03:32:57,Browsing,pro
U0080,U0080_payment_method,2026-06-29 03:33:43,Browsing,credit_card
U0049,U0049_plan,2026-06-29 10:21:13,Selection,basic
U0049,U0049_add_on,2026-06-29 10:22:10,Browsing,analytics
U0049,U0049_payment_method,2026-06-29 10:23:40,Review,crypto
U0049,U0049_payment_method,2026-06-29 10:24:21,Review,paypal
U0158,U0158_plan,2026-06-29 12:34:18,Browsing,pro
U0158,U0158_plan,2026-06-29 12:36:13,Browsing,enterprise
U0158,U0158_plan,2026-06-29 12:37:28,Browsing,basic
U0158,U0158_plan,2026-06-29 12:39:17,Browsing,pro
U0158,U0158_plan,2026-06-29 12:42:44,Selection,enterprise
U0158,U0158_add_on,2026-06-29 12:43:27,Browsing,priority_support
U0158,U0158_add_on,2026-06-29 12:46:56,Browsing,none
U0158,U0158_add_on,2026-06-29 12:51:24,Selection,all_inclusive
U0158,U0158_add_on,2026-06-29 12:54:08,Selection,none
U0158,U0158_payment_method,2026-06-29 12:54:31,Browsing,debit_card
U0158,U0158_payment_method,2026-06-29 12:57:17,Browsing,paypal
U0158,U0158_payment_method,2026-06-29 12:58:58,Selection,crypto
U0036,U0036_plan,2026-06-29 15:25:17,Browsing,enterprise
U0036,U0036_plan,2026-06-29 15:27:20,Selection,basic
U0036,U0036_plan,2026-06-29 15:30:51,Review,enterprise
U0036,U0036_add_on,2026-06-29 15:31:12,Browsing,analytics
U0036,U0036_add_on,2026-06-29 15:33:28,Selection,all_inclusive
U0036,U0036_add_on,2026-06-29 15:37:20,Review,priority_support
U0036,U0036_add_on,2026-06-29 15:41:14,Review,analytics
U0036,U0036_add_on,2026-06-29 15:44:49,Confirmation,priority_support
U0036,U0036_payment_method,2026-06-29 15:45:34,Browsing,credit_card
U0036,U0036_payment_method,2026-06-29 15:46:50,Browsing,debit_card
U0036,U0036_payment_method,2026-06-29 15:48:35,Selection,paypal
U0036,U0036_payment_method,2026-06-29 15:49:52,Selection,crypto
U0132,U0132_plan,2026-06-30 03:50:32,Review,enterprise
U0132,U0132_add_on,2026-06-30 03:51:44,Review,all_inclusive
U0132,U0132_payment_method,2026-06-30 03:53:15,Review,paypal
U0132,U0132_add_on,2026-06-30 03:59:58,Post-commit,analytics
U0132,U0132_payment_method,2026-06-30 04:01:28,Post-commit,crypto
U0095,U0095_plan,2026-06-30 04:11:15,Selection,pro
U0095,U0095_add_on,2026-06-30 04:11:46,Browsing,analytics
U0095,U0095_add_on,2026-06-30 04:12:39,Browsing,none
U0095,U0095_payment_method,2026-06-30 04:13:34,Review,paypal
U0114,U0114_plan,2026-06-30 11:31:28,Browsing,pro
U0114,U0114_add_on,2026-06-30 11:32:06,Review,priority_support
U0114,U0114_payment_method,2026-06-30 11:32:38,Browsing,paypal
U0114,U0114_plan,2026-06-30 11:43:35,Post-commit,basic
U0114,U0114_add_on,2026-06-30 11:45:24,Post-commit,analytics
U0176,U0176_add_on,2026-06-30 12:31:41,Selection,all_inclusive
U0176,U0176_add_on,2026-06-30 12:32:47,Selection,none
U0176,U0176_add_on,2026-06-30 12:34:43,Review,all_inclusive
U0176,U0176_add_on,2026-06-30 12:35:25,Confirmation,none
U0176,U0176_add_on,2026-06-30 12:38:12,Confirmation,analytics
U0176,U0176_add_on,2026-06-30 12:40:31,Post-commit,priority_support
U0176,U0176_plan,2026-06-30 12:41:05,Selection,basic
U0176,U0176_plan,2026-06-30 12:43:06,Review,enterprise
U0176,U0176_payment_method,2026-06-30 12:44:05,Selection,paypal
U0129,U0129_plan,2026-06-30 17:07:17,Review,pro
U0129,U0129_add_on,2026-06-30 17:07:53,Selection,none
U0129,U0129_payment_method,2026-06-30 17:09:09,Review,credit_card
U0129,U0129_payment_method,2026-06-30 17:15:25,Confirmation,paypal
U0175,U0175_plan,2026-06-30 22:48:25,Browsing,enterprise
U0175,U0175_add_on,2026-06-30 22:49:23,Review,all_inclusive
U0175,U0175_payment_method,2026-06-30 22:50:35,Confirmation,credit_card
U0041,U0041_plan,2026-06-30 23:50:04,Browsing,pro
U0041,U0041_add_on,2026-06-30 23:51:49,Selection,none
U0041,U0041_payment_method,2026-06-30 23:52:47,Confirmation,credit_card
U0061,U0061_plan,2026-07-01 04:25:03,Browsing,pro
U0061,U0061_add_on,2026-07-01 04:26:43,Selection,none
U0061,U0061_payment_method,2026-07-01 04:28:07,Confirmation,paypal
U0071,U0071_plan,2026-07-01 04:38:46,Browsing,pro
U0071,U0071_plan,2026-07-01 04:41:48,Selection,enterprise
U0071,U0071_plan,2026-07-01 04:43:47,Selection,pro
U0071,U0071_plan,2026-07-01 04:48:38,Review,basic
U0071,U0071_add_on,2026-07-01 04:49:04,Browsing,priority_support
U0071,U0071_add_on,2026-07-01 04:51:56,Selection,all_inclusive
U0071,U0071_add_on,2026-07-01 04:53:26,Review,priority_support
U0071,U0071_payment_method,2026-07-01 04:54:04,Browsing,credit_card
U0071,U0071_payment_method,2026-07-01 04:55:07,Selection,debit_card
U0071,U0071_payment_method,2026-07-01 04:56:20,Review,paypal
U0071,U0071_payment_method,2026-07-01 04:57:25,Confirmation,crypto
