user_id,decision_id,from_choice,to_choice,stage,timestamp,seconds_since_previous,is_flip_back
U0154,U0154_payment_method,debit_card,credit_card,Review,2024-06-01 09:06:40,36.0,False
U0099,U0099_payment_method,net_banking,upi,Review,2024-06-01 11:47:18,152.0,False
U0099,U0099_payment_method,upi,net_banking,Confirmation,2024-06-01 11:49:01,103.0,True
U0099,U0099_payment_method,net_banking,upi,Confirmation,2024-06-01 11:49:46,45.0,True
U0099,U0099_payment_method,upi,net_banking,Confirmation,2024-06-01 11:51:15,89.0,True
U0091,U0091_plan,basic,premium,Selection,2024-06-01 13:55:02,21.0,False
U0177,U0177_payment_method,upi,debit_card,Post-commit,2024-06-01 14:40:32,747.0,False
U0118,U0118_plan,standard,premium,Post-commit,2024-06-01 15:07:55,1069.0,False
U0028,U0028_plan,basic,standard,Selection,2024-06-01 15:22:04,172.0,False
U0028,U0028_plan,standard,basic,Selection,2024-06-01 15:24:39,155.0,True
U0028,U0028_plan,basic,standard,Review,2024-06-01 15:25:32,53.0,True
U0028,U0028_plan,standard,premium,Review,2024-06-01 15:27:04,92.0,False
U0139,U0139_add_on,cloud_backup,vpn,Post-commit,2024-06-01 19:54:58,500.0,False
U0053,U0053_add_on,cloud_backup,antivirus,Review,2024-06-01 23:24:16,47.0,False
U0053,U0053_add_on,antivirus,cloud_backup,Confirmation,2024-06-01 23:25:41,85.0,True
U0053,U0053_add_on,cloud_backup,antivirus,Post-commit,2024-06-01 23:26:48,67.0,True
U0053,U0053_plan,basic,standard,Review,2024-06-01 23:29:26,104.0,False
U0175,U0175_plan,basic,standard,Selection,2024-06-02 04:52:59,123.0,False
U0175,U0175_plan,standard,basic,Review,2024-06-02 04:57:54,295.0,True
U0175,U0175_add_on,vpn,none,Selection,2024-06-02 05:01:52,189.0,False
U0175,U0175_add_on,none,vpn,Review,2024-06-02 05:05:46,234.0,True
U0175,U0175_add_on,vpn,none,Review,2024-06-02 05:08:51,185.0,True
U0175,U0175_payment_method,upi,debit_card,Browsing,2024-06-02 05:11:14,101.0,False
U0175,U0175_payment_method,debit_card,credit_card,Browsing,2024-06-02 05:15:25,251.0,False
U0175,U0175_payment_method,credit_card,debit_card,Selection,2024-06-02 05:17:37,132.0,True
U0049,U0049_add_on,vpn,none,Selection,2024-06-02 08:03:43,31.0,False
U0081,U0081_plan,premium,basic,Selection,2024-06-02 09:06:04,128.0,False
U0081,U0081_plan,basic,premium,Review,2024-06-02 09:08:29,145.0,True
U0081,U0081_plan,premium,basic,Confirmation,2024-06-02 09:09:18,49.0,True
U0081,U0081_plan,basic,premium,Confirmation,2024-06-02 09:11:29,131.0,True
U0081,U0081_payment_method,net_banking,upi,Review,2024-06-02 09:14:51,126.0,False
U0066,U0066_add_on,antivirus,vpn,Browsing,2024-06-02 11:07:29,42.0,False
U0115,U0115_plan,standard,basic,Browsing,2024-06-02 19:00:52,275.0,False
U0115,U0115_plan,basic,standard,Selection,2024-06-02 19:04:53,241.0,True
U0115,U0115_add_on,antivirus,vpn,Browsing,2024-06-02 19:06:51,75.0,False
U0115,U0115_add_on,vpn,cloud_backup,Browsing,2024-06-02 19:11:50,299.0,False
U0115,U0115_add_on,cloud_backup,none,Selection,2024-06-02 19:15:38,228.0,False
U0158,U0158_add_on,cloud_backup,antivirus,Selection,2024-06-02 19:17:21,145.0,False
U0158,U0158_add_on,antivirus,cloud_backup,Review,2024-06-02 19:18:54,93.0,True
U0115,U0115_add_on,none,cloud_backup,Selection,2024-06-02 19:18:54,196.0,True
U0158,U0158_add_on,cloud_backup,antivirus,Confirmation,2024-06-02 19:19:59,65.0,True
U0158,U0158_add_on,antivirus,none,Post-commit,2024-06-02 19:21:25,86.0,False
U0115,U0115_payment_method,upi,net_banking,Selection,2024-06-02 19:22:01,133.0,False
U0158,U0158_payment_method,upi,credit_card,Review,2024-06-02 19:24:05,76.0,False
U0115,U0115_payment_method,net_banking,credit_card,Review,2024-06-02 19:25:53,232.0,False
U0170,U0170_plan,standard,basic,Post-commit,2024-06-03 04:41:22,1014.0,False
U0108,U0108_add_on,cloud_backup,none,Confirmation,2024-06-03 08:45:31,958.0,False
U0144,U0144_plan,basic,premium,Browsing,2024-06-03 22:26:53,51.0,False
U0111,U0111_plan,basic,standard,Selection,2024-06-04 02:36:57,128.0,False
U0111,U0111_plan,standard,basic,Review,2024-06-04 02:41:40,283.0,True
U0111,U0111_plan,basic,premium,Confirmation,2024-06-04 02:44:42,182.0,False
U0111,U0111_plan,premium,basic,Confirmation,2024-06-04 02:46:59,137.0,True
U0111,U0111_add_on,cloud_backup,vpn,Browsing,2024-06-04 02:51:37,251.0,False
U0111,U0111_add_on,vpn,antivirus,Selection,2024-06-04 02:56:31,294.0,False
U0111,U0111_payment_method,debit_card,upi,Selection,2024-06-04 03:02:10,294.0,False
U0111,U0111_payment_method,upi,debit_card,Review,2024-06-04 03:06:28,258.0,True
U0111,U0111_payment_method,debit_card,upi,Review,2024-06-04 03:09:44,196.0,True
U0111,U0111_payment_method,upi,debit_card,Confirmation,2024-06-04 03:11:50,126.0,True
U0195,U0195_payment_method,upi,net_banking,Selection,2024-06-04 10:44:01,6.0,False
U0116,U0116_payment_method,net_banking,debit_card,Post-commit,2024-06-04 13:18:59,784.0,False
U0094,U0094_add_on,none,antivirus,Selection,2024-06-04 14:57:25,97.0,False
U0094,U0094_add_on,antivirus,none,Selection,2024-06-04 15:00:23,178.0,True
U0094,U0094_add_on,none,antivirus,Review,2024-06-04 15:03:22,179.0,True
U0094,U0094_add_on,antivirus,none,Review,2024-06-04 15:05:29,127.0,True
U0149,U0149_payment_method,upi,credit_card,Review,2024-06-04 19:32:48,74.0,False
U0149,U0149_payment_method,credit_card,upi,Confirmation,2024-06-04 19:33:53,65.0,True
U0149,U0149_payment_method,upi,credit_card,Post-commit,2024-06-04 19:35:51,118.0,True
U0149,U0149_payment_method,credit_card,net_banking,Post-commit,2024-06-04 19:36:53,62.0,False
U0149,U0149_payment_method,net_banking,upi,Post-commit,2024-06-04 19:38:31,98.0,True
U0149,U0149_plan,standard,premium,Review,2024-06-04 19:40:34,76.0,False
U0133,U0133_add_on,antivirus,vpn,Review,2024-06-04 20:13:57,65.0,False
U0133,U0133_add_on,vpn,antivirus,Review,2024-06-04 20:15:14,77.0,True
U0133,U0133_add_on,antivirus,vpn,Confirmation,2024-06-04 20:16:28,74.0,True
U0133,U0133_add_on,vpn,none,Post-commit,2024-06-04 20:17:33,65.0,False
U0133,U0133_add_on,none,antivirus,Post-commit,2024-06-04 20:19:58,145.0,True
U0133,U0133_plan,basic,premium,Review,2024-06-04 20:23:27,158.0,False
U0142,U0142_payment_method,upi,debit_card,Confirmation,2024-06-04 23:03:31,653.0,False
U0142,U0142_plan,basic,standard,Confirmation,2024-06-04 23:05:08,870.0,False
U0002,U0002_plan,basic,standard,Browsing,2024-06-04 23:09:08,65.0,False
U0002,U0002_plan,standard,basic,Selection,2024-06-04 23:12:38,210.0,True
U0002,U0002_add_on,none,vpn,Browsing,2024-06-04 23:14:29,77.0,False
U0002,U0002_add_on,vpn,cloud_backup,Browsing,2024-06-04 23:15:47,78.0,False
U0002,U0002_add_on,cloud_backup,antivirus,Selection,2024-06-04 23:19:38,231.0,False
U0002,U0002_add_on,antivirus,vpn,Selection,2024-06-04 23:21:11,93.0,True
U0002,U0002_payment_method,net_banking,debit_card,Selection,2024-06-04 23:26:06,260.0,False
U0002,U0002_payment_method,debit_card,net_banking,Review,2024-06-04 23:27:54,108.0,True
U0002,U0002_payment_method,net_banking,debit_card,Confirmation,2024-06-04 23:30:44,170.0,True
U0002,U0002_payment_method,debit_card,credit_card,Confirmation,2024-06-04 23:33:43,179.0,False
U0017,U0017_add_on,vpn,cloud_backup,Review,2024-06-05 08:03:42,53.0,False
U0160,U0160_plan,premium,basic,Browsing,2024-06-05 10:51:31,123.0,False
U0160,U0160_plan,basic,premium,Browsing,2024-06-05 10:54:08,157.0,True
U0160,U0160_add_on,antivirus,cloud_backup,Browsing,2024-06-05 10:59:43,293.0,False
U0160,U0160_add_on,cloud_backup,none,Selection,2024-06-05 11:02:22,159.0,False
U0160,U0160_add_on,none,cloud_backup,Selection,2024-06-05 11:04:43,141.0,True
U0160,U0160_payment_method,credit_card,net_banking,Selection,2024-06-05 11:08:48,195.0,False
U0160,U0160_payment_method,net_banking,credit_card,Selection,2024-06-05 11:10:47,119.0,True
U0160,U0160_payment_method,credit_card,upi,Selection,2024-06-05 11:12:50,123.0,False
U0179,U0179_payment_method,credit_card,upi,Confirmation,2024-06-05 13:04:46,943.0,False
U0166,U0166_plan,premium,standard,Browsing,2024-06-06 03:53:55,146.0,False
U0166,U0166_plan,standard,basic,Selection,2024-06-06 03:57:55,240.0,False
U0166,U0166_add_on,antivirus,none,Selection,2024-06-06 03:59:38,73.0,False
U0166,U0166_add_on,none,antivirus,Review,2024-06-06 04:01:26,108.0,True
U0166,U0166_add_on,antivirus,vpn,Review,2024-06-06 04:05:30,244.0,False
U0166,U0166_add_on,vpn,cloud_backup,Review,2024-06-06 04:07:37,127.0,False
U0166,U0166_payment_method,credit_card,upi,Browsing,2024-06-06 04:10:40,160.0,False
U0166,U0166_payment_method,upi,credit_card,Selection,2024-06-06 04:12:19,99.0,True
U0176,U0176_payment_method,net_banking,upi,Review,2024-06-06 05:20:41,6.0,False
U0114,U0114_payment_method,credit_card,net_banking,Browsing,2024-06-06 09:56:27,57.0,False
U0126,U0126_payment_method,net_banking,debit_card,Selection,2024-06-06 17:36:13,142.0,False
U0126,U0126_payment_method,debit_card,net_banking,Selection,2024-06-06 17:37:00,47.0,True
U0126,U0126_payment_method,net_banking,debit_card,Review,2024-06-06 17:38:05,65.0,True
U0071,U0071_payment_method,upi,debit_card,Confirmation,2024-06-06 18:27:16,629.0,False
U0060,U0060_plan,basic,standard,Selection,2024-06-06 18:37:44,37.0,False
U0060,U0060_plan,standard,basic,Review,2024-06-06 18:39:09,85.0,True
U0060,U0060_plan,basic,standard,Confirmation,2024-06-06 18:41:06,117.0,True
U0060,U0060_plan,standard,basic,Confirmation,2024-06-06 18:42:59,113.0,True
U0060,U0060_plan,basic,standard,Confirmation,2024-06-06 18:44:08,69.0,True
U0084,U0084_add_on,cloud_backup,antivirus,Post-commit,2024-06-06 19:13:48,667.0,False
U0100,U0100_payment_method,upi,net_banking,Selection,2024-06-06 22:12:23,46.0,False
U0078,U0078_add_on,none,vpn,Selection,2024-06-07 01:38:20,28.0,False
U0030,U0030_plan,standard,premium,Browsing,2024-06-07 19:52:59,254.0,False
U0030,U0030_plan,premium,standard,Browsing,2024-06-07 19:54:24,85.0,True
U0030,U0030_plan,standard,premium,Selection,2024-06-07 19:56:22,118.0,True
U0030,U0030_add_on,cloud_backup,antivirus,Browsing,2024-06-07 19:58:10,71.0,False
U0030,U0030_add_on,antivirus,none,Browsing,2024-06-07 20:00:24,134.0,False
U0030,U0030_payment_method,net_banking,debit_card,Selection,2024-06-07 20:05:33,283.0,False
U0030,U0030_payment_method,debit_card,upi,Review,2024-06-07 20:08:33,180.0,False
U0030,U0030_payment_method,upi,debit_card,Review,2024-06-07 20:10:20,107.0,True
U0030,U0030_payment_method,debit_card,credit_card,Review,2024-06-07 20:15:20,300.0,False
U0178,U0178_plan,premium,basic,Browsing,2024-06-07 21:12:01,271.0,False
U0178,U0178_plan,basic,premium,Browsing,2024-06-07 21:13:02,61.0,True
U0178,U0178_plan,premium,standard,Browsing,2024-06-07 21:16:25,203.0,False
U0178,U0178_add_on,none,vpn,Selection,2024-06-07 21:18:31,76.0,False
U0178,U0178_add_on,vpn,cloud_backup,Review,2024-06-07 21:22:14,223.0,False
U0178,U0178_add_on,cloud_backup,antivirus,Review,2024-06-07 21:24:20,126.0,False
U0178,U0178_payment_method,debit_card,credit_card,Browsing,2024-06-07 21:28:01,192.0,False
U0178,U0178_payment_method,credit_card,net_banking,Browsing,2024-06-07 21:32:27,266.0,False
U0178,U0178_payment_method,net_banking,upi,Browsing,2024-06-07 21:35:10,163.0,False
U0181,U0181_add_on,vpn,none,Selection,2024-06-08 00:50:36,59.0,False
U0042,U0042_add_on,antivirus,vpn,Selection,2024-06-08 08:12:51,47.0,False
U0083,U0083_add_on,vpn,cloud_backup,Selection,2024-06-08 10:29:54,124.0,False
U0083,U0083_add_on,cloud_backup,vpn,Selection,2024-06-08 10:32:45,171.0,True
U0083,U0083_add_on,vpn,cloud_backup,Review,2024-06-08 10:33:37,52.0,True
U0083,U0083_add_on,cloud_backup,antivirus,Confirmation,2024-06-08 10:36:09,152.0,False
U0083,U0083_add_on,antivirus,vpn,Post-commit,2024-06-08 10:38:23,134.0,True
U0075,U0075_plan,premium,standard,Selection,2024-06-08 11:42:40,76.0,False
U0075,U0075_plan,standard,basic,Selection,2024-06-08 11:46:12,212.0,False
U0075,U0075_plan,basic,premium,Review,2024-06-08 11:50:15,243.0,True
U0075,U0075_plan,premium,basic,Review,2024-06-08 11:51:15,60.0,True
U0075,U0075_add_on,antivirus,vpn,Browsing,2024-06-08 11:55:36,230.0,False
U0075,U0075_add_on,vpn,antivirus,Selection,2024-06-08 11:58:08,152.0,True
U0075,U0075_add_on,antivirus,vpn,Selection,2024-06-08 12:01:27,199.0,True
U0075,U0075_add_on,vpn,cloud_backup,Review,2024-06-08 12:04:48,201.0,False
U0075,U0075_payment_method,net_banking,debit_card,Browsing,2024-06-08 12:07:35,124.0,False
U0075,U0075_payment_method,debit_card,credit_card,Selection,2024-06-08 12:11:56,261.0,False
U0117,U0117_add_on,none,cloud_backup,Post-commit,2024-06-08 15:26:42,1054.0,False
U0090,U0090_plan,standard,basic,Selection,2024-06-08 18:50:16,244.0,False
U0090,U0090_plan,basic,premium,Selection,2024-06-08 18:53:23,187.0,False
U0090,U0090_add_on,vpn,cloud_backup,Selection,2024-06-08 18:55:19,65.0,False
U0090,U0090_add_on,cloud_backup,none,Review,2024-06-08 18:58:28,189.0,False
U0090,U0090_add_on,none,cloud_backup,Review,2024-06-08 19:00:23,115.0,True
U0090,U0090_payment_method,upi,net_banking,Browsing,2024-06-08 19:04:46,212.0,False
U0090,U0090_payment_method,net_banking,upi,Selection,2024-06-08 19:08:38,232.0,True
U0165,U0165_plan,standard,basic,Review,2024-06-08 19:41:00,30.0,False
U0165,U0165_plan,basic,standard,Review,2024-06-08 19:43:17,137.0,True
U0165,U0165_plan,standard,basic,Confirmation,2024-06-08 19:45:53,156.0,True
U0165,U0165_plan,basic,standard,Confirmation,2024-06-08 19:47:59,126.0,True
U0165,U0165_plan,standard,basic,Post-commit,2024-06-08 19:50:56,177.0,True
U0165,U0165_add_on,none,cloud_backup,Review,2024-06-08 19:53:40,126.0,False
U0004,U0004_plan,standard,premium,Browsing,2024-06-09 07:01:31,238.0,False
U0004,U0004_plan,premium,basic,Selection,2024-06-09 07:03:10,99.0,False
U0004,U0004_plan,basic,standard,Selection,2024-06-09 07:04:24,74.0,True
U0004,U0004_add_on,vpn,antivirus,Browsing,2024-06-09 07:05:59,72.0,False
U0004,U0004_add_on,antivirus,none,Browsing,2024-06-09 07:10:54,295.0,False
U0004,U0004_add_on,none,cloud_backup,Browsing,2024-06-09 07:12:08,74.0,False
U0004,U0004_add_on,cloud_backup,antivirus,Selection,2024-06-09 07:16:45,277.0,True
U0004,U0004_payment_method,debit_card,net_banking,Browsing,2024-06-09 07:19:00,90.0,False
U0004,U0004_payment_method,net_banking,credit_card,Browsing,2024-06-09 07:21:03,123.0,False
U0136,U0136_plan,basic,premium,Confirmation,2024-06-09 08:45:06,888.0,False
U0152,U0152_plan,basic,standard,Review,2024-06-09 11:19:50,43.0,False
U0152,U0152_plan,standard,basic,Review,2024-06-09 11:22:32,162.0,True
U0152,U0152_plan,basic,standard,Review,2024-06-09 11:23:19,47.0,True
U0152,U0152_plan,standard,premium,Confirmation,2024-06-09 11:25:08,109.0,False
U0152,U0152_plan,premium,basic,Post-commit,2024-06-09 11:27:34,146.0,True
U0152,U0152_add_on,vpn,antivirus,Review,2024-06-09 11:31:07,154.0,False
U0061,U0061_payment_method,upi,net_banking,Selection,2024-06-09 12:43:12,102.0,False
U0061,U0061_payment_method,net_banking,upi,Review,2024-06-09 12:45:46,154.0,True
U0061,U0061_payment_method,upi,net_banking,Confirmation,2024-06-09 12:47:57,131.0,True
U0061,U0061_add_on,vpn,none,Review,2024-06-09 12:51:42,170.0,False
U0035,U0035_payment_method,debit_card,credit_card,Post-commit,2024-06-09 23:38:33,491.0,False
U0035,U0035_add_on,cloud_backup,none,Confirmation,2024-06-09 23:39:42,672.0,False
U0171,U0171_add_on,cloud_backup,none,Selection,2024-06-10 07:12:00,74.0,False
U0171,U0171_add_on,none,cloud_backup,Review,2024-06-10 07:13:19,79.0,True
U0171,U0171_add_on,cloud_backup,none,Confirmation,2024-06-10 07:14:09,50.0,True
U0171,U0171_add_on,none,antivirus,Post-commit,2024-06-10 07:15:16,67.0,False
U0187,U0187_plan,standard,basic,Post-commit,2024-06-10 12:42:28,1010.0,False
U0014,U0014_plan,standard,premium,Review,2024-06-10 18:02:35,24.0,False
U0074,U0074_plan,basic,premium,Selection,2024-06-10 21:29:17,103.0,False
U0074,U0074_plan,premium,basic,Review,2024-06-10 21:30:22,65.0,True
U0074,U0074_plan,basic,premium,Confirmation,2024-06-10 21:30:53,31.0,True
U0074,U0074_payment_method,credit_card,debit_card,Review,2024-06-10 21:33:57,91.0,False
U0024,U0024_add_on,none,antivirus,Confirmation,2024-06-11 03:55:09,638.0,False
U0024,U0024_payment_method,credit_card,debit_card,Confirmation,2024-06-11 03:56:04,619.0,False
U0013,U0013_add_on,none,vpn,Confirmation,2024-06-11 17:13:46,1032.0,False
U0013,U0013_plan,premium,standard,Confirmation,2024-06-11 17:15:35,1261.0,False
U0189,U0189_add_on,none,antivirus,Confirmation,2024-06-12 08:08:06,477.0,False
U0169,U0169_add_on,vpn,cloud_backup,Browsing,2024-06-12 11:10:35,34.0,False
U0140,U0140_payment_method,debit_card,credit_card,Review,2024-06-12 11:47:33,46.0,False
U0058,U0058_plan,premium,standard,Browsing,2024-06-12 12:22:13,210.0,False
U0058,U0058_plan,standard,premium,Selection,2024-06-12 12:26:04,231.0,True
U0058,U0058_add_on,antivirus,cloud_backup,Browsing,2024-06-12 12:28:40,133.0,False
U0058,U0058_add_on,cloud_backup,none,Browsing,2024-06-12 12:30:06,86.0,False
U0058,U0058_add_on,none,cloud_backup,Browsing,2024-06-12 12:31:45,99.0,True
U0058,U0058_add_on,cloud_backup,antivirus,Selection,2024-06-12 12:36:21,276.0,True
U0058,U0058_payment_method,credit_card,upi,Selection,2024-06-12 12:40:24,206.0,False
U0058,U0058_payment_method,upi,net_banking,Selection,2024-06-12 12:45:00,276.0,False
U0058,U0058_payment_method,net_banking,upi,Selection,2024-06-12 12:48:37,217.0,True
U0052,U0052_add_on,cloud_backup,vpn,Selection,2024-06-12 23:51:05,55.0,False
U0052,U0052_add_on,vpn,cloud_backup,Selection,2024-06-12 23:52:46,101.0,True
U0052,U0052_add_on,cloud_backup,vpn,Review,2024-06-12 23:54:11,85.0,True
U0052,U0052_add_on,vpn,cloud_backup,Confirmation,2024-06-12 23:55:41,90.0,True
U0052,U0052_add_on,cloud_backup,antivirus,Confirmation,2024-06-12 23:57:45,124.0,False
U0052,U0052_plan,basic,premium,Review,2024-06-13 00:00:01,91.0,False
U0131,U0131_payment_method,net_banking,credit_card,Selection,2024-06-13 04:52:10,129.0,False
U0131,U0131_payment_method,credit_card,net_banking,Selection,2024-06-13 04:53:32,82.0,True
U0131,U0131_payment_method,net_banking,credit_card,Selection,2024-06-13 04:54:18,46.0,True
U0131,U0131_payment_method,credit_card,debit_card,Review,2024-06-13 04:57:05,167.0,False
U0131,U0131_plan,standard,premium,Review,2024-06-13 05:00:37,185.0,False
U0131,U0131_add_on,antivirus,cloud_backup,Review,2024-06-13 05:04:04,150.0,False
U0127,U0127_payment_method,credit_card,net_banking,Selection,2024-06-13 08:38:11,167.0,False
U0127,U0127_payment_method,net_banking,credit_card,Selection,2024-06-13 08:39:02,51.0,True
U0127,U0127_payment_method,credit_card,net_banking,Selection,2024-06-13 08:41:02,120.0,True
U0127,U0127_payment_method,net_banking,upi,Selection,2024-06-13 08:41:43,41.0,False
U0127,U0127_payment_method,upi,debit_card,Selection,2024-06-13 08:43:55,132.0,False
U0127,U0127_plan,basic,standard,Review,2024-06-13 08:46:11,116.0,False
U0200,U0200_plan,premium,standard,Browsing,2024-06-13 10:30:30,60.0,False
U0200,U0200_plan,standard,basic,Browsing,2024-06-13 10:35:17,287.0,False
U0200,U0200_add_on,antivirus,none,Browsing,2024-06-13 10:38:31,153.0,False
U0200,U0200_add_on,none,antivirus,Selection,2024-06-13 10:43:07,276.0,True
U0200,U0200_add_on,antivirus,cloud_backup,Selection,2024-06-13 10:47:23,256.0,False
U0200,U0200_add_on,cloud_backup,antivirus,Selection,2024-06-13 10:51:26,243.0,True
U0200,U0200_payment_method,credit_card,debit_card,Browsing,2024-06-13 10:56:06,254.0,False
U0200,U0200_payment_method,debit_card,net_banking,Selection,2024-06-13 10:58:33,147.0,False
U0200,U0200_payment_method,net_banking,upi,Review,2024-06-13 11:02:57,264.0,False
U0124,U0124_plan,premium,basic,Review,2024-06-13 17:59:30,127.0,False
U0124,U0124_plan,basic,premium,Confirmation,2024-06-13 18:01:17,107.0,True
U0124,U0124_plan,premium,basic,Post-commit,2024-06-13 18:02:03,46.0,True
U0041,U0041_plan,standard,premium,Browsing,2024-06-13 19:12:41,176.0,False
U0041,U0041_plan,premium,basic,Browsing,2024-06-13 19:14:29,108.0,False
U0041,U0041_plan,basic,premium,Selection,2024-06-13 19:19:10,281.0,True
U0041,U0041_add_on,vpn,antivirus,Browsing,2024-06-13 19:21:42,132.0,False
U0041,U0041_add_on,antivirus,cloud_backup,Browsing,2024-06-13 19:25:10,208.0,False
U0041,U0041_add_on,cloud_backup,antivirus,Selection,2024-06-13 19:29:51,281.0,True
U0041,U0041_payment_method,upi,debit_card,Browsing,2024-06-13 19:33:53,201.0,False
U0041,U0041_payment_method,debit_card,credit_card,Browsing,2024-06-13 19:36:49,176.0,False
U0041,U0041_payment_method,credit_card,upi,Selection,2024-06-13 19:40:47,238.0,True
U0190,U0190_plan,basic,standard,Selection,2024-06-13 20:07:41,124.0,False
U0190,U0190_plan,standard,basic,Selection,2024-06-13 20:09:33,112.0,True
U0190,U0190_plan,basic,standard,Review,2024-06-13 20:11:50,137.0,True
U0190,U0190_add_on,vpn,cloud_backup,Browsing,2024-06-13 20:16:24,215.0,False
U0190,U0190_add_on,cloud_backup,antivirus,Browsing,2024-06-13 20:20:56,272.0,False
U0190,U0190_add_on,antivirus,cloud_backup,Browsing,2024-06-13 20:25:00,244.0,True
U0190,U0190_add_on,cloud_backup,vpn,Browsing,2024-06-13 20:26:29,89.0,True
U0190,U0190_payment_method,debit_card,credit_card,Browsing,2024-06-13 20:31:37,272.0,False
U0190,U0190_payment_method,credit_card,upi,Browsing,2024-06-13 20:34:08,151.0,False
U0095,U0095_payment_method,debit_card,net_banking,Post-commit,2024-06-13 21:48:37,710.0,False
U0095,U0095_plan,premium,basic,Post-commit,2024-06-13 21:50:05,1019.0,False
U0015,U0015_payment_method,debit_card,upi,Post-commit,2024-06-13 23:03:16,979.0,False
U0015,U0015_plan,premium,basic,Post-commit,2024-06-13 23:04:51,1227.0,False
U0080,U0080_plan,premium,basic,Selection,2024-06-14 01:42:13,199.0,False
U0080,U0080_plan,basic,premium,Review,2024-06-14 01:43:33,80.0,True
U0080,U0080_plan,premium,standard,Confirmation,2024-06-14 01:45:51,138.0,False
U0080,U0080_add_on,antivirus,cloud_backup,Selection,2024-06-14 01:49:27,174.0,False
U0080,U0080_add_on,cloud_backup,vpn,Selection,2024-06-14 01:53:04,217.0,False
U0080,U0080_payment_method,credit_card,upi,Browsing,2024-06-14 01:57:19,231.0,False
U0080,U0080_payment_method,upi,net_banking,Browsing,2024-06-14 02:00:30,191.0,False
U0080,U0080_payment_method,net_banking,credit_card,Browsing,2024-06-14 02:02:10,100.0,True
U0080,U0080_payment_method,credit_card,upi,Browsing,2024-06-14 02:06:47,277.0,True
U0167,U0167_add_on,cloud_backup,none,Selection,2024-06-14 03:54:24,6.0,False
U0186,U0186_add_on,antivirus,none,Selection,2024-06-14 05:13:31,166.0,False
U0186,U0186_add_on,none,antivirus,Selection,2024-06-14 05:14:04,33.0,True
U0186,U0186_add_on,antivirus,none,Review,2024-06-14 05:16:49,165.0,True
U0186,U0186_plan,premium,standard,Review,2024-06-14 05:19:52,148.0,False
U0010,U0010_plan,standard,basic,Selection,2024-06-14 05:29:09,55.0,False
U0037,U0037_payment_method,debit_card,net_banking,Browsing,2024-06-14 11:15:09,58.0,False
U0130,U0130_payment_method,upi,net_banking,Review,2024-06-14 11:29:46,41.0,False
U0130,U0130_payment_method,net_banking,upi,Review,2024-06-14 11:31:43,117.0,True
U0130,U0130_payment_method,upi,net_banking,Confirmation,2024-06-14 11:32:55,72.0,True
U0130,U0130_payment_method,net_banking,credit_card,Post-commit,2024-06-14 11:35:46,171.0,False
U0047,U0047_payment_method,net_banking,debit_card,Confirmation,2024-06-14 14:15:52,512.0,False
U0047,U0047_add_on,antivirus,vpn,Post-commit,2024-06-14 14:16:59,670.0,False
U0134,U0134_plan,premium,basic,Review,2024-06-14 15:36:23,104.0,False
U0134,U0134_plan,basic,premium,Confirmation,2024-06-14 15:39:10,167.0,True
U0134,U0134_plan,premium,basic,Post-commit,2024-06-14 15:41:37,147.0,True
U0122,U0122_add_on,antivirus,vpn,Browsing,2024-06-14 16:14:48,40.0,False
U0082,U0082_payment_method,net_banking,credit_card,Review,2024-06-14 17:20:30,64.0,False
U0082,U0082_payment_method,credit_card,net_banking,Review,2024-06-14 17:22:53,143.0,True
U0082,U0082_payment_method,net_banking,credit_card,Review,2024-06-14 17:24:44,111.0,True
U0082,U0082_add_on,vpn,none,Review,2024-06-14 17:27:57,111.0,False
U0088,U0088_plan,standard,premium,Post-commit,2024-06-14 22:48:12,815.0,False
U0046,U0046_add_on,antivirus,vpn,Browsing,2024-06-15 04:04:42,23.0,False
U0112,U0112_add_on,cloud_backup,vpn,Post-commit,2024-06-15 07:50:59,1047.0,False
U0112,U0112_plan,standard,premium,Confirmation,2024-06-15 07:51:58,1154.0,False
U0016,U0016_plan,basic,premium,Browsing,2024-06-15 12:44:15,132.0,False
U0016,U0016_plan,premium,basic,Browsing,2024-06-15 12:45:38,83.0,True
U0016,U0016_plan,basic,standard,Selection,2024-06-15 12:49:30,232.0,False
U0016,U0016_plan,standard,basic,Review,2024-06-15 12:51:07,97.0,True
U0016,U0016_add_on,none,antivirus,Browsing,2024-06-15 12:54:42,166.0,False
U0016,U0016_add_on,antivirus,cloud_backup,Browsing,2024-06-15 12:56:31,109.0,False
U0016,U0016_add_on,cloud_backup,none,Selection,2024-06-15 12:59:37,186.0,True
U0016,U0016_payment_method,credit_card,debit_card,Selection,2024-06-15 13:04:22,259.0,False
U0016,U0016_payment_method,debit_card,net_banking,Selection,2024-06-15 13:08:47,265.0,False
U0016,U0016_payment_method,net_banking,credit_card,Review,2024-06-15 13:11:45,178.0,True
U0016,U0016_payment_method,credit_card,upi,Review,2024-06-15 13:16:39,294.0,False
U0065,U0065_payment_method,upi,net_banking,Post-commit,2024-06-16 03:55:51,396.0,False
U0027,U0027_add_on,vpn,antivirus,Selection,2024-06-16 03:55:58,22.0,False
U0065,U0065_add_on,none,vpn,Post-commit,2024-06-16 03:57:18,548.0,False
U0125,U0125_plan,basic,standard,Selection,2024-06-16 05:00:55,87.0,False
U0125,U0125_plan,standard,premium,Review,2024-06-16 05:03:36,161.0,False
U0125,U0125_plan,premium,standard,Review,2024-06-16 05:08:01,265.0,True
U0125,U0125_plan,standard,basic,Confirmation,2024-06-16 05:10:26,145.0,True
U0125,U0125_add_on,vpn,cloud_backup,Selection,2024-06-16 05:15:21,237.0,False
U0125,U0125_add_on,cloud_backup,vpn,Selection,2024-06-16 05:17:06,105.0,True
U0125,U0125_add_on,vpn,antivirus,Selection,2024-06-16 05:19:20,134.0,False
U0125,U0125_payment_method,debit_card,upi,Selection,2024-06-16 05:22:36,156.0,False
U0125,U0125_payment_method,upi,net_banking,Review,2024-06-16 05:25:09,153.0,False
U0125,U0125_payment_method,net_banking,upi,Review,2024-06-16 05:27:00,111.0,True
U0109,U0109_plan,basic,premium,Browsing,2024-06-16 10:51:35,141.0,False
U0109,U0109_plan,premium,basic,Selection,2024-06-16 10:53:35,120.0,True
U0109,U0109_plan,basic,premium,Selection,2024-06-16 10:57:24,229.0,True
U0109,U0109_add_on,vpn,antivirus,Browsing,2024-06-16 11:01:09,202.0,False
U0109,U0109_add_on,antivirus,vpn,Selection,2024-06-16 11:06:02,293.0,True
U0109,U0109_add_on,vpn,none,Selection,2024-06-16 11:08:51,169.0,False
U0109,U0109_payment_method,net_banking,debit_card,Browsing,2024-06-16 11:12:05,141.0,False
U0109,U0109_payment_method,debit_card,credit_card,Selection,2024-06-16 11:13:43,98.0,False
U0109,U0109_payment_method,credit_card,debit_card,Selection,2024-06-16 11:17:56,253.0,True
U0138,U0138_plan,premium,standard,Browsing,2024-06-16 19:18:09,176.0,False
U0138,U0138_plan,standard,basic,Selection,2024-06-16 19:21:37,208.0,False
U0138,U0138_plan,basic,premium,Selection,2024-06-16 19:25:44,247.0,True
U0138,U0138_add_on,antivirus,cloud_backup,Browsing,2024-06-16 19:29:06,169.0,False
U0093,U0093_payment_method,net_banking,debit_card,Post-commit,2024-06-16 19:30:31,908.0,False
U0138,U0138_add_on,cloud_backup,vpn,Selection,2024-06-16 19:31:14,128.0,False
U0093,U0093_add_on,vpn,cloud_backup,Post-commit,2024-06-16 19:32:27,1144.0,False
U0138,U0138_payment_method,debit_card,upi,Selection,2024-06-16 19:36:48,278.0,False
U0138,U0138_payment_method,upi,credit_card,Selection,2024-06-16 19:41:36,288.0,False
U0138,U0138_payment_method,credit_card,upi,Review,2024-06-16 19:42:47,71.0,True
U0101,U0101_plan,premium,basic,Selection,2024-06-17 01:33:31,129.0,False
U0101,U0101_plan,basic,premium,Review,2024-06-17 01:35:55,144.0,True
U0101,U0101_add_on,vpn,cloud_backup,Browsing,2024-06-17 01:37:29,63.0,False
U0101,U0101_add_on,cloud_backup,none,Browsing,2024-06-17 01:40:54,205.0,False
U0101,U0101_add_on,none,antivirus,Browsing,2024-06-17 01:42:38,104.0,False
U0101,U0101_add_on,antivirus,cloud_backup,Selection,2024-06-17 01:47:27,289.0,True
U0101,U0101_payment_method,upi,credit_card,Browsing,2024-06-17 01:50:34,162.0,False
U0101,U0101_payment_method,credit_card,debit_card,Selection,2024-06-17 01:52:09,95.0,False
U0101,U0101_payment_method,debit_card,credit_card,Review,2024-06-17 01:53:10,61.0,True
U0101,U0101_payment_method,credit_card,upi,Review,2024-06-17 01:56:04,174.0,True
U0162,U0162_plan,standard,premium,Browsing,2024-06-17 03:05:24,111.0,False
U0162,U0162_plan,premium,standard,Selection,2024-06-17 03:09:27,243.0,True
U0162,U0162_add_on,none,cloud_backup,Browsing,2024-06-17 03:13:26,210.0,False
U0162,U0162_add_on,cloud_backup,antivirus,Selection,2024-06-17 03:17:44,258.0,False
U0162,U0162_payment_method,credit_card,upi,Browsing,2024-06-17 03:22:27,240.0,False
U0162,U0162_payment_method,upi,debit_card,Selection,2024-06-17 03:25:57,210.0,False
U0162,U0162_payment_method,debit_card,credit_card,Review,2024-06-17 03:28:19,142.0,True
U0161,U0161_payment_method,debit_card,credit_card,Review,2024-06-17 08:18:14,120.0,False
U0161,U0161_payment_method,credit_card,debit_card,Review,2024-06-17 08:20:05,111.0,True
U0161,U0161_payment_method,debit_card,credit_card,Review,2024-06-17 08:20:42,37.0,True
U0161,U0161_payment_method,credit_card,debit_card,Confirmation,2024-06-17 08:23:36,174.0,True
U0161,U0161_add_on,none,cloud_backup,Review,2024-06-17 08:26:51,116.0,False
U0050,U0050_add_on,cloud_backup,antivirus,Selection,2024-06-17 12:24:40,105.0,False
U0050,U0050_add_on,antivirus,cloud_backup,Selection,2024-06-17 12:25:39,59.0,True
U0050,U0050_add_on,cloud_backup,antivirus,Selection,2024-06-17 12:26:45,66.0,True
U0050,U0050_add_on,antivirus,vpn,Review,2024-06-17 12:28:56,131.0,False
U0106,U0106_plan,standard,basic,Selection,2024-06-17 13:40:46,134.0,False
U0106,U0106_plan,basic,standard,Selection,2024-06-17 13:43:03,137.0,True
U0106,U0106_plan,standard,basic,Selection,2024-06-17 13:45:10,127.0,True
U0106,U0106_plan,basic,premium,Review,2024-06-17 13:47:16,126.0,False
U0106,U0106_add_on,vpn,cloud_backup,Review,2024-06-17 13:51:00,197.0,False
U0146,U0146_plan,basic,standard,Selection,2024-06-17 17:23:48,42.0,False
U0098,U0098_plan,standard,premium,Browsing,2024-06-18 03:35:12,91.0,False
U0098,U0098_plan,premium,standard,Browsing,2024-06-18 03:40:01,289.0,True
U0098,U0098_plan,standard,premium,Browsing,2024-06-18 03:44:18,257.0,True
U0098,U0098_plan,premium,basic,Selection,2024-06-18 03:45:28,70.0,False
U0098,U0098_add_on,antivirus,none,Selection,2024-06-18 03:50:15,251.0,False
U0098,U0098_add_on,none,antivirus,Selection,2024-06-18 03:54:46,271.0,True
U0098,U0098_add_on,antivirus,none,Review,2024-06-18 03:58:44,238.0,True
U0098,U0098_payment_method,debit_card,net_banking,Browsing,2024-06-18 04:00:31,72.0,False
U0098,U0098_payment_method,net_banking,credit_card,Browsing,2024-06-18 04:02:28,117.0,False
U0098,U0098_payment_method,credit_card,net_banking,Selection,2024-06-18 04:03:53,85.0,True
U0098,U0098_payment_method,net_banking,credit_card,Review,2024-06-18 04:06:53,180.0,True
U0092,U0092_add_on,none,antivirus,Review,2024-06-18 04:33:33,145.0,False
U0092,U0092_add_on,antivirus,none,Review,2024-06-18 04:34:33,60.0,True
U0092,U0092_add_on,none,antivirus,Review,2024-06-18 04:36:43,130.0,True
U0092,U0092_add_on,antivirus,vpn,Review,2024-06-18 04:38:39,116.0,False
U0092,U0092_add_on,vpn,none,Review,2024-06-18 04:39:45,66.0,True
U0092,U0092_plan,premium,standard,Review,2024-06-18 04:41:42,95.0,False
U0038,U0038_plan,premium,basic,Selection,2024-06-18 22:47:46,207.0,False
U0038,U0038_plan,basic,premium,Selection,2024-06-18 22:50:46,180.0,True
U0038,U0038_add_on,cloud_backup,vpn,Browsing,2024-06-18 22:54:34,171.0,False
U0038,U0038_add_on,vpn,cloud_backup,Selection,2024-06-18 22:55:57,83.0,True
U0038,U0038_add_on,cloud_backup,none,Review,2024-06-18 22:58:22,145.0,False
U0038,U0038_payment_method,upi,net_banking,Selection,2024-06-18 23:03:05,237.0,False
U0038,U0038_payment_method,net_banking,upi,Selection,2024-06-18 23:05:47,162.0,True
U0023,U0023_payment_method,debit_card,upi,Selection,2024-06-19 02:13:16,21.0,False
U0036,U0036_payment_method,upi,debit_card,Selection,2024-06-19 04:29:26,39.0,False
U0121,U0121_payment_method,upi,debit_card,Review,2024-06-19 11:45:12,99.0,False
U0121,U0121_payment_method,debit_card,upi,Confirmation,2024-06-19 11:47:13,121.0,True
U0121,U0121_payment_method,upi,debit_card,Post-commit,2024-06-19 11:50:12,179.0,True
U0121,U0121_payment_method,debit_card,credit_card,Post-commit,2024-06-19 11:51:57,105.0,False
U0121,U0121_payment_method,credit_card,upi,Post-commit,2024-06-19 11:52:48,51.0,True
U0006,U0006_payment_method,credit_card,upi,Post-commit,2024-06-19 16:38:31,566.0,False
U0132,U0132_payment_method,upi,debit_card,Browsing,2024-06-19 20:33:42,20.0,False
U0005,U0005_add_on,vpn,none,Review,2024-06-19 21:59:34,110.0,False
U0005,U0005_add_on,none,vpn,Confirmation,2024-06-19 22:00:37,63.0,True
U0005,U0005_add_on,vpn,none,Post-commit,2024-06-19 22:01:25,48.0,True
U0005,U0005_add_on,none,cloud_backup,Post-commit,2024-06-19 22:04:19,174.0,False
U0005,U0005_add_on,cloud_backup,antivirus,Post-commit,2024-06-19 22:05:43,84.0,False
U0057,U0057_plan,premium,standard,Browsing,2024-06-20 01:33:47,157.0,False
U0057,U0057_plan,standard,premium,Browsing,2024-06-20 01:36:43,176.0,True
U0057,U0057_plan,premium,basic,Browsing,2024-06-20 01:38:08,85.0,False
U0057,U0057_plan,basic,standard,Browsing,2024-06-20 01:42:46,278.0,True
U0057,U0057_add_on,antivirus,cloud_backup,Selection,2024-06-20 01:46:05,165.0,False
U0057,U0057_add_on,cloud_backup,none,Review,2024-06-20 01:48:47,162.0,False
U0057,U0057_add_on,none,antivirus,Confirmation,2024-06-20 01:51:07,140.0,True
U0057,U0057_payment_method,upi,credit_card,Browsing,2024-06-20 01:55:31,235.0,False
U0057,U0057_payment_method,credit_card,debit_card,Browsing,2024-06-20 01:56:54,83.0,False
U0057,U0057_payment_method,debit_card,net_banking,Selection,2024-06-20 01:59:44,170.0,False
U0182,U0182_payment_method,net_banking,debit_card,Review,2024-06-20 08:49:48,24.0,False
U0145,U0145_plan,premium,basic,Review,2024-06-20 16:09:39,107.0,False
U0145,U0145_plan,basic,premium,Review,2024-06-20 16:12:19,160.0,True
U0145,U0145_plan,premium,basic,Review,2024-06-20 16:14:04,105.0,True
U0145,U0145_plan,basic,premium,Confirmation,2024-06-20 16:15:35,91.0,True
U0145,U0145_plan,premium,standard,Confirmation,2024-06-20 16:17:06,91.0,False
U0197,U0197_plan,premium,basic,Browsing,2024-06-20 23:40:00,256.0,False
U0197,U0197_plan,basic,standard,Browsing,2024-06-20 23:43:51,231.0,False
U0197,U0197_add_on,cloud_backup,antivirus,Browsing,2024-06-20 23:47:09,148.0,False
U0197,U0197_add_on,antivirus,vpn,Selection,2024-06-20 23:49:47,158.0,False
U0197,U0197_add_on,vpn,none,Selection,2024-06-20 23:54:35,288.0,False
U0197,U0197_payment_method,debit_card,upi,Selection,2024-06-21 00:00:04,277.0,False
U0197,U0197_payment_method,upi,debit_card,Review,2024-06-21 00:04:46,282.0,True
U0070,U0070_plan,standard,basic,Browsing,2024-06-21 05:50:20,93.0,False
U0070,U0070_plan,basic,premium,Browsing,2024-06-21 05:52:39,139.0,False
U0070,U0070_plan,premium,basic,Selection,2024-06-21 05:57:07,268.0,True
U0070,U0070_add_on,antivirus,cloud_backup,Selection,2024-06-21 06:00:31,152.0,False
U0070,U0070_add_on,cloud_backup,vpn,Selection,2024-06-21 06:02:17,106.0,False
U0070,U0070_add_on,vpn,none,Review,2024-06-21 06:06:33,256.0,False
U0070,U0070_add_on,none,vpn,Confirmation,2024-06-21 06:08:08,95.0,True
U0070,U0070_payment_method,credit_card,debit_card,Browsing,2024-06-21 06:13:33,284.0,False
U0070,U0070_payment_method,debit_card,credit_card,Selection,2024-06-21 06:17:05,212.0,True
U0164,U0164_plan,standard,basic,Browsing,2024-06-21 07:15:44,247.0,False
U0164,U0164_plan,basic,premium,Browsing,2024-06-21 07:17:29,105.0,False
U0164,U0164_add_on,none,antivirus,Selection,2024-06-21 07:21:34,214.0,False
U0164,U0164_add_on,antivirus,none,Selection,2024-06-21 07:23:30,116.0,True
U0164,U0164_add_on,none,vpn,Review,2024-06-21 07:28:29,299.0,False
U0164,U0164_add_on,vpn,cloud_backup,Confirmation,2024-06-21 07:32:39,250.0,False
U0164,U0164_payment_method,debit_card,net_banking,Browsing,2024-06-21 07:38:25,286.0,False
U0164,U0164_payment_method,net_banking,debit_card,Browsing,2024-06-21 07:42:16,231.0,True
U0164,U0164_payment_method,debit_card,credit_card,Selection,2024-06-21 07:45:10,174.0,False
U0003,U0003_payment_method,credit_card,debit_card,Review,2024-06-21 12:51:56,116.0,False
U0003,U0003_payment_method,debit_card,credit_card,Confirmation,2024-06-21 12:53:14,78.0,True
U0003,U0003_payment_method,credit_card,debit_card,Post-commit,2024-06-21 12:54:30,76.0,True
U0003,U0003_payment_method,debit_card,upi,Post-commit,2024-06-21 12:55:19,49.0,False
U0003,U0003_payment_method,upi,credit_card,Post-commit,2024-06-21 12:58:09,170.0,True
U0003,U0003_plan,basic,premium,Review,2024-06-21 13:01:48,184.0,False
U0003,U0003_add_on,antivirus,cloud_backup,Review,2024-06-21 13:03:11,60.0,False
U0128,U0128_payment_method,net_banking,credit_card,Selection,2024-06-21 17:19:53,10.0,False
U0105,U0105_payment_method,credit_card,upi,Review,2024-06-21 17:50:16,44.0,False
U0105,U0105_payment_method,upi,credit_card,Confirmation,2024-06-21 17:52:32,136.0,True
U0105,U0105_payment_method,credit_card,upi,Confirmation,2024-06-21 17:55:25,173.0,True
U0105,U0105_payment_method,upi,net_banking,Post-commit,2024-06-21 17:57:13,108.0,False
U0180,U0180_payment_method,net_banking,upi,Confirmation,2024-06-21 22:22:16,636.0,False
U0180,U0180_add_on,cloud_backup,none,Confirmation,2024-06-21 22:23:31,757.0,False
U0156,U0156_payment_method,upi,credit_card,Selection,2024-06-22 08:33:32,89.0,False
U0156,U0156_payment_method,credit_card,upi,Review,2024-06-22 08:34:36,64.0,True
U0156,U0156_payment_method,upi,credit_card,Confirmation,2024-06-22 08:35:48,72.0,True
U0156,U0156_payment_method,credit_card,debit_card,Post-commit,2024-06-22 08:38:02,134.0,False
U0141,U0141_plan,standard,basic,Browsing,2024-06-22 10:40:32,13.0,False
U0009,U0009_payment_method,upi,credit_card,Browsing,2024-06-22 12:08:15,40.0,False
U0045,U0045_plan,premium,standard,Selection,2024-06-22 21:32:35,218.0,False
U0045,U0045_plan,standard,premium,Selection,2024-06-22 21:34:33,118.0,True
U0045,U0045_plan,premium,basic,Selection,2024-06-22 21:35:58,85.0,False
U0045,U0045_add_on,cloud_backup,vpn,Selection,2024-06-22 21:41:28,291.0,False
U0045,U0045_add_on,vpn,cloud_backup,Review,2024-06-22 21:45:51,263.0,True
U0045,U0045_add_on,cloud_backup,none,Confirmation,2024-06-22 21:48:26,155.0,False
U0045,U0045_payment_method,net_banking,credit_card,Browsing,2024-06-22 21:53:16,234.0,False
U0045,U0045_payment_method,credit_card,upi,Selection,2024-06-22 21:55:00,104.0,False
U0045,U0045_payment_method,upi,debit_card,Selection,2024-06-22 21:58:38,218.0,False
U0045,U0045_payment_method,debit_card,credit_card,Selection,2024-06-22 22:03:31,293.0,True
U0055,U0055_payment_method,net_banking,credit_card,Selection,2024-06-23 03:40:10,48.0,False
U0076,U0076_payment_method,upi,credit_card,Selection,2024-06-23 07:47:00,46.0,False
U0173,U0173_plan,premium,standard,Selection,2024-06-24 02:05:02,167.0,False
U0173,U0173_plan,standard,premium,Selection,2024-06-24 02:06:39,97.0,True
U0173,U0173_plan,premium,standard,Review,2024-06-24 02:09:35,176.0,True
U0173,U0173_plan,standard,premium,Confirmation,2024-06-24 02:11:15,100.0,True
U0089,U0089_add_on,antivirus,vpn,Post-commit,2024-06-24 03:54:25,716.0,False
U0011,U0011_payment_method,upi,credit_card,Post-commit,2024-06-24 17:55:20,673.0,False
U0011,U0011_plan,basic,premium,Confirmation,2024-06-24 17:55:54,841.0,False
U0054,U0054_plan,basic,standard,Post-commit,2024-06-24 23:58:13,1033.0,False
U0054,U0054_payment_method,credit_card,net_banking,Confirmation,2024-06-24 23:58:48,881.0,False
U0147,U0147_payment_method,upi,credit_card,Confirmation,2024-06-25 00:35:46,921.0,False
U0147,U0147_add_on,cloud_backup,vpn,Post-commit,2024-06-25 00:37:31,1066.0,False
U0026,U0026_plan,basic,premium,Selection,2024-06-25 05:20:58,196.0,False
U0026,U0026_plan,premium,standard,Selection,2024-06-25 05:22:15,77.0,False
U0026,U0026_plan,standard,premium,Selection,2024-06-25 05:23:18,63.0,True
U0026,U0026_plan,premium,standard,Review,2024-06-25 05:24:45,87.0,True
U0026,U0026_add_on,antivirus,vpn,Selection,2024-06-25 05:28:05,171.0,False
U0026,U0026_add_on,vpn,antivirus,Review,2024-06-25 05:31:51,226.0,True
U0026,U0026_add_on,antivirus,cloud_backup,Confirmation,2024-06-25 05:36:09,258.0,False
U0026,U0026_add_on,cloud_backup,vpn,Confirmation,2024-06-25 05:40:40,271.0,True
U0026,U0026_payment_method,debit_card,credit_card,Browsing,2024-06-25 05:43:16,131.0,False
U0026,U0026_payment_method,credit_card,net_banking,Selection,2024-06-25 05:47:28,252.0,False
U0026,U0026_payment_method,net_banking,credit_card,Review,2024-06-25 05:51:19,231.0,True
U0073,U0073_add_on,vpn,none,Selection,2024-06-25 20:03:21,29.0,False
U0051,U0051_add_on,cloud_backup,vpn,Selection,2024-06-26 00:12:03,173.0,False
U0051,U0051_add_on,vpn,cloud_backup,Selection,2024-06-26 00:13:29,86.0,True
U0051,U0051_add_on,cloud_backup,vpn,Selection,2024-06-26 00:15:57,148.0,True
U0051,U0051_payment_method,net_banking,credit_card,Review,2024-06-26 00:20:03,197.0,False
U0077,U0077_payment_method,net_banking,credit_card,Selection,2024-06-26 05:54:33,64.0,False
U0077,U0077_payment_method,credit_card,net_banking,Review,2024-06-26 05:57:00,147.0,True
U0077,U0077_payment_method,net_banking,credit_card,Review,2024-06-26 05:57:41,41.0,True
U0129,U0129_payment_method,net_banking,credit_card,Browsing,2024-06-26 06:36:31,35.0,False
U0192,U0192_plan,standard,basic,Browsing,2024-06-26 09:23:53,83.0,False
U0192,U0192_plan,basic,premium,Browsing,2024-06-26 09:27:58,245.0,False
U0192,U0192_plan,premium,standard,Selection,2024-06-26 09:31:42,224.0,True
U0192,U0192_plan,standard,basic,Review,2024-06-26 09:33:49,127.0,True
U0192,U0192_add_on,none,vpn,Browsing,2024-06-26 09:36:59,152.0,False
U0192,U0192_add_on,vpn,none,Browsing,2024-06-26 09:39:48,169.0,True
U0192,U0192_payment_method,credit_card,upi,Browsing,2024-06-26 09:44:05,229.0,False
U0192,U0192_payment_method,upi,net_banking,Browsing,2024-06-26 09:46:36,151.0,False
U0194,U0194_payment_method,credit_card,debit_card,Review,2024-06-26 09:46:54,59.0,False
U0025,U0025_plan,basic,standard,Selection,2024-06-26 12:16:48,92.0,False
U0025,U0025_plan,standard,premium,Selection,2024-06-26 12:20:12,204.0,False
U0025,U0025_plan,premium,standard,Review,2024-06-26 12:24:11,239.0,True
U0025,U0025_plan,standard,basic,Review,2024-06-26 12:25:53,102.0,True
U0025,U0025_add_on,vpn,cloud_backup,Selection,2024-06-26 12:29:47,208.0,False
U0025,U0025_add_on,cloud_backup,vpn,Selection,2024-06-26 12:33:14,207.0,True
U0025,U0025_payment_method,debit_card,net_banking,Browsing,2024-06-26 12:37:09,211.0,False
U0025,U0025_payment_method,net_banking,debit_card,Selection,2024-06-26 12:39:11,122.0,True
U0025,U0025_payment_method,debit_card,credit_card,Selection,2024-06-26 12:43:48,277.0,False
U0064,U0064_plan,standard,premium,Browsing,2024-06-26 16:05:22,162.0,False
U0064,U0064_plan,premium,standard,Selection,2024-06-26 16:10:04,282.0,True
U0064,U0064_add_on,vpn,none,Browsing,2024-06-26 16:11:53,79.0,False
U0064,U0064_add_on,none,vpn,Browsing,2024-06-26 16:15:08,195.0,True
U0064,U0064_payment_method,debit_card,credit_card,Selection,2024-06-26 16:17:09,86.0,False
U0064,U0064_payment_method,credit_card,net_banking,Selection,2024-06-26 16:18:53,104.0,False
U0064,U0064_payment_method,net_banking,upi,Review,2024-06-26 16:20:12,79.0,False
U0085,U0085_plan,premium,basic,Confirmation,2024-06-26 17:25:35,1207.0,False
U0085,U0085_add_on,none,antivirus,Post-commit,2024-06-26 17:26:10,1148.0,False
U0110,U0110_payment_method,debit_card,credit_card,Post-commit,2024-06-26 19:46:32,620.0,False
U0110,U0110_plan,basic,premium,Confirmation,2024-06-26 19:47:49,877.0,False
U0012,U0012_plan,basic,standard,Selection,2024-06-27 02:14:31,149.0,False
U0012,U0012_plan,standard,basic,Review,2024-06-27 02:16:28,117.0,True
U0012,U0012_add_on,vpn,cloud_backup,Selection,2024-06-27 02:21:46,281.0,False
U0012,U0012_add_on,cloud_backup,vpn,Selection,2024-06-27 02:24:15,149.0,True
U0012,U0012_add_on,vpn,antivirus,Selection,2024-06-27 02:28:08,233.0,False
U0151,U0151_plan,standard,premium,Confirmation,2024-06-27 02:30:06,809.0,False
U0012,U0012_payment_method,credit_card,debit_card,Browsing,2024-06-27 02:33:19,284.0,False
U0012,U0012_payment_method,debit_card,upi,Browsing,2024-06-27 02:36:47,208.0,False
U0012,U0012_payment_method,upi,debit_card,Selection,2024-06-27 02:37:56,69.0,True
U0040,U0040_plan,standard,premium,Browsing,2024-06-27 09:58:51,108.0,False
U0040,U0040_plan,premium,basic,Selection,2024-06-27 10:02:31,220.0,False
U0040,U0040_plan,basic,standard,Review,2024-06-27 10:04:23,112.0,True
U0040,U0040_add_on,antivirus,vpn,Selection,2024-06-27 10:06:45,91.0,False
U0040,U0040_add_on,vpn,antivirus,Selection,2024-06-27 10:10:20,215.0,True
U0040,U0040_add_on,antivirus,none,Review,2024-06-27 10:12:00,100.0,False
U0040,U0040_payment_method,net_banking,credit_card,Browsing,2024-06-27 10:14:22,117.0,False
U0040,U0040_payment_method,credit_card,net_banking,Browsing,2024-06-27 10:17:20,178.0,True
U0040,U0040_payment_method,net_banking,upi,Selection,2024-06-27 10:21:53,273.0,False
U0040,U0040_payment_method,upi,debit_card,Selection,2024-06-27 10:24:07,134.0,False
U0044,U0044_plan,standard,premium,Post-commit,2024-06-27 11:25:16,1185.0,False
U0172,U0172_payment_method,debit_card,net_banking,Browsing,2024-06-27 12:57:31,42.0,False
U0196,U0196_payment_method,net_banking,debit_card,Selection,2024-06-27 17:37:26,9.0,False
U0159,U0159_plan,basic,premium,Browsing,2024-06-28 09:53:05,291.0,False
U0159,U0159_plan,premium,standard,Selection,2024-06-28 09:54:36,91.0,False
U0159,U0159_plan,standard,premium,Review,2024-06-28 09:55:48,72.0,True
U0159,U0159_add_on,antivirus,cloud_backup,Selection,2024-06-28 09:57:46,67.0,False
U0159,U0159_add_on,cloud_backup,none,Review,2024-06-28 09:59:30,104.0,False
U0159,U0159_add_on,none,cloud_backup,Confirmation,2024-06-28 10:01:40,130.0,True
U0159,U0159_add_on,cloud_backup,antivirus,Confirmation,2024-06-28 10:02:48,68.0,True
U0159,U0159_payment_method,upi,debit_card,Browsing,2024-06-28 10:06:24,165.0,False
U0159,U0159_payment_method,debit_card,upi,Selection,2024-06-28 10:07:39,75.0,True
U0072,U0072_plan,standard,premium,Selection,2024-06-28 10:55:29,172.0,False
U0072,U0072_plan,premium,standard,Review,2024-06-28 10:59:48,259.0,True
U0072,U0072_add_on,cloud_backup,none,Browsing,2024-06-28 11:02:21,95.0,False
U0072,U0072_add_on,none,vpn,Selection,2024-06-28 11:06:05,224.0,False
U0072,U0072_payment_method,credit_card,debit_card,Selection,2024-06-28 11:11:35,277.0,False
U0072,U0072_payment_method,debit_card,upi,Review,2024-06-28 11:15:50,255.0,False
U0072,U0072_payment_method,upi,debit_card,Review,2024-06-28 11:20:41,291.0,True
U0072,U0072_payment_method,debit_card,credit_card,Review,2024-06-28 11:22:04,83.0,True
U0018,U0018_plan,standard,premium,Confirmation,2024-06-28 13:13:19,971.0,False
U0018,U0018_add_on,vpn,cloud_backup,Post-commit,2024-06-28 13:14:29,945.0,False
U0067,U0067_payment_method,upi,credit_card,Selection,2024-06-28 14:34:28,158.0,False
U0067,U0067_payment_method,credit_card,upi,Selection,2024-06-28 14:36:53,145.0,True
U0067,U0067_payment_method,upi,credit_card,Review,2024-06-28 14:38:50,117.0,True
U0067,U0067_payment_method,credit_card,debit_card,Confirmation,2024-06-28 14:40:04,74.0,False
U0096,U0096_add_on,vpn,none,Review,2024-06-28 16:46:42,35.0,False
U0174,U0174_plan,basic,premium,Browsing,2024-06-28 23:05:14,269.0,False
U0174,U0174_plan,premium,basic,Browsing,2024-06-28 23:07:25,131.0,True
U0174,U0174_plan,basic,premium,Selection,2024-06-28 23:12:07,282.0,True
U0174,U0174_add_on,antivirus,vpn,Browsing,2024-06-28 23:14:55,128.0,False
U0174,U0174_add_on,vpn,cloud_backup,Selection,2024-06-28 23:18:40,225.0,False
U0174,U0174_add_on,cloud_backup,vpn,Selection,2024-06-28 23:20:34,114.0,True
U0174,U0174_add_on,vpn,antivirus,Review,2024-06-28 23:24:43,249.0,True
U0063,U0063_payment_method,net_banking,upi,Confirmation,2024-06-28 23:29:52,720.0,False
U0174,U0174_payment_method,credit_card,upi,Selection,2024-06-28 23:29:57,262.0,False
U0063,U0063_add_on,antivirus,none,Post-commit,2024-06-28 23:31:17,837.0,False
U0174,U0174_payment_method,upi,credit_card,Selection,2024-06-28 23:33:58,241.0,True
U0174,U0174_payment_method,credit_card,net_banking,Selection,2024-06-28 23:38:17,259.0,False
U0119,U0119_payment_method,upi,net_banking,Confirmation,2024-06-29 01:42:18,956.0,False
U0119,U0119_plan,standard,premium,Post-commit,2024-06-29 01:43:05,1133.0,False
U0021,U0021_payment_method,debit_card,upi,Post-commit,2024-06-29 17:23:29,616.0,False
U0032,U0032_plan,premium,standard,Post-commit,2024-06-29 19:38:24,888.0,False
U0079,U0079_add_on,vpn,antivirus,Selection,2024-06-30 00:43:31,56.0,False
U0104,U0104_plan,basic,premium,Browsing,2024-06-30 01:22:58,251.0,False
U0104,U0104_plan,premium,standard,Browsing,2024-06-30 01:25:44,166.0,False
U0104,U0104_plan,standard,basic,Browsing,2024-06-30 01:29:57,253.0,True
U0104,U0104_add_on,none,vpn,Browsing,2024-06-30 01:33:44,174.0,False
U0104,U0104_add_on,vpn,none,Browsing,2024-06-30 01:35:03,79.0,True
U0104,U0104_payment_method,debit_card,upi,Selection,2024-06-30 01:39:16,197.0,False
U0104,U0104_payment_method,upi,credit_card,Selection,2024-06-30 01:43:54,278.0,False
U0001,U0001_payment_method,upi,debit_card,Review,2024-06-30 06:23:41,38.0,False
U0155,U0155_plan,basic,premium,Selection,2024-06-30 12:17:33,163.0,False
U0155,U0155_plan,premium,basic,Selection,2024-06-30 12:19:38,125.0,True
U0155,U0155_plan,basic,premium,Review,2024-06-30 12:20:29,51.0,True
U0155,U0155_payment_method,debit_card,upi,Review,2024-06-30 12:24:21,140.0,False
U0107,U0107_payment_method,upi,net_banking,Confirmation,2024-06-30 16:42:12,498.0,False
U0107,U0107_add_on,antivirus,none,Confirmation,2024-06-30 16:43:08,608.0,False
U0135,U0135_plan,premium,basic,Browsing,2024-07-01 00:41:09,136.0,False
U0135,U0135_plan,basic,standard,Selection,2024-07-01 00:44:04,175.0,False
U0135,U0135_add_on,none,antivirus,Browsing,2024-07-01 00:46:32,113.0,False
U0135,U0135_add_on,antivirus,vpn,Selection,2024-07-01 00:50:28,236.0,False
U0135,U0135_add_on,vpn,none,Selection,2024-07-01 00:54:04,216.0,True
U0135,U0135_payment_method,debit_card,credit_card,Selection,2024-07-01 00:59:05,268.0,False
U0135,U0135_payment_method,credit_card,upi,Review,2024-07-01 01:02:30,205.0,False
U0135,U0135_payment_method,upi,debit_card,Review,2024-07-01 01:06:02,212.0,True
U0135,U0135_payment_method,debit_card,net_banking,Confirmation,2024-07-01 01:10:02,240.0,False
U0048,U0048_add_on,antivirus,vpn,Selection,2024-07-01 02:47:43,174.0,False
U0048,U0048_add_on,vpn,antivirus,Selection,2024-07-01 02:48:25,42.0,True
U0048,U0048_add_on,antivirus,vpn,Selection,2024-07-01 02:50:08,103.0,True
U0048,U0048_plan,basic,standard,Review,2024-07-01 02:53:12,124.0,False
