user_id,total_reversals,reversals_per_decision,flip_back_count,reversal_rate,decisions_with_reversals,max_share_on_one_decision,avg_hesitation_seconds,most_common_reversal_stage,stage_distribution,pattern,explanation
U0001,1,{'U0001_payment_method': 1},0,0.3333,1,1.0,38.0,Review,"{'Browsing': 0, 'Selection': 0, 'Review': 1, 'Confirmation': 0, 'Post-commit': 0}",single_corrector,U0001 made a quick correction to 'U0001_payment_method' within 38 s (changed from 'paypal' to 'debit_card') and did not look back.
U0002,10,"{'U0002_add_on': 4, 'U0002_payment_method': 4, 'U0002_plan': 2}",4,3.3333,3,0.4,147.1,Selection,"{'Browsing': 3, 'Selection': 4, 'Review': 1, 'Confirmation': 2, 'Post-commit': 0}",chronic_indecisive,U0002 changed decisions broadly across 3 area(s) with an overall reversal rate of 3.33 changes per decision.
U0003,7,"{'U0003_payment_method': 5, 'U0003_plan': 1, 'U0003_add_on': 1}",3,2.3333,3,0.7143,104.71,Review,"{'Browsing': 0, 'Selection': 0, 'Review': 3, 'Confirmation': 1, 'Post-commit': 3}",flip_flopper,"U0003 changed 'U0003_payment_method' 5 times, 3 of them back to a previous choice, mostly at the Review stage."
U0004,9,"{'U0004_add_on': 4, 'U0004_plan': 3, 'U0004_payment_method': 2}",2,3.0,3,0.4444,149.11,Browsing,"{'Browsing': 6, 'Selection': 3, 'Review': 0, 'Confirmation': 0, 'Post-commit': 0}",chronic_indecisive,U0004 changed decisions broadly across 3 area(s) with an overall reversal rate of 3.00 changes per decision.
U0005,5,{'U0005_add_on': 5},2,1.6667,1,1.0,95.8,Post-commit,"{'Browsing': 0, 'Selection': 0, 'Review': 1, 'Confirmation': 1, 'Post-commit': 3}",flip_flopper,"U0005 changed 'U0005_add_on' 5 times, 2 of them back to a previous choice, mostly at the Post-commit stage."
U0006,1,{'U0006_payment_method': 1},0,0.3333,1,1.0,566.0,Post-commit,"{'Browsing': 0, 'Selection': 0, 'Review': 0, 'Confirmation': 0, 'Post-commit': 1}",late_reverser,U0006 reversed 1 decision(s) late in the funnel: 1 at Post-commit (out of 1 reversal(s) total).
U0007,0,{},0,0.0,0,0.0,,,"{'Browsing': 0, 'Selection': 0, 'Review': 0, 'Confirmation': 0, 'Post-commit': 0}",decisive,U0007 made no changes to any decision.
U0008,0,{},0,0.0,0,0.0,,,"{'Browsing': 0, 'Selection': 0, 'Review': 0, 'Confirmation': 0, 'Post-commit': 0}",decisive,U0008 made no changes to any decision.
U0009,1,{'U0009_payment_method': 1},0,0.3333,1,1.0,40.0,Browsing,"{'Browsing': 1, 'Selection': 0, 'Review': 0, 'Confirmation': 0, 'Post-commit': 0}",single_corrector,U0009 made a quick correction to 'U0009_payment_method' within 40 s (changed from 'paypal' to 'credit_card') and did not look back.
U0010,1,{'U0010_plan': 1},0,0.3333,1,1.0,55.0,Selection,"{'Browsing': 0, 'Selection': 1, 'Review': 0, 'Confirmation': 0, 'Post-commit': 0}",single_corrector,U0010 made a quick correction to 'U0010_plan' within 55 s (changed from 'pro' to 'basic') and did not look back.
U0011,2,"{'U0011_plan': 1, 'U0011_payment_method': 1}",0,0.6667,2,0.5,757.0,Confirmation,"{'Browsing': 0, 'Selection': 0, 'Review': 0, 'Confirmation': 1, 'Post-commit': 1}",late_reverser,U0011 reversed 2 decision(s) late in the funnel: 2 at Confirmation (out of 2 reversal(s) total).
U0012,8,"{'U0012_add_on': 3, 'U0012_payment_method': 3, 'U0012_plan': 2}",3,2.6667,3,0.375,186.25,Selection,"{'Browsing': 2, 'Selection': 5, 'Review': 1, 'Confirmation': 0, 'Post-commit': 0}",chronic_indecisive,U0012 changed decisions broadly across 3 area(s) with an overall reversal rate of 2.67 changes per decision.
U0013,2,"{'U0013_plan': 1, 'U0013_add_on': 1}",0,0.6667,2,0.5,1146.5,Confirmation,"{'Browsing': 0, 'Selection': 0, 'Review': 0, 'Confirmation': 2, 'Post-commit': 0}",late_reverser,U0013 reversed 2 decision(s) late in the funnel: 2 at Confirmation (out of 2 reversal(s) total).
U0014,1,{'U0014_plan': 1},0,0.3333,1,1.0,24.0,Review,"{'Browsing': 0, 'Selection': 0, 'Review': 1, 'Confirmation': 0, 'Post-commit': 0}",single_corrector,U0014 made a quick correction to 'U0014_plan' within 24 s (changed from 'pro' to 'enterprise') and did not look back.
U0015,2,"{'U0015_plan': 1, 'U0015_payment_method': 1}",0,0.6667,2,0.5,1103.0,Post-commit,"{'Browsing': 0, 'Selection': 0, 'Review': 0, 'Confirmation': 0, 'Post-commit': 2}",late_reverser,U0015 reversed 2 decision(s) late in the funnel: 2 at Post-commit (out of 2 reversal(s) total).
U0016,11,"{'U0016_plan': 4, 'U0016_payment_method': 4, 'U0016_add_on': 3}",4,3.6667,3,0.3636,181.91,Browsing,"{'Browsing': 4, 'Selection': 4, 'Review': 3, 'Confirmation': 0, 'Post-commit': 0}",chronic_indecisive,U0016 changed decisions broadly across 3 area(s) with an overall reversal rate of 3.67 changes per decision.
U0017,1,{'U0017_add_on': 1},0,0.3333,1,1.0,53.0,Review,"{'Browsing': 0, 'Selection': 0, 'Review': 1, 'Confirmation': 0, 'Post-commit': 0}",single_corrector,U0017 made a quick correction to 'U0017_add_on' within 53 s (changed from 'priority_support' to 'analytics') and did not look back.
U0018,2,"{'U0018_plan': 1, 'U0018_add_on': 1}",0,0.6667,2,0.5,958.0,Confirmation,"{'Browsing': 0, 'Selection': 0, 'Review': 0, 'Confirmation': 1, 'Post-commit': 1}",late_reverser,U0018 reversed 2 decision(s) late in the funnel: 2 at Confirmation (out of 2 reversal(s) total).
U0019,0,{},0,0.0,0,0.0,,,"{'Browsing': 0, 'Selection': 0, 'Review': 0, 'Confirmation': 0, 'Post-commit': 0}",decisive,U0019 made no changes to any decision.
U0020,0,{},0,0.0,0,0.0,,,"{'Browsing': 0, 'Selection': 0, 'Review': 0, 'Confirmation': 0, 'Post-commit': 0}",decisive,U0020 made no changes to any decision.
U0021,1,{'U0021_payment_method': 1},0,0.3333,1,1.0,616.0,Post-commit,"{'Browsing': 0, 'Selection': 0, 'Review': 0, 'Confirmation': 0, 'Post-commit': 1}",late_reverser,U0021 reversed 1 decision(s) late in the funnel: 1 at Post-commit (out of 1 reversal(s) total).
U0022,0,{},0,0.0,0,0.0,,,"{'Browsing': 0, 'Selection': 0, 'Review': 0, 'Confirmation': 0, 'Post-commit': 0}",decisive,U0022 made no changes to any decision.
U0023,1,{'U0023_payment_method': 1},0,0.3333,1,1.0,21.0,Selection,"{'Browsing': 0, 'Selection': 1, 'Review': 0, 'Confirmation': 0, 'Post-commit': 0}",single_corrector,U0023 made a quick correction to 'U0023_payment_method' within 21 s (changed from 'debit_card' to 'paypal') and did not look back.
U0024,2,"{'U0024_add_on': 1, 'U0024_payment_method': 1}",0,0.6667,2,0.5,628.5,Confirmation,"{'Browsing': 0, 'Selection': 0, 'Review': 0, 'Confirmation': 2, 'Post-commit': 0}",late_reverser,U0024 reversed 2 decision(s) late in the funnel: 2 at Confirmation (out of 2 reversal(s) total).
U0025,9,"{'U0025_plan': 4, 'U0025_payment_method': 3, 'U0025_add_on': 2}",4,3.0,3,0.4444,184.67,Selection,"{'Browsing': 1, 'Selection': 6, 'Review': 2, 'Confirmation': 0, 'Post-commit': 0}",chronic_indecisive,U0025 changed decisions broadly across 3 area(s) with an overall reversal rate of 3.00 changes per decision.
U0026,11,"{'U0026_plan': 4, 'U0026_add_on': 4, 'U0026_payment_method': 3}",5,3.6667,3,0.3636,178.45,Selection,"{'Browsing': 1, 'Selection': 5, 'Review': 3, 'Confirmation': 2, 'Post-commit': 0}",chronic_indecisive,U0026 changed decisions broadly across 3 area(s) with an overall reversal rate of 3.67 changes per decision.
U0027,1,{'U0027_add_on': 1},0,0.3333,1,1.0,22.0,Selection,"{'Browsing': 0, 'Selection': 1, 'Review': 0, 'Confirmation': 0, 'Post-commit': 0}",single_corrector,U0027 made a quick correction to 'U0027_add_on' within 22 s (changed from 'priority_support' to 'all_inclusive') and did not look back.
U0028,4,{'U0028_plan': 4},2,1.3333,1,1.0,118.0,Selection,"{'Browsing': 0, 'Selection': 2, 'Review': 2, 'Confirmation': 0, 'Post-commit': 0}",flip_flopper,"U0028 changed 'U0028_plan' 4 times, 2 of them back to a previous choice, mostly at the Selection stage."
U0029,0,{},0,0.0,0,0.0,,,"{'Browsing': 0, 'Selection': 0, 'Review': 0, 'Confirmation': 0, 'Post-commit': 0}",decisive,U0029 made no changes to any decision.
U0030,9,"{'U0030_payment_method': 4, 'U0030_plan': 3, 'U0030_add_on': 2}",3,3.0,3,0.4444,170.22,Browsing,"{'Browsing': 4, 'Selection': 2, 'Review': 3, 'Confirmation': 0, 'Post-commit': 0}",chronic_indecisive,U0030 changed decisions broadly across 3 area(s) with an overall reversal rate of 3.00 changes per decision.
U0031,0,{},0,0.0,0,0.0,,,"{'Browsing': 0, 'Selection': 0, 'Review': 0, 'Confirmation': 0, 'Post-commit': 0}",decisive,U0031 made no changes to any decision.
U0032,1,{'U0032_plan': 1},0,0.3333,1,1.0,888.0,Post-commit,"{'Browsing': 0, 'Selection': 0, 'Review': 0, 'Confirmation': 0, 'Post-commit': 1}",late_reverser,U0032 reversed 1 decision(s) late in the funnel: 1 at Post-commit (out of 1 reversal(s) total).
U0033,0,{},0,0.0,0,0.0,,,"{'Browsing': 0, 'Selection': 0, 'Review': 0, 'Confirmation': 0, 'Post-commit': 0}",decisive,U0033 made no changes to any decision.
U0034,0,{},0,0.0,0,0.0,,,"{'Browsing': 0, 'Selection': 0, 'Review': 0, 'Confirmation': 0, 'Post-commit': 0}",decisive,U0034 made no changes to any decision.
U0035,2,"{'U0035_add_on': 1, 'U0035_payment_method': 1}",0,0.6667,2,0.5,581.5,Confirmation,"{'Browsing': 0, 'Selection': 0, 'Review': 0, 'Confirmation': 1, 'Post-commit': 1}",late_reverser,U0035 reversed 2 decision(s) late in the funnel: 2 at Confirmation (out of 2 reversal(s) total).
U0036,1,{'U0036_payment_method': 1},0,0.3333,1,1.0,39.0,Selection,"{'Browsing': 0, 'Selection': 1, 'Review': 0, 'Confirmation': 0, 'Post-commit': 0}",single_corrector,U0036 made a quick correction to 'U0036_payment_method' within 39 s (changed from 'paypal' to 'debit_card') and did not look back.
U0037,1,{'U0037_payment_method': 1},0,0.3333,1,1.0,58.0,Browsing,"{'Browsing': 1, 'Selection': 0, 'Review': 0, 'Confirmation': 0, 'Post-commit': 0}",single_corrector,U0037 made a quick correction to 'U0037_payment_method' within 58 s (changed from 'debit_card' to 'crypto') and did not look back.
U0038,7,"{'U0038_add_on': 3, 'U0038_plan': 2, 'U0038_payment_method': 2}",3,2.3333,3,0.4286,169.29,Selection,"{'Browsing': 1, 'Selection': 5, 'Review': 1, 'Confirmation': 0, 'Post-commit': 0}",chronic_indecisive,U0038 changed decisions broadly across 3 area(s) with an overall reversal rate of 2.33 changes per decision.
U0039,0,{},0,0.0,0,0.0,,,"{'Browsing': 0, 'Selection': 0, 'Review': 0, 'Confirmation': 0, 'Post-commit': 0}",decisive,U0039 made no changes to any decision.
U0040,10,"{'U0040_payment_method': 4, 'U0040_plan': 3, 'U0040_add_on': 3}",3,3.3333,3,0.4,154.8,Selection,"{'Browsing': 3, 'Selection': 5, 'Review': 2, 'Confirmation': 0, 'Post-commit': 0}",chronic_indecisive,U0040 changed decisions broadly across 3 area(s) with an overall reversal rate of 3.33 changes per decision.
U0041,9,"{'U0041_plan': 3, 'U0041_add_on': 3, 'U0041_payment_method': 3}",3,3.0,3,0.3333,200.11,Browsing,"{'Browsing': 6, 'Selection': 3, 'Review': 0, 'Confirmation': 0, 'Post-commit': 0}",chronic_indecisive,U0041 changed decisions broadly across 3 area(s) with an overall reversal rate of 3.00 changes per decision.
U0042,1,{'U0042_add_on': 1},0,0.3333,1,1.0,47.0,Selection,"{'Browsing': 0, 'Selection': 1, 'Review': 0, 'Confirmation': 0, 'Post-commit': 0}",single_corrector,U0042 made a quick correction to 'U0042_add_on' within 47 s (changed from 'all_inclusive' to 'priority_support') and did not look back.
U0043,0,{},0,0.0,0,0.0,,,"{'Browsing': 0, 'Selection': 0, 'Review': 0, 'Confirmation': 0, 'Post-commit': 0}",decisive,U0043 made no changes to any decision.
U0044,1,{'U0044_plan': 1},0,0.3333,1,1.0,1185.0,Post-commit,"{'Browsing': 0, 'Selection': 0, 'Review': 0, 'Confirmation': 0, 'Post-commit': 1}",late_reverser,U0044 reversed 1 decision(s) late in the funnel: 1 at Post-commit (out of 1 reversal(s) total).
U0045,10,"{'U0045_payment_method': 4, 'U0045_plan': 3, 'U0045_add_on': 3}",3,3.3333,3,0.4,197.9,Selection,"{'Browsing': 1, 'Selection': 7, 'Review': 1, 'Confirmation': 1, 'Post-commit': 0}",chronic_indecisive,U0045 changed decisions broadly across 3 area(s) with an overall reversal rate of 3.33 changes per decision.
U0046,1,{'U0046_add_on': 1},0,0.3333,1,1.0,23.0,Browsing,"{'Browsing': 1, 'Selection': 0, 'Review': 0, 'Confirmation': 0, 'Post-commit': 0}",single_corrector,U0046 made a quick correction to 'U0046_add_on' within 23 s (changed from 'all_inclusive' to 'priority_support') and did not look back.
U0047,2,"{'U0047_add_on': 1, 'U0047_payment_method': 1}",0,0.6667,2,0.5,591.0,Confirmation,"{'Browsing': 0, 'Selection': 0, 'Review': 0, 'Confirmation': 1, 'Post-commit': 1}",late_reverser,U0047 reversed 2 decision(s) late in the funnel: 2 at Confirmation (out of 2 reversal(s) total).
U0048,4,"{'U0048_add_on': 3, 'U0048_plan': 1}",2,1.3333,2,0.75,110.75,Selection,"{'Browsing': 0, 'Selection': 3, 'Review': 1, 'Confirmation': 0, 'Post-commit': 0}",flip_flopper,"U0048 changed 'U0048_add_on' 3 times, 2 of them back to a previous choice, mostly at the Selection stage."
U0049,1,{'U0049_add_on': 1},0,0.3333,1,1.0,31.0,Selection,"{'Browsing': 0, 'Selection': 1, 'Review': 0, 'Confirmation': 0, 'Post-commit': 0}",single_corrector,U0049 made a quick correction to 'U0049_add_on' within 31 s (changed from 'priority_support' to 'none') and did not look back.
U0050,4,{'U0050_add_on': 4},2,1.3333,1,1.0,90.25,Selection,"{'Browsing': 0, 'Selection': 3, 'Review': 1, 'Confirmation': 0, 'Post-commit': 0}",flip_flopper,"U0050 changed 'U0050_add_on' 4 times, 2 of them back to a previous choice, mostly at the Selection stage."
U0051,4,"{'U0051_add_on': 3, 'U0051_payment_method': 1}",2,1.3333,2,0.75,151.0,Selection,"{'Browsing': 0, 'Selection': 3, 'Review': 1, 'Confirmation': 0, 'Post-commit': 0}",flip_flopper,"U0051 changed 'U0051_add_on' 3 times, 2 of them back to a previous choice, mostly at the Selection stage."
U0052,6,"{'U0052_add_on': 5, 'U0052_plan': 1}",3,2.0,2,0.8333,91.0,Selection,"{'Browsing': 0, 'Selection': 2, 'Review': 2, 'Confirmation': 2, 'Post-commit': 0}",flip_flopper,"U0052 changed 'U0052_add_on' 5 times, 3 of them back to a previous choice, mostly at the Selection stage."
U0053,4,"{'U0053_add_on': 3, 'U0053_plan': 1}",2,1.3333,2,0.75,75.75,Review,"{'Browsing': 0, 'Selection': 0, 'Review': 2, 'Confirmation': 1, 'Post-commit': 1}",flip_flopper,"U0053 changed 'U0053_add_on' 3 times, 2 of them back to a previous choice, mostly at the Review stage."
U0054,2,"{'U0054_plan': 1, 'U0054_payment_method': 1}",0,0.6667,2,0.5,957.0,Confirmation,"{'Browsing': 0, 'Selection': 0, 'Review': 0, 'Confirmation': 1, 'Post-commit': 1}",late_reverser,U0054 reversed 2 decision(s) late in the funnel: 2 at Confirmation (out of 2 reversal(s) total).
U0055,1,{'U0055_payment_method': 1},0,0.3333,1,1.0,48.0,Selection,"{'Browsing': 0, 'Selection': 1, 'Review': 0, 'Confirmation': 0, 'Post-commit': 0}",single_corrector,U0055 made a quick correction to 'U0055_payment_method' within 48 s (changed from 'crypto' to 'credit_card') and did not look back.
U0056,0,{},0,0.0,0,0.0,,,"{'Browsing': 0, 'Selection': 0, 'Review': 0, 'Confirmation': 0, 'Post-commit': 0}",decisive,U0056 made no changes to any decision.
U0057,10,"{'U0057_plan': 4, 'U0057_add_on': 3, 'U0057_payment_method': 3}",3,3.3333,3,0.4,165.1,Browsing,"{'Browsing': 6, 'Selection': 2, 'Review': 1, 'Confirmation': 1, 'Post-commit': 0}",chronic_indecisive,U0057 changed decisions broadly across 3 area(s) with an overall reversal rate of 3.33 changes per decision.
U0058,9,"{'U0058_add_on': 4, 'U0058_payment_method': 3, 'U0058_plan': 2}",4,3.0,3,0.4444,192.67,Selection,"{'Browsing': 4, 'Selection': 5, 'Review': 0, 'Confirmation': 0, 'Post-commit': 0}",chronic_indecisive,U0058 changed decisions broadly across 3 area(s) with an overall reversal rate of 3.00 changes per decision.
U0059,0,{},0,0.0,0,0.0,,,"{'Browsing': 0, 'Selection': 0, 'Review': 0, 'Confirmation': 0, 'Post-commit': 0}",decisive,U0059 made no changes to any decision.
U0060,5,{'U0060_plan': 5},4,1.6667,1,1.0,84.2,Confirmation,"{'Browsing': 0, 'Selection': 1, 'Review': 1, 'Confirmation': 3, 'Post-commit': 0}",flip_flopper,"U0060 changed 'U0060_plan' 5 times, 4 of them back to a previous choice, mostly at the Confirmation stage."
U0061,4,"{'U0061_payment_method': 3, 'U0061_add_on': 1}",2,1.3333,2,0.75,139.25,Review,"{'Browsing': 0, 'Selection': 1, 'Review': 2, 'Confirmation': 1, 'Post-commit': 0}",flip_flopper,"U0061 changed 'U0061_payment_method' 3 times, 2 of them back to a previous choice, mostly at the Review stage."
U0062,0,{},0,0.0,0,0.0,,,"{'Browsing': 0, 'Selection': 0, 'Review': 0, 'Confirmation': 0, 'Post-commit': 0}",decisive,U0062 made no changes to any decision.
U0063,2,"{'U0063_add_on': 1, 'U0063_payment_method': 1}",0,0.6667,2,0.5,778.5,Confirmation,"{'Browsing': 0, 'Selection': 0, 'Review': 0, 'Confirmation': 1, 'Post-commit': 1}",late_reverser,U0063 reversed 2 decision(s) late in the funnel: 2 at Confirmation (out of 2 reversal(s) total).
U0064,7,"{'U0064_payment_method': 3, 'U0064_plan': 2, 'U0064_add_on': 2}",2,2.3333,3,0.4286,141.0,Browsing,"{'Browsing': 3, 'Selection': 3, 'Review': 1, 'Confirmation': 0, 'Post-commit': 0}",chronic_indecisive,U0064 changed decisions broadly across 3 area(s) with an overall reversal rate of 2.33 changes per decision.
U0065,2,"{'U0065_add_on': 1, 'U0065_payment_method': 1}",0,0.6667,2,0.5,472.0,Post-commit,"{'Browsing': 0, 'Selection': 0, 'Review': 0, 'Confirmation': 0, 'Post-commit': 2}",late_reverser,U0065 reversed 2 decision(s) late in the funnel: 2 at Post-commit (out of 2 reversal(s) total).
U0066,1,{'U0066_add_on': 1},0,0.3333,1,1.0,42.0,Browsing,"{'Browsing': 1, 'Selection': 0, 'Review': 0, 'Confirmation': 0, 'Post-commit': 0}",single_corrector,U0066 made a quick correction to 'U0066_add_on' within 42 s (changed from 'all_inclusive' to 'priority_support') and did not look back.
U0067,4,{'U0067_payment_method': 4},2,1.3333,1,1.0,123.5,Selection,"{'Browsing': 0, 'Selection': 2, 'Review': 1, 'Confirmation': 1, 'Post-commit': 0}",flip_flopper,"U0067 changed 'U0067_payment_method' 4 times, 2 of them back to a previous choice, mostly at the Selection stage."
U0068,0,{},0,0.0,0,0.0,,,"{'Browsing': 0, 'Selection': 0, 'Review': 0, 'Confirmation': 0, 'Post-commit': 0}",decisive,U0068 made no changes to any decision.
U0069,0,{},0,0.0,0,0.0,,,"{'Browsing': 0, 'Selection': 0, 'Review': 0, 'Confirmation': 0, 'Post-commit': 0}",decisive,U0069 made no changes to any decision.
U0070,9,"{'U0070_add_on': 4, 'U0070_plan': 3, 'U0070_payment_method': 2}",3,3.0,3,0.4444,178.33,Selection,"{'Browsing': 3, 'Selection': 4, 'Review': 1, 'Confirmation': 1, 'Post-commit': 0}",chronic_indecisive,U0070 changed decisions broadly across 3 area(s) with an overall reversal rate of 3.00 changes per decision.
U0071,1,{'U0071_payment_method': 1},0,0.3333,1,1.0,629.0,Confirmation,"{'Browsing': 0, 'Selection': 0, 'Review': 0, 'Confirmation': 1, 'Post-commit': 0}",late_reverser,U0071 reversed 1 decision(s) late in the funnel: 1 at Confirmation (out of 1 reversal(s) total).
U0072,8,"{'U0072_payment_method': 4, 'U0072_plan': 2, 'U0072_add_on': 2}",3,2.6667,3,0.5,207.0,Review,"{'Browsing': 1, 'Selection': 3, 'Review': 4, 'Confirmation': 0, 'Post-commit': 0}",chronic_indecisive,U0072 changed decisions broadly across 3 area(s) with an overall reversal rate of 2.67 changes per decision.
U0073,1,{'U0073_add_on': 1},0,0.3333,1,1.0,29.0,Selection,"{'Browsing': 0, 'Selection': 1, 'Review': 0, 'Confirmation': 0, 'Post-commit': 0}",single_corrector,U0073 made a quick correction to 'U0073_add_on' within 29 s (changed from 'priority_support' to 'none') and did not look back.
U0074,4,"{'U0074_plan': 3, 'U0074_payment_method': 1}",2,1.3333,2,0.75,72.5,Review,"{'Browsing': 0, 'Selection': 1, 'Review': 2, 'Confirmation': 1, 'Post-commit': 0}",flip_flopper,"U0074 changed 'U0074_plan' 3 times, 2 of them back to a previous choice, mostly at the Review stage."
U0075,10,"{'U0075_plan': 4, 'U0075_add_on': 4, 'U0075_payment_method': 2}",4,3.3333,3,0.4,175.8,Selection,"{'Browsing': 2, 'Selection': 5, 'Review': 3, 'Confirmation': 0, 'Post-commit': 0}",chronic_indecisive,U0075 changed decisions broadly across 3 area(s) with an overall reversal rate of 3.33 changes per decision.
U0076,1,{'U0076_payment_method': 1},0,0.3333,1,1.0,46.0,Selection,"{'Browsing': 0, 'Selection': 1, 'Review': 0, 'Confirmation': 0, 'Post-commit': 0}",single_corrector,U0076 made a quick correction to 'U0076_payment_method' within 46 s (changed from 'paypal' to 'credit_card') and did not look back.
U0077,3,{'U0077_payment_method': 3},2,1.0,1,1.0,84.0,Review,"{'Browsing': 0, 'Selection': 1, 'Review': 2, 'Confirmation': 0, 'Post-commit': 0}",flip_flopper,"U0077 changed 'U0077_payment_method' 3 times, 2 of them back to a previous choice, mostly at the Review stage."
U0078,1,{'U0078_add_on': 1},0,0.3333,1,1.0,28.0,Selection,"{'Browsing': 0, 'Selection': 1, 'Review': 0, 'Confirmation': 0, 'Post-commit': 0}",single_corrector,U0078 made a quick correction to 'U0078_add_on' within 28 s (changed from 'none' to 'priority_support') and did not look back.
U0079,1,{'U0079_add_on': 1},0,0.3333,1,1.0,56.0,Selection,"{'Browsing': 0, 'Selection': 1, 'Review': 0, 'Confirmation': 0, 'Post-commit': 0}",single_corrector,U0079 made a quick correction to 'U0079_add_on' within 56 s (changed from 'priority_support' to 'all_inclusive') and did not look back.
U0080,9,"{'U0080_payment_method': 4, 'U0080_plan': 3, 'U0080_add_on': 2}",3,3.0,3,0.4444,178.56,Browsing,"{'Browsing': 4, 'Selection': 3, 'Review': 1, 'Confirmation': 1, 'Post-commit': 0}",chronic_indecisive,U0080 changed decisions broadly across 3 area(s) with an overall reversal rate of 3.00 changes per decision.
U0081,5,"{'U0081_plan': 4, 'U0081_payment_method': 1}",3,1.6667,2,0.8,115.8,Review,"{'Browsing': 0, 'Selection': 1, 'Review': 2, 'Confirmation': 2, 'Post-commit': 0}",flip_flopper,"U0081 changed 'U0081_plan' 4 times, 3 of them back to a previous choice, mostly at the Review stage."
U0082,4,"{'U0082_payment_method': 3, 'U0082_add_on': 1}",2,1.3333,2,0.75,107.25,Review,"{'Browsing': 0, 'Selection': 0, 'Review': 4, 'Confirmation': 0, 'Post-commit': 0}",flip_flopper,"U0082 changed 'U0082_payment_method' 3 times, 2 of them back to a previous choice, mostly at the Review stage."
U0083,5,{'U0083_add_on': 5},3,1.6667,1,1.0,126.6,Selection,"{'Browsing': 0, 'Selection': 2, 'Review': 1, 'Confirmation': 1, 'Post-commit': 1}",flip_flopper,"U0083 changed 'U0083_add_on' 5 times, 3 of them back to a previous choice, mostly at the Selection stage."
U0084,1,{'U0084_add_on': 1},0,0.3333,1,1.0,667.0,Post-commit,"{'Browsing': 0, 'Selection': 0, 'Review': 0, 'Confirmation': 0, 'Post-commit': 1}",late_reverser,U0084 reversed 1 decision(s) late in the funnel: 1 at Post-commit (out of 1 reversal(s) total).
U0085,2,"{'U0085_plan': 1, 'U0085_add_on': 1}",0,0.6667,2,0.5,1177.5,Confirmation,"{'Browsing': 0, 'Selection': 0, 'Review': 0, 'Confirmation': 1, 'Post-commit': 1}",late_reverser,U0085 reversed 2 decision(s) late in the funnel: 2 at Confirmation (out of 2 reversal(s) total).
U0086,0,{},0,0.0,0,0.0,,,"{'Browsing': 0, 'Selection': 0, 'Review': 0, 'Confirmation': 0, 'Post-commit': 0}",decisive,U0086 made no changes to any decision.
U0087,0,{},0,0.0,0,0.0,,,"{'Browsing': 0, 'Selection': 0, 'Review': 0, 'Confirmation': 0, 'Post-commit': 0}",decisive,U0087 made no changes to any decision.
U0088,1,{'U0088_plan': 1},0,0.3333,1,1.0,815.0,Post-commit,"{'Browsing': 0, 'Selection': 0, 'Review': 0, 'Confirmation': 0, 'Post-commit': 1}",late_reverser,U0088 reversed 1 decision(s) late in the funnel: 1 at Post-commit (out of 1 reversal(s) total).
U0089,1,{'U0089_add_on': 1},0,0.3333,1,1.0,716.0,Post-commit,"{'Browsing': 0, 'Selection': 0, 'Review': 0, 'Confirmation': 0, 'Post-commit': 1}",late_reverser,U0089 reversed 1 decision(s) late in the funnel: 1 at Post-commit (out of 1 reversal(s) total).
U0090,7,"{'U0090_add_on': 3, 'U0090_plan': 2, 'U0090_payment_method': 2}",2,2.3333,3,0.4286,177.71,Selection,"{'Browsing': 1, 'Selection': 4, 'Review': 2, 'Confirmation': 0, 'Post-commit': 0}",chronic_indecisive,U0090 changed decisions broadly across 3 area(s) with an overall reversal rate of 2.33 changes per decision.
U0091,1,{'U0091_plan': 1},0,0.3333,1,1.0,21.0,Selection,"{'Browsing': 0, 'Selection': 1, 'Review': 0, 'Confirmation': 0, 'Post-commit': 0}",single_corrector,U0091 made a quick correction to 'U0091_plan' within 21 s (changed from 'basic' to 'enterprise') and did not look back.
U0092,6,"{'U0092_add_on': 5, 'U0092_plan': 1}",3,2.0,2,0.8333,102.0,Review,"{'Browsing': 0, 'Selection': 0, 'Review': 6, 'Confirmation': 0, 'Post-commit': 0}",flip_flopper,"U0092 changed 'U0092_add_on' 5 times, 3 of them back to a previous choice, mostly at the Review stage."
U0093,2,"{'U0093_add_on': 1, 'U0093_payment_method': 1}",0,0.6667,2,0.5,1026.0,Post-commit,"{'Browsing': 0, 'Selection': 0, 'Review': 0, 'Confirmation': 0, 'Post-commit': 2}",late_reverser,U0093 reversed 2 decision(s) late in the funnel: 2 at Post-commit (out of 2 reversal(s) total).
U0094,4,{'U0094_add_on': 4},3,1.3333,1,1.0,145.25,Selection,"{'Browsing': 0, 'Selection': 2, 'Review': 2, 'Confirmation': 0, 'Post-commit': 0}",flip_flopper,"U0094 changed 'U0094_add_on' 4 times, 3 of them back to a previous choice, mostly at the Selection stage."
U0095,2,"{'U0095_plan': 1, 'U0095_payment_method': 1}",0,0.6667,2,0.5,864.5,Post-commit,"{'Browsing': 0, 'Selection': 0, 'Review': 0, 'Confirmation': 0, 'Post-commit': 2}",late_reverser,U0095 reversed 2 decision(s) late in the funnel: 2 at Post-commit (out of 2 reversal(s) total).
U0096,1,{'U0096_add_on': 1},0,0.3333,1,1.0,35.0,Review,"{'Browsing': 0, 'Selection': 0, 'Review': 1, 'Confirmation': 0, 'Post-commit': 0}",single_corrector,U0096 made a quick correction to 'U0096_add_on' within 35 s (changed from 'priority_support' to 'none') and did not look back.
U0097,0,{},0,0.0,0,0.0,,,"{'Browsing': 0, 'Selection': 0, 'Review': 0, 'Confirmation': 0, 'Post-commit': 0}",decisive,U0097 made no changes to any decision.
U0098,11,"{'U0098_plan': 4, 'U0098_payment_method': 4, 'U0098_add_on': 3}",6,3.6667,3,0.3636,174.64,Browsing,"{'Browsing': 5, 'Selection': 4, 'Review': 2, 'Confirmation': 0, 'Post-commit': 0}",chronic_indecisive,U0098 changed decisions broadly across 3 area(s) with an overall reversal rate of 3.67 changes per decision.
U0099,4,{'U0099_payment_method': 4},3,1.3333,1,1.0,97.25,Confirmation,"{'Browsing': 0, 'Selection': 0, 'Review': 1, 'Confirmation': 3, 'Post-commit': 0}",flip_flopper,"U0099 changed 'U0099_payment_method' 4 times, 3 of them back to a previous choice, mostly at the Confirmation stage."
U0100,1,{'U0100_payment_method': 1},0,0.3333,1,1.0,46.0,Selection,"{'Browsing': 0, 'Selection': 1, 'Review': 0, 'Confirmation': 0, 'Post-commit': 0}",single_corrector,U0100 made a quick correction to 'U0100_payment_method' within 46 s (changed from 'paypal' to 'crypto') and did not look back.
U0101,10,"{'U0101_add_on': 4, 'U0101_payment_method': 4, 'U0101_plan': 2}",4,3.3333,3,0.4,142.6,Browsing,"{'Browsing': 4, 'Selection': 3, 'Review': 3, 'Confirmation': 0, 'Post-commit': 0}",chronic_indecisive,U0101 changed decisions broadly across 3 area(s) with an overall reversal rate of 3.33 changes per decision.
U0102,0,{},0,0.0,0,0.0,,,"{'Browsing': 0, 'Selection': 0, 'Review': 0, 'Confirmation': 0, 'Post-commit': 0}",decisive,U0102 made no changes to any decision.
U0103,0,{},0,0.0,0,0.0,,,"{'Browsing': 0, 'Selection': 0, 'Review': 0, 'Confirmation': 0, 'Post-commit': 0}",decisive,U0103 made no changes to any decision.
U0104,7,"{'U0104_plan': 3, 'U0104_add_on': 2, 'U0104_payment_method': 2}",2,2.3333,3,0.4286,199.71,Browsing,"{'Browsing': 5, 'Selection': 2, 'Review': 0, 'Confirmation': 0, 'Post-commit': 0}",chronic_indecisive,U0104 changed decisions broadly across 3 area(s) with an overall reversal rate of 2.33 changes per decision.
U0105,4,{'U0105_payment_method': 4},2,1.3333,1,1.0,115.25,Confirmation,"{'Browsing': 0, 'Selection': 0, 'Review': 1, 'Confirmation': 2, 'Post-commit': 1}",flip_flopper,"U0105 changed 'U0105_payment_method' 4 times, 2 of them back to a previous choice, mostly at the Confirmation stage."
U0106,5,"{'U0106_plan': 4, 'U0106_add_on': 1}",2,1.6667,2,0.8,144.2,Selection,"{'Browsing': 0, 'Selection': 3, 'Review': 2, 'Confirmation': 0, 'Post-commit': 0}",flip_flopper,"U0106 changed 'U0106_plan' 4 times, 2 of them back to a previous choice, mostly at the Selection stage."
U0107,2,"{'U0107_add_on': 1, 'U0107_payment_method': 1}",0,0.6667,2,0.5,553.0,Confirmation,"{'Browsing': 0, 'Selection': 0, 'Review': 0, 'Confirmation': 2, 'Post-commit': 0}",late_reverser,U0107 reversed 2 decision(s) late in the funnel: 2 at Confirmation (out of 2 reversal(s) total).
U0108,1,{'U0108_add_on': 1},0,0.3333,1,1.0,958.0,Confirmation,"{'Browsing': 0, 'Selection': 0, 'Review': 0, 'Confirmation': 1, 'Post-commit': 0}",late_reverser,U0108 reversed 1 decision(s) late in the funnel: 1 at Confirmation (out of 1 reversal(s) total).
U0109,9,"{'U0109_plan': 3, 'U0109_add_on': 3, 'U0109_payment_method': 3}",4,3.0,3,0.3333,182.89,Selection,"{'Browsing': 3, 'Selection': 6, 'Review': 0, 'Confirmation': 0, 'Post-commit': 0}",chronic_indecisive,U0109 changed decisions broadly across 3 area(s) with an overall reversal rate of 3.00 changes per decision.
U0110,2,"{'U0110_plan': 1, 'U0110_payment_method': 1}",0,0.6667,2,0.5,748.5,Confirmation,"{'Browsing': 0, 'Selection': 0, 'Review': 0, 'Confirmation': 1, 'Post-commit': 1}",late_reverser,U0110 reversed 2 decision(s) late in the funnel: 2 at Confirmation (out of 2 reversal(s) total).
U0111,10,"{'U0111_plan': 4, 'U0111_payment_method': 4, 'U0111_add_on': 2}",5,3.3333,3,0.4,214.9,Selection,"{'Browsing': 1, 'Selection': 3, 'Review': 3, 'Confirmation': 3, 'Post-commit': 0}",chronic_indecisive,U0111 changed decisions broadly across 3 area(s) with an overall reversal rate of 3.33 changes per decision.
U0112,2,"{'U0112_plan': 1, 'U0112_add_on': 1}",0,0.6667,2,0.5,1100.5,Confirmation,"{'Browsing': 0, 'Selection': 0, 'Review': 0, 'Confirmation': 1, 'Post-commit': 1}",late_reverser,U0112 reversed 2 decision(s) late in the funnel: 2 at Confirmation (out of 2 reversal(s) total).
U0113,0,{},0,0.0,0,0.0,,,"{'Browsing': 0, 'Selection': 0, 'Review': 0, 'Confirmation': 0, 'Post-commit': 0}",decisive,U0113 made no changes to any decision.
U0114,1,{'U0114_payment_method': 1},0,0.3333,1,1.0,57.0,Browsing,"{'Browsing': 1, 'Selection': 0, 'Review': 0, 'Confirmation': 0, 'Post-commit': 0}",single_corrector,U0114 made a quick correction to 'U0114_payment_method' within 57 s (changed from 'credit_card' to 'crypto') and did not look back.
U0115,8,"{'U0115_add_on': 4, 'U0115_plan': 2, 'U0115_payment_method': 2}",2,2.6667,3,0.5,209.88,Selection,"{'Browsing': 3, 'Selection': 4, 'Review': 1, 'Confirmation': 0, 'Post-commit': 0}",chronic_indecisive,U0115 changed decisions broadly across 3 area(s) with an overall reversal rate of 2.67 changes per decision.
U0116,1,{'U0116_payment_method': 1},0,0.3333,1,1.0,784.0,Post-commit,"{'Browsing': 0, 'Selection': 0, 'Review': 0, 'Confirmation': 0, 'Post-commit': 1}",late_reverser,U0116 reversed 1 decision(s) late in the funnel: 1 at Post-commit (out of 1 reversal(s) total).
U0117,1,{'U0117_add_on': 1},0,0.3333,1,1.0,1054.0,Post-commit,"{'Browsing': 0, 'Selection': 0, 'Review': 0, 'Confirmation': 0, 'Post-commit': 1}",late_reverser,U0117 reversed 1 decision(s) late in the funnel: 1 at Post-commit (out of 1 reversal(s) total).
U0118,1,{'U0118_plan': 1},0,0.3333,1,1.0,1069.0,Post-commit,"{'Browsing': 0, 'Selection': 0, 'Review': 0, 'Confirmation': 0, 'Post-commit': 1}",late_reverser,U0118 reversed 1 decision(s) late in the funnel: 1 at Post-commit (out of 1 reversal(s) total).
U0119,2,"{'U0119_plan': 1, 'U0119_payment_method': 1}",0,0.6667,2,0.5,1044.5,Confirmation,"{'Browsing': 0, 'Selection': 0, 'Review': 0, 'Confirmation': 1, 'Post-commit': 1}",late_reverser,U0119 reversed 2 decision(s) late in the funnel: 2 at Confirmation (out of 2 reversal(s) total).
U0120,0,{},0,0.0,0,0.0,,,"{'Browsing': 0, 'Selection': 0, 'Review': 0, 'Confirmation': 0, 'Post-commit': 0}",decisive,U0120 made no changes to any decision.
U0121,5,{'U0121_payment_method': 5},3,1.6667,1,1.0,111.0,Post-commit,"{'Browsing': 0, 'Selection': 0, 'Review': 1, 'Confirmation': 1, 'Post-commit': 3}",flip_flopper,"U0121 changed 'U0121_payment_method' 5 times, 3 of them back to a previous choice, mostly at the Post-commit stage."
U0122,1,{'U0122_add_on': 1},0,0.3333,1,1.0,40.0,Browsing,"{'Browsing': 1, 'Selection': 0, 'Review': 0, 'Confirmation': 0, 'Post-commit': 0}",single_corrector,U0122 made a quick correction to 'U0122_add_on' within 40 s (changed from 'all_inclusive' to 'priority_support') and did not look back.
U0123,0,{},0,0.0,0,0.0,,,"{'Browsing': 0, 'Selection': 0, 'Review': 0, 'Confirmation': 0, 'Post-commit': 0}",decisive,U0123 made no changes to any decision.
U0124,3,{'U0124_plan': 3},2,1.0,1,1.0,93.33,Review,"{'Browsing': 0, 'Selection': 0, 'Review': 1, 'Confirmation': 1, 'Post-commit': 1}",flip_flopper,"U0124 changed 'U0124_plan' 3 times, 2 of them back to a previous choice, mostly at the Review stage."
U0125,10,"{'U0125_plan': 4, 'U0125_add_on': 3, 'U0125_payment_method': 3}",4,3.3333,3,0.4,155.4,Selection,"{'Browsing': 0, 'Selection': 5, 'Review': 4, 'Confirmation': 1, 'Post-commit': 0}",chronic_indecisive,U0125 changed decisions broadly across 3 area(s) with an overall reversal rate of 3.33 changes per decision.
U0126,3,{'U0126_payment_method': 3},2,1.0,1,1.0,84.67,Selection,"{'Browsing': 0, 'Selection': 2, 'Review': 1, 'Confirmation': 0, 'Post-commit': 0}",flip_flopper,"U0126 changed 'U0126_payment_method' 3 times, 2 of them back to a previous choice, mostly at the Selection stage."
U0127,6,"{'U0127_payment_method': 5, 'U0127_plan': 1}",2,2.0,2,0.8333,104.5,Selection,"{'Browsing': 0, 'Selection': 5, 'Review': 1, 'Confirmation': 0, 'Post-commit': 0}",flip_flopper,"U0127 changed 'U0127_payment_method' 5 times, 2 of them back to a previous choice, mostly at the Selection stage."
U0128,1,{'U0128_payment_method': 1},0,0.3333,1,1.0,10.0,Selection,"{'Browsing': 0, 'Selection': 1, 'Review': 0, 'Confirmation': 0, 'Post-commit': 0}",single_corrector,U0128 made a quick correction to 'U0128_payment_method' within 10 s (changed from 'crypto' to 'credit_card') and did not look back.
U0129,1,{'U0129_payment_method': 1},0,0.3333,1,1.0,35.0,Browsing,"{'Browsing': 1, 'Selection': 0, 'Review': 0, 'Confirmation': 0, 'Post-commit': 0}",single_corrector,U0129 made a quick correction to 'U0129_payment_method' within 35 s (changed from 'crypto' to 'credit_card') and did not look back.
U0130,4,{'U0130_payment_method': 4},2,1.3333,1,1.0,100.25,Review,"{'Browsing': 0, 'Selection': 0, 'Review': 2, 'Confirmation': 1, 'Post-commit': 1}",flip_flopper,"U0130 changed 'U0130_payment_method' 4 times, 2 of them back to a previous choice, mostly at the Review stage."
U0131,6,"{'U0131_payment_method': 4, 'U0131_plan': 1, 'U0131_add_on': 1}",2,2.0,3,0.6667,126.5,Selection,"{'Browsing': 0, 'Selection': 3, 'Review': 3, 'Confirmation': 0, 'Post-commit': 0}",flip_flopper,"U0131 changed 'U0131_payment_method' 4 times, 2 of them back to a previous choice, mostly at the Selection stage."
U0132,1,{'U0132_payment_method': 1},0,0.3333,1,1.0,20.0,Browsing,"{'Browsing': 1, 'Selection': 0, 'Review': 0, 'Confirmation': 0, 'Post-commit': 0}",single_corrector,U0132 made a quick correction to 'U0132_payment_method' within 20 s (changed from 'paypal' to 'debit_card') and did not look back.
U0133,6,"{'U0133_add_on': 5, 'U0133_plan': 1}",3,2.0,2,0.8333,97.33,Review,"{'Browsing': 0, 'Selection': 0, 'Review': 3, 'Confirmation': 1, 'Post-commit': 2}",flip_flopper,"U0133 changed 'U0133_add_on' 5 times, 3 of them back to a previous choice, mostly at the Review stage."
U0134,3,{'U0134_plan': 3},2,1.0,1,1.0,139.33,Review,"{'Browsing': 0, 'Selection': 0, 'Review': 1, 'Confirmation': 1, 'Post-commit': 1}",flip_flopper,"U0134 changed 'U0134_plan' 3 times, 2 of them back to a previous choice, mostly at the Review stage."
U0135,9,"{'U0135_payment_method': 4, 'U0135_add_on': 3, 'U0135_plan': 2}",2,3.0,3,0.4444,200.11,Selection,"{'Browsing': 2, 'Selection': 4, 'Review': 2, 'Confirmation': 1, 'Post-commit': 0}",chronic_indecisive,U0135 changed decisions broadly across 3 area(s) with an overall reversal rate of 3.00 changes per decision.
U0136,1,{'U0136_plan': 1},0,0.3333,1,1.0,888.0,Confirmation,"{'Browsing': 0, 'Selection': 0, 'Review': 0, 'Confirmation': 1, 'Post-commit': 0}",late_reverser,U0136 reversed 1 decision(s) late in the funnel: 1 at Confirmation (out of 1 reversal(s) total).
U0137,0,{},0,0.0,0,0.0,,,"{'Browsing': 0, 'Selection': 0, 'Review': 0, 'Confirmation': 0, 'Post-commit': 0}",decisive,U0137 made no changes to any decision.
U0138,8,"{'U0138_plan': 3, 'U0138_payment_method': 3, 'U0138_add_on': 2}",2,2.6667,3,0.375,195.62,Selection,"{'Browsing': 2, 'Selection': 5, 'Review': 1, 'Confirmation': 0, 'Post-commit': 0}",chronic_indecisive,U0138 changed decisions broadly across 3 area(s) with an overall reversal rate of 2.67 changes per decision.
U0139,1,{'U0139_add_on': 1},0,0.3333,1,1.0,500.0,Post-commit,"{'Browsing': 0, 'Selection': 0, 'Review': 0, 'Confirmation': 0, 'Post-commit': 1}",late_reverser,U0139 reversed 1 decision(s) late in the funnel: 1 at Post-commit (out of 1 reversal(s) total).
U0140,1,{'U0140_payment_method': 1},0,0.3333,1,1.0,46.0,Review,"{'Browsing': 0, 'Selection': 0, 'Review': 1, 'Confirmation': 0, 'Post-commit': 0}",single_corrector,U0140 made a quick correction to 'U0140_payment_method' within 46 s (changed from 'debit_card' to 'credit_card') and did not look back.
U0141,1,{'U0141_plan': 1},0,0.3333,1,1.0,13.0,Browsing,"{'Browsing': 1, 'Selection': 0, 'Review': 0, 'Confirmation': 0, 'Post-commit': 0}",single_corrector,U0141 made a quick correction to 'U0141_plan' within 13 s (changed from 'pro' to 'basic') and did not look back.
U0142,2,"{'U0142_plan': 1, 'U0142_payment_method': 1}",0,0.6667,2,0.5,761.5,Confirmation,"{'Browsing': 0, 'Selection': 0, 'Review': 0, 'Confirmation': 2, 'Post-commit': 0}",late_reverser,U0142 reversed 2 decision(s) late in the funnel: 2 at Confirmation (out of 2 reversal(s) total).
U0143,0,{},0,0.0,0,0.0,,,"{'Browsing': 0, 'Selection': 0, 'Review': 0, 'Confirmation': 0, 'Post-commit': 0}",decisive,U0143 made no changes to any decision.
U0144,1,{'U0144_plan': 1},0,0.3333,1,1.0,51.0,Browsing,"{'Browsing': 1, 'Selection': 0, 'Review': 0, 'Confirmation': 0, 'Post-commit': 0}",single_corrector,U0144 made a quick correction to 'U0144_plan' within 51 s (changed from 'basic' to 'enterprise') and did not look back.
U0145,5,{'U0145_plan': 5},3,1.6667,1,1.0,110.8,Review,"{'Browsing': 0, 'Selection': 0, 'Review': 3, 'Confirmation': 2, 'Post-commit': 0}",flip_flopper,"U0145 changed 'U0145_plan' 5 times, 3 of them back to a previous choice, mostly at the Review stage."
U0146,1,{'U0146_plan': 1},0,0.3333,1,1.0,42.0,Selection,"{'Browsing': 0, 'Selection': 1, 'Review': 0, 'Confirmation': 0, 'Post-commit': 0}",single_corrector,U0146 made a quick correction to 'U0146_plan' within 42 s (changed from 'basic' to 'pro') and did not look back.
U0147,2,"{'U0147_add_on': 1, 'U0147_payment_method': 1}",0,0.6667,2,0.5,993.5,Confirmation,"{'Browsing': 0, 'Selection': 0, 'Review': 0, 'Confirmation': 1, 'Post-commit': 1}",late_reverser,U0147 reversed 2 decision(s) late in the funnel: 2 at Confirmation (out of 2 reversal(s) total).
U0148,0,{},0,0.0,0,0.0,,,"{'Browsing': 0, 'Selection': 0, 'Review': 0, 'Confirmation': 0, 'Post-commit': 0}",decisive,U0148 made no changes to any decision.
U0149,6,"{'U0149_payment_method': 5, 'U0149_plan': 1}",3,2.0,2,0.8333,82.17,Post-commit,"{'Browsing': 0, 'Selection': 0, 'Review': 2, 'Confirmation': 1, 'Post-commit': 3}",flip_flopper,"U0149 changed 'U0149_payment_method' 5 times, 3 of them back to a previous choice, mostly at the Post-commit stage."
U0150,0,{},0,0.0,0,0.0,,,"{'Browsing': 0, 'Selection': 0, 'Review': 0, 'Confirmation': 0, 'Post-commit': 0}",decisive,U0150 made no changes to any decision.
U0151,1,{'U0151_plan': 1},0,0.3333,1,1.0,809.0,Confirmation,"{'Browsing': 0, 'Selection': 0, 'Review': 0, 'Confirmation': 1, 'Post-commit': 0}",late_reverser,U0151 reversed 1 decision(s) late in the funnel: 1 at Confirmation (out of 1 reversal(s) total).
U0152,6,"{'U0152_plan': 5, 'U0152_add_on': 1}",3,2.0,2,0.8333,110.17,Review,"{'Browsing': 0, 'Selection': 0, 'Review': 4, 'Confirmation': 1, 'Post-commit': 1}",flip_flopper,"U0152 changed 'U0152_plan' 5 times, 3 of them back to a previous choice, mostly at the Review stage."
U0153,0,{},0,0.0,0,0.0,,,"{'Browsing': 0, 'Selection': 0, 'Review': 0, 'Confirmation': 0, 'Post-commit': 0}",decisive,U0153 made no changes to any decision.
U0154,1,{'U0154_payment_method': 1},0,0.3333,1,1.0,36.0,Review,"{'Browsing': 0, 'Selection': 0, 'Review': 1, 'Confirmation': 0, 'Post-commit': 0}",single_corrector,U0154 made a quick correction to 'U0154_payment_method' within 36 s (changed from 'debit_card' to 'credit_card') and did not look back.
U0155,4,"{'U0155_plan': 3, 'U0155_payment_method': 1}",2,1.3333,2,0.75,119.75,Selection,"{'Browsing': 0, 'Selection': 2, 'Review': 2, 'Confirmation': 0, 'Post-commit': 0}",flip_flopper,"U0155 changed 'U0155_plan' 3 times, 2 of them back to a previous choice, mostly at the Selection stage."
U0156,4,{'U0156_payment_method': 4},2,1.3333,1,1.0,89.75,Selection,"{'Browsing': 0, 'Selection': 1, 'Review': 1, 'Confirmation': 1, 'Post-commit': 1}",flip_flopper,"U0156 changed 'U0156_payment_method' 4 times, 2 of them back to a previous choice, mostly at the Selection stage."
U0157,0,{},0,0.0,0,0.0,,,"{'Browsing': 0, 'Selection': 0, 'Review': 0, 'Confirmation': 0, 'Post-commit': 0}",decisive,U0157 made no changes to any decision.
U0158,5,"{'U0158_add_on': 4, 'U0158_payment_method': 1}",2,1.6667,2,0.8,93.0,Review,"{'Browsing': 0, 'Selection': 1, 'Review': 2, 'Confirmation': 1, 'Post-commit': 1}",flip_flopper,"U0158 changed 'U0158_add_on' 4 times, 2 of them back to a previous choice, mostly at the Review stage."
U0159,9,"{'U0159_add_on': 4, 'U0159_plan': 3, 'U0159_payment_method': 2}",4,3.0,3,0.4444,118.11,Selection,"{'Browsing': 2, 'Selection': 3, 'Review': 2, 'Confirmation': 2, 'Post-commit': 0}",chronic_indecisive,U0159 changed decisions broadly across 3 area(s) with an overall reversal rate of 3.00 changes per decision.
U0160,8,"{'U0160_add_on': 3, 'U0160_payment_method': 3, 'U0160_plan': 2}",3,2.6667,3,0.375,163.75,Selection,"{'Browsing': 3, 'Selection': 5, 'Review': 0, 'Confirmation': 0, 'Post-commit': 0}",chronic_indecisive,U0160 changed decisions broadly across 3 area(s) with an overall reversal rate of 2.67 changes per decision.
U0161,5,"{'U0161_payment_method': 4, 'U0161_add_on': 1}",3,1.6667,2,0.8,111.6,Review,"{'Browsing': 0, 'Selection': 0, 'Review': 4, 'Confirmation': 1, 'Post-commit': 0}",flip_flopper,"U0161 changed 'U0161_payment_method' 4 times, 3 of them back to a previous choice, mostly at the Review stage."
U0162,7,"{'U0162_payment_method': 3, 'U0162_plan': 2, 'U0162_add_on': 2}",2,2.3333,3,0.4286,202.0,Browsing,"{'Browsing': 3, 'Selection': 3, 'Review': 1, 'Confirmation': 0, 'Post-commit': 0}",chronic_indecisive,U0162 changed decisions broadly across 3 area(s) with an overall reversal rate of 2.33 changes per decision.
U0163,0,{},0,0.0,0,0.0,,,"{'Browsing': 0, 'Selection': 0, 'Review': 0, 'Confirmation': 0, 'Post-commit': 0}",decisive,U0163 made no changes to any decision.
U0164,9,"{'U0164_add_on': 4, 'U0164_payment_method': 3, 'U0164_plan': 2}",2,3.0,3,0.4444,213.56,Browsing,"{'Browsing': 4, 'Selection': 3, 'Review': 1, 'Confirmation': 1, 'Post-commit': 0}",chronic_indecisive,U0164 changed decisions broadly across 3 area(s) with an overall reversal rate of 3.00 changes per decision.
U0165,6,"{'U0165_plan': 5, 'U0165_add_on': 1}",4,2.0,2,0.8333,125.33,Review,"{'Browsing': 0, 'Selection': 0, 'Review': 3, 'Confirmation': 2, 'Post-commit': 1}",flip_flopper,"U0165 changed 'U0165_plan' 5 times, 4 of them back to a previous choice, mostly at the Review stage."
U0166,8,"{'U0166_add_on': 4, 'U0166_plan': 2, 'U0166_payment_method': 2}",2,2.6667,3,0.5,149.62,Selection,"{'Browsing': 2, 'Selection': 3, 'Review': 3, 'Confirmation': 0, 'Post-commit': 0}",chronic_indecisive,U0166 changed decisions broadly across 3 area(s) with an overall reversal rate of 2.67 changes per decision.
U0167,1,{'U0167_add_on': 1},0,0.3333,1,1.0,6.0,Selection,"{'Browsing': 0, 'Selection': 1, 'Review': 0, 'Confirmation': 0, 'Post-commit': 0}",single_corrector,U0167 made a quick correction to 'U0167_add_on' within 6 s (changed from 'analytics' to 'none') and did not look back.
U0168,0,{},0,0.0,0,0.0,,,"{'Browsing': 0, 'Selection': 0, 'Review': 0, 'Confirmation': 0, 'Post-commit': 0}",decisive,U0168 made no changes to any decision.
U0169,1,{'U0169_add_on': 1},0,0.3333,1,1.0,34.0,Browsing,"{'Browsing': 1, 'Selection': 0, 'Review': 0, 'Confirmation': 0, 'Post-commit': 0}",single_corrector,U0169 made a quick correction to 'U0169_add_on' within 34 s (changed from 'priority_support' to 'analytics') and did not look back.
U0170,1,{'U0170_plan': 1},0,0.3333,1,1.0,1014.0,Post-commit,"{'Browsing': 0, 'Selection': 0, 'Review': 0, 'Confirmation': 0, 'Post-commit': 1}",late_reverser,U0170 reversed 1 decision(s) late in the funnel: 1 at Post-commit (out of 1 reversal(s) total).
U0171,4,{'U0171_add_on': 4},2,1.3333,1,1.0,67.5,Selection,"{'Browsing': 0, 'Selection': 1, 'Review': 1, 'Confirmation': 1, 'Post-commit': 1}",flip_flopper,"U0171 changed 'U0171_add_on' 4 times, 2 of them back to a previous choice, mostly at the Selection stage."
U0172,1,{'U0172_payment_method': 1},0,0.3333,1,1.0,42.0,Browsing,"{'Browsing': 1, 'Selection': 0, 'Review': 0, 'Confirmation': 0, 'Post-commit': 0}",single_corrector,U0172 made a quick correction to 'U0172_payment_method' within 42 s (changed from 'debit_card' to 'crypto') and did not look back.
U0173,4,{'U0173_plan': 4},3,1.3333,1,1.0,135.0,Selection,"{'Browsing': 0, 'Selection': 2, 'Review': 1, 'Confirmation': 1, 'Post-commit': 0}",flip_flopper,"U0173 changed 'U0173_plan' 4 times, 3 of them back to a previous choice, mostly at the Selection stage."
U0174,10,"{'U0174_add_on': 4, 'U0174_plan': 3, 'U0174_payment_method': 3}",5,3.3333,3,0.4,216.0,Selection,"{'Browsing': 3, 'Selection': 6, 'Review': 1, 'Confirmation': 0, 'Post-commit': 0}",chronic_indecisive,U0174 changed decisions broadly across 3 area(s) with an overall reversal rate of 3.33 changes per decision.
U0175,8,"{'U0175_add_on': 3, 'U0175_payment_method': 3, 'U0175_plan': 2}",4,2.6667,3,0.375,188.75,Selection,"{'Browsing': 2, 'Selection': 3, 'Review': 3, 'Confirmation': 0, 'Post-commit': 0}",chronic_indecisive,U0175 changed decisions broadly across 3 area(s) with an overall reversal rate of 2.67 changes per decision.
U0176,1,{'U0176_payment_method': 1},0,0.3333,1,1.0,6.0,Review,"{'Browsing': 0, 'Selection': 0, 'Review': 1, 'Confirmation': 0, 'Post-commit': 0}",single_corrector,U0176 made a quick correction to 'U0176_payment_method' within 6 s (changed from 'crypto' to 'paypal') and did not look back.
U0177,1,{'U0177_payment_method': 1},0,0.3333,1,1.0,747.0,Post-commit,"{'Browsing': 0, 'Selection': 0, 'Review': 0, 'Confirmation': 0, 'Post-commit': 1}",late_reverser,U0177 reversed 1 decision(s) late in the funnel: 1 at Post-commit (out of 1 reversal(s) total).
U0178,9,"{'U0178_plan': 3, 'U0178_add_on': 3, 'U0178_payment_method': 3}",1,3.0,3,0.3333,175.67,Browsing,"{'Browsing': 6, 'Selection': 1, 'Review': 2, 'Confirmation': 0, 'Post-commit': 0}",chronic_indecisive,U0178 changed decisions broadly across 3 area(s) with an overall reversal rate of 3.00 changes per decision.
U0179,1,{'U0179_payment_method': 1},0,0.3333,1,1.0,943.0,Confirmation,"{'Browsing': 0, 'Selection': 0, 'Review': 0, 'Confirmation': 1, 'Post-commit': 0}",late_reverser,U0179 reversed 1 decision(s) late in the funnel: 1 at Confirmation (out of 1 reversal(s) total).
U0180,2,"{'U0180_add_on': 1, 'U0180_payment_method': 1}",0,0.6667,2,0.5,696.5,Confirmation,"{'Browsing': 0, 'Selection': 0, 'Review': 0, 'Confirmation': 2, 'Post-commit': 0}",late_reverser,U0180 reversed 2 decision(s) late in the funnel: 2 at Confirmation (out of 2 reversal(s) total).
U0181,1,{'U0181_add_on': 1},0,0.3333,1,1.0,59.0,Selection,"{'Browsing': 0, 'Selection': 1, 'Review': 0, 'Confirmation': 0, 'Post-commit': 0}",single_corrector,U0181 made a quick correction to 'U0181_add_on' within 59 s (changed from 'priority_support' to 'none') and did not look back.
U0182,1,{'U0182_payment_method': 1},0,0.3333,1,1.0,24.0,Review,"{'Browsing': 0, 'Selection': 0, 'Review': 1, 'Confirmation': 0, 'Post-commit': 0}",single_corrector,U0182 made a quick correction to 'U0182_payment_method' within 24 s (changed from 'crypto' to 'debit_card') and did not look back.
U0183,0,{},0,0.0,0,0.0,,,"{'Browsing': 0, 'Selection': 0, 'Review': 0, 'Confirmation': 0, 'Post-commit': 0}",decisive,U0183 made no changes to any decision.
U0184,0,{},0,0.0,0,0.0,,,"{'Browsing': 0, 'Selection': 0, 'Review': 0, 'Confirmation': 0, 'Post-commit': 0}",decisive,U0184 made no changes to any decision.
U0185,0,{},0,0.0,0,0.0,,,"{'Browsing': 0, 'Selection': 0, 'Review': 0, 'Confirmation': 0, 'Post-commit': 0}",decisive,U0185 made no changes to any decision.
U0186,4,"{'U0186_add_on': 3, 'U0186_plan': 1}",2,1.3333,2,0.75,128.0,Selection,"{'Browsing': 0, 'Selection': 2, 'Review': 2, 'Confirmation': 0, 'Post-commit': 0}",flip_flopper,"U0186 changed 'U0186_add_on' 3 times, 2 of them back to a previous choice, mostly at the Selection stage."
U0187,1,{'U0187_plan': 1},0,0.3333,1,1.0,1010.0,Post-commit,"{'Browsing': 0, 'Selection': 0, 'Review': 0, 'Confirmation': 0, 'Post-commit': 1}",late_reverser,U0187 reversed 1 decision(s) late in the funnel: 1 at Post-commit (out of 1 reversal(s) total).
U0188,0,{},0,0.0,0,0.0,,,"{'Browsing': 0, 'Selection': 0, 'Review': 0, 'Confirmation': 0, 'Post-commit': 0}",decisive,U0188 made no changes to any decision.
U0189,1,{'U0189_add_on': 1},0,0.3333,1,1.0,477.0,Confirmation,"{'Browsing': 0, 'Selection': 0, 'Review': 0, 'Confirmation': 1, 'Post-commit': 0}",late_reverser,U0189 reversed 1 decision(s) late in the funnel: 1 at Confirmation (out of 1 reversal(s) total).
U0190,9,"{'U0190_add_on': 4, 'U0190_plan': 3, 'U0190_payment_method': 2}",4,3.0,3,0.4444,179.56,Browsing,"{'Browsing': 6, 'Selection': 2, 'Review': 1, 'Confirmation': 0, 'Post-commit': 0}",chronic_indecisive,U0190 changed decisions broadly across 3 area(s) with an overall reversal rate of 3.00 changes per decision.
U0191,0,{},0,0.0,0,0.0,,,"{'Browsing': 0, 'Selection': 0, 'Review': 0, 'Confirmation': 0, 'Post-commit': 0}",decisive,U0191 made no changes to any decision.
U0192,8,"{'U0192_plan': 4, 'U0192_add_on': 2, 'U0192_payment_method': 2}",3,2.6667,3,0.5,172.5,Browsing,"{'Browsing': 6, 'Selection': 1, 'Review': 1, 'Confirmation': 0, 'Post-commit': 0}",chronic_indecisive,U0192 changed decisions broadly across 3 area(s) with an overall reversal rate of 2.67 changes per decision.
U0193,0,{},0,0.0,0,0.0,,,"{'Browsing': 0, 'Selection': 0, 'Review': 0, 'Confirmation': 0, 'Post-commit': 0}",decisive,U0193 made no changes to any decision.
U0194,1,{'U0194_payment_method': 1},0,0.3333,1,1.0,59.0,Review,"{'Browsing': 0, 'Selection': 0, 'Review': 1, 'Confirmation': 0, 'Post-commit': 0}",single_corrector,U0194 made a quick correction to 'U0194_payment_method' within 59 s (changed from 'credit_card' to 'debit_card') and did not look back.
U0195,1,{'U0195_payment_method': 1},0,0.3333,1,1.0,6.0,Selection,"{'Browsing': 0, 'Selection': 1, 'Review': 0, 'Confirmation': 0, 'Post-commit': 0}",single_corrector,U0195 made a quick correction to 'U0195_payment_method' within 6 s (changed from 'paypal' to 'crypto') and did not look back.
U0196,1,{'U0196_payment_method': 1},0,0.3333,1,1.0,9.0,Selection,"{'Browsing': 0, 'Selection': 1, 'Review': 0, 'Confirmation': 0, 'Post-commit': 0}",single_corrector,U0196 made a quick correction to 'U0196_payment_method' within 9 s (changed from 'crypto' to 'debit_card') and did not look back.
U0197,7,"{'U0197_add_on': 3, 'U0197_plan': 2, 'U0197_payment_method': 2}",1,2.3333,3,0.4286,234.29,Browsing,"{'Browsing': 3, 'Selection': 3, 'Review': 1, 'Confirmation': 0, 'Post-commit': 0}",chronic_indecisive,U0197 changed decisions broadly across 3 area(s) with an overall reversal rate of 2.33 changes per decision.
U0198,0,{},0,0.0,0,0.0,,,"{'Browsing': 0, 'Selection': 0, 'Review': 0, 'Confirmation': 0, 'Post-commit': 0}",decisive,U0198 made no changes to any decision.
U0199,0,{},0,0.0,0,0.0,,,"{'Browsing': 0, 'Selection': 0, 'Review': 0, 'Confirmation': 0, 'Post-commit': 0}",decisive,U0199 made no changes to any decision.
U0200,9,"{'U0200_add_on': 4, 'U0200_payment_method': 3, 'U0200_plan': 2}",2,3.0,3,0.4444,215.56,Browsing,"{'Browsing': 4, 'Selection': 4, 'Review': 1, 'Confirmation': 0, 'Post-commit': 0}",chronic_indecisive,U0200 changed decisions broadly across 3 area(s) with an overall reversal rate of 3.00 changes per decision.
